{"type": "FeatureCollection", "features": [{"type": "Feature", "geometry": {"type": "Polygon", "coordinates": [[[-5.91147, 36.75565], [-5.91111, 36.7566], [-5.90989, 36.7566], [-5.9072, 36.75396], [-5.90404, 36.75259], [-5.9037, 36.75208], [-5.90377, 36.75149], [-5.90423, 36.75104], [-5.90505, 36.75088], [-5.90779, 36.75167], [-5.91033, 36.75199], [-5.91072, 36.75246], [-5.91091, 36.75422], [-5.91147, 36.75565]]]}, "properties": {"id": "IN-20260929-001", "primera": "2026-09-29T13:40Z", "ultima": "2026-09-30T13:23Z", "n_focos": 6, "n_viirs": 6, "pasadas": 2, "satelites": ["NOAA-21"], "frp_max": 6.7, "frp_total": 37.2, "ha_focos": 47.5, "centro": [-5.90699, 36.75238], "bbox": [-5.91263, 36.75003, -5.90213, 36.75756], "natura": [], "cobertura": {"agricola": 1.0}, "lugar": {"municipio": "Arcos de la Frontera", "provincia": "Cádiz", "comunidad": "Andalucía"}, "lugar_focos": 6, "estado": "inactivo", "effis": [], "effis_ha": null, "perimeter_ha": 21.2, "steps": 2, "front_km": 1.65, "front_t": "2026-09-30T13:23Z", "max_growth_ha_h": 0.7, "progression": [{"t": "2026-09-29T13:40Z", "ha": 4.0, "pixels": 2, "frp": 11.3, "front_km": 0.71}, {"t": "2026-09-30T13:23Z", "ha": 21.2, "pixels": 4, "frp": 25.9, "front_km": 1.65, "growth_ha_h": 0.7}], "perimetro_s2": {"calculado": "2026-10-07T13:39Z", "definitivo": false, "ha": 0.0, "severidad": {"baja": 0.0, "moderada": 0.0, "alta": 0.0}, "imagenes": ["2026-10-02"], "fecha_antes": "2026-09-24", "fecha_despues": "2026-10-02", "una_imagen": 0.0, "cobertura": 0.0, "nublado": true, "natura": []}}}, {"type": "Feature", "geometry": {"type": "Polygon", "coordinates": [[[-4.37543, 41.87488], [-4.37528, 41.87561], [-4.37449, 41.87605], [-4.36991, 41.87583], [-4.36629, 41.87484], [-4.36555, 41.8738], [-4.36595, 41.87309], [-4.36825, 41.87192], [-4.37049, 41.86985], [-4.37152, 41.86958], [-4.37252, 41.87008], [-4.37341, 41.8725], [-4.37543, 41.87488]]]}, "properties": {"id": "IN-20260929-002", "primera": "2026-09-29T01:34Z", "ultima": "2026-09-30T12:40Z", "n_focos": 5, "n_viirs": 5, "pasadas": 3, "satelites": ["NOAA-20", "S-NPP"], "frp_max": 10.0, "frp_total": 20.1, "ha_focos": 73.6, "centro": [-4.37009, 41.87435], "bbox": [-4.37623, 41.8685, -4.36394, 41.87764], "natura": [], "cobertura": {"agricola": 0.8, "bosque": 0.2}, "lugar": {"municipio": "Valle de Cerrato", "provincia": "Palencia", "comunidad": "Castilla y León"}, "lugar_focos": 5, "estado": "inactivo", "effis": [], "effis_ha": null, "perimeter_ha": 34.4, "steps": 3, "front_km": 1.11, "front_t": "2026-09-30T12:40Z", "max_growth_ha_h": 10.3, "progression": [{"t": "2026-09-29T01:34Z", "ha": 10.3, "pixels": 2, "frp": 7.2, "front_km": 1.36}, {"t": "2026-09-29T02:56Z", "ha": 24.5, "pixels": 2, "frp": 3.0, "front_km": 1.82, "growth_ha_h": 10.3}, {"t": "2026-09-30T12:40Z", "ha": 34.4, "pixels": 1, "frp": 10.0, "front_km": 1.11, "growth_ha_h": 0.3}], "perimetro_s2": {"calculado": "2026-10-07T21:59Z", "definitivo": false, "ha": 2.5, "severidad": {"baja": 1.7, "moderada": 0.7, "alta": 0.1}, "imagenes": ["2026-10-02", "2026-10-07"], "fecha_antes": "2026-09-24", "fecha_despues": "2026-10-02", "una_imagen": 1.0, "cobertura": 1.0, "natura": []}}}, {"type": "Feature", "geometry": {"type": "Polygon", "coordinates": [[[-5.06224, 37.18256], [-5.06216, 37.18322], [-5.06048, 37.18577], [-5.05952, 37.18608], [-5.0586, 37.18569], [-5.05843, 37.18478], [-5.06016, 37.18214], [-5.06136, 37.18185], [-5.06224, 37.18256]]]}, "properties": {"id": "IN-20260929-003", "primera": "2026-09-29T12:55Z", "ultima": "2026-09-29T12:55Z", "n_focos": 4, "n_viirs": 4, "pasadas": 1, "satelites": ["NOAA-20"], "frp_max": 3.8, "frp_total": 14.1, "ha_focos": 32.2, "centro": [-5.06032, 37.18395], "bbox": [-5.06343, 37.18077, -5.05721, 37.18714], "natura": [], "cobertura": {"agricola": 1.0}, "lugar": {"municipio": "Osuna", "provincia": "Sevilla", "comunidad": "Andalucía"}, "lugar_focos": 4, "estado": "inactivo", "effis": [], "effis_ha": null, "perimeter_ha": 9.5, "steps": 1, "front_km": 1.25, "front_t": "2026-09-29T12:55Z", "max_growth_ha_h": null, "progression": [{"t": "2026-09-29T12:55Z", "ha": 9.5, "pixels": 4, "frp": 14.1, "front_km": 1.25}], "perimetro_s2": {"calculado": "2026-10-10T00:51Z", "definitivo": false, "ha": 5.3, "severidad": {"baja": 5.0, "moderada": 0.3, "alta": 0.0}, "imagenes": ["2026-10-01", "2026-10-02", "2026-10-07", "2026-10-09"], "fecha_antes": "2026-09-24", "fecha_despues": "2026-10-09", "una_imagen": 1.0, "cobertura": 1.0, "natura": []}}}, {"type": "Feature", "geometry": {"type": "Polygon", "coordinates": [[[-2.0035, 42.62505], [-2.00297, 42.62614], [-1.99924, 42.62775], [-1.9964, 42.62783], [-1.99562, 42.6274], [-1.99531, 42.62685], [-1.99545, 42.62614], [-1.9961, 42.62561], [-1.99903, 42.62499], [-2.00145, 42.62403], [-2.00284, 42.62424], [-2.0035, 42.62505]]]}, "properties": {"id": "IN-20260929-004", "primera": "2026-09-29T12:02Z", "ultima": "2026-09-29T12:02Z", "n_focos": 3, "n_viirs": 3, "pasadas": 1, "satelites": ["NOAA-21"], "frp_max": 26.9, "frp_total": 62.5, "ha_focos": 59.4, "centro": [-1.9994, 42.62595], "bbox": [-2.00472, 42.62234, -1.99409, 42.62956], "natura": [], "cobertura": {"agricola": 1.0}, "lugar": {"municipio": "Aberin", "provincia": "Navarra", "comunidad": "Navarra"}, "lugar_focos": 3, "estado": "inactivo", "effis": [], "effis_ha": null, "perimeter_ha": 17.8, "steps": 1, "front_km": 1.73, "front_t": "2026-09-29T12:02Z", "max_growth_ha_h": null, "progression": [{"t": "2026-09-29T12:02Z", "ha": 17.8, "pixels": 3, "frp": 62.5, "front_km": 1.73}], "perimetro_s2": {"calculado": "2026-10-10T00:51Z", "definitivo": false, "ha": 20.6, "severidad": {"baja": 20.4, "moderada": 0.2, "alta": 0.0}, "imagenes": ["2026-10-09"], "fecha_antes": "2026-09-24", "fecha_despues": "2026-10-09", "una_imagen": 1.0, "cobertura": 1.0, "natura": []}}}, {"type": "Feature", "geometry": {"type": "Polygon", "coordinates": [[[-3.00963, 43.30046], [-3.01741, 43.30046], [-3.01741, 43.30698], [-3.0082, 43.30681], [-3.0082, 43.30201], [-3.00963, 43.30201], [-3.00963, 43.30046]]]}, "properties": {"id": "IN-20260929-005", "primera": "2026-09-29T01:13Z", "ultima": "2026-09-29T01:34Z", "n_focos": 2, "n_viirs": 2, "pasadas": 2, "satelites": ["NOAA-20", "S-NPP"], "frp_max": 2.0, "frp_total": 3.7, "ha_focos": 51.5, "centro": [-3.0128, 43.30441], "bbox": [-3.01741, 43.30046, -3.0082, 43.30698], "natura": [], "cobertura": {"artificial": 1.0}, "lugar": {"municipio": "Valle de Trápaga", "provincia": "Vizcaya", "comunidad": "País Vasco"}, "lugar_focos": 2, "estado": "inactivo", "effis": [], "effis_ha": null}}, {"type": "Feature", "geometry": {"type": "Polygon", "coordinates": [[[-4.24739, 43.04543], [-4.24734, 43.03987], [-4.25214, 43.03987], [-4.25214, 43.04385], [-4.25157, 43.04385], [-4.25157, 43.04543], [-4.24739, 43.04543]]]}, "properties": {"id": "IN-20260929-006", "primera": "2026-09-29T01:34Z", "ultima": "2026-09-29T02:56Z", "n_focos": 2, "n_viirs": 2, "pasadas": 2, "satelites": ["NOAA-20", "S-NPP"], "frp_max": 2.9, "frp_total": 4.4, "ha_focos": 23.1, "centro": [-4.24974, 43.04186], "bbox": [-4.25214, 43.03987, -4.24734, 43.04543], "natura": [], "cobertura": {"matorral": 1.0}, "lugar": {"municipio": "Hermandad de Campoo de Suso", "provincia": "Cantabria", "comunidad": "Cantabria"}, "lugar_focos": 2, "estado": "inactivo", "effis": [{"id": 809689, "firedate": "2026-09-28T17:57Z", "area_ha": 2, "actualizado": "2026-10-05"}, {"id": 809683, "firedate": "2026-09-28T17:57Z", "area_ha": 3, "actualizado": "2026-10-05"}, {"id": 809690, "firedate": "2026-09-28T17:57Z", "area_ha": 0, "actualizado": "2026-10-05"}, {"id": 809691, "firedate": "2026-09-28T17:57Z", "area_ha": 0, "actualizado": "2026-10-05"}, {"id": 809682, "firedate": "2026-09-28T17:57Z", "area_ha": 6, "actualizado": "2026-10-05"}, {"id": 809681, "firedate": "2026-09-28T17:57Z", "area_ha": 2, "actualizado": "2026-10-05"}], "effis_ha": 13, "perimetro_s2": {"calculado": "2026-10-07T13:39Z", "definitivo": true, "ha": 6.2, "severidad": {"baja": 2.6, "moderada": 3.6, "alta": 0.0}, "imagenes": ["2026-10-02", "2026-10-04"], "fecha_antes": "2026-09-24", "fecha_despues": "2026-10-02", "una_imagen": 0.09, "cobertura": 1.0, "natura": []}}}, {"type": "Feature", "geometry": {"type": "Polygon", "coordinates": [[[-4.65276, 43.05239], [-4.65964, 43.05239], [-4.65964, 43.05627], [-4.65729, 43.05627], [-4.65729, 43.05824], [-4.65261, 43.05824], [-4.65276, 43.05239]]]}, "properties": {"id": "IN-20260929-007", "primera": "2026-09-29T02:56Z", "ultima": "2026-09-29T03:15Z", "n_focos": 2, "n_viirs": 2, "pasadas": 2, "satelites": ["NOAA-20", "S-NPP"], "frp_max": 1.2, "frp_total": 2.2, "ha_focos": 32.8, "centro": [-4.65613, 43.05459], "bbox": [-4.65964, 43.05239, -4.65261, 43.05824], "natura": [{"codigo": "ES0000198", "nombre": "Liébana", "tipo": "ZEPA", "ha": 32.8}, {"codigo": "ES1300001", "nombre": "Liébana", "tipo": "ZEC", "ha": 32.8}], "cobertura": {"matorral": 1.0}, "lugar": {"municipio": "Vega de Liébana", "provincia": "Cantabria", "comunidad": "Cantabria"}, "lugar_focos": 2, "estado": "inactivo", "effis": [], "effis_ha": null, "perimetro_s2": {"calculado": "2026-10-07T13:39Z", "definitivo": false, "ha": 6.6, "severidad": {"baja": 1.8, "moderada": 4.4, "alta": 0.4}, "imagenes": ["2026-10-02", "2026-10-04"], "fecha_antes": "2026-09-24", "fecha_despues": "2026-10-02", "una_imagen": 1.0, "cobertura": 0.83, "natura": [{"codigo": "ES0000198", "nombre": "Liébana", "tipo": "ZEPA", "ha": 6.3}, {"codigo": "ES1300001", "nombre": "Liébana", "tipo": "ZEC", "ha": 6.3}]}}}, {"type": "Feature", "geometry": {"type": "Polygon", "coordinates": [[[-4.36931, 37.835], [-4.36931, 37.83112], [-4.37579, 37.83112], [-4.37579, 37.83279], [-4.37699, 37.83279], [-4.37699, 37.83821], [-4.37233, 37.83821], [-4.37233, 37.835], [-4.36931, 37.835]]]}, "properties": {"id": "IN-20260929-008", "primera": "2026-09-29T12:38Z", "ultima": "2026-09-29T12:55Z", "n_focos": 2, "n_viirs": 2, "pasadas": 2, "satelites": ["NOAA-20", "S-NPP"], "frp_max": 5.0, "frp_total": 7.1, "ha_focos": 41.6, "centro": [-4.37315, 37.8339], "bbox": [-4.37699, 37.83112, -4.36931, 37.83821], "natura": [], "cobertura": {"agricola": 1.0}, "lugar": {"municipio": "Córdoba", "provincia": "Córdoba", "comunidad": "Andalucía"}, "lugar_focos": 2, "estado": "inactivo", "effis": [], "effis_ha": null}}, {"type": "Feature", "geometry": {"type": "Polygon", "coordinates": [[[-6.11034, 36.83746], [-6.11584, 36.83746], [-6.11584, 36.84108], [-6.11034, 36.84108], [-6.11034, 36.83746]]]}, "properties": {"id": "IN-20260929-009", "primera": "2026-09-29T13:40Z", "ultima": "2026-09-29T13:40Z", "n_focos": 2, "n_viirs": 2, "pasadas": 1, "satelites": ["NOAA-21"], "frp_max": 6.5, "frp_total": 13.0, "ha_focos": 19.6, "centro": [-6.11309, 36.83927], "bbox": [-6.11584, 36.83746, -6.11034, 36.84108], "natura": [], "cobertura": {"agricola": 1.0}, "lugar": {"municipio": "Jerez de la Frontera", "provincia": "Cádiz", "comunidad": "Andalucía"}, "lugar_focos": 2, "estado": "inactivo", "effis": [], "effis_ha": null}}, {"type": "Feature", "geometry": {"type": "Polygon", "coordinates": [[[-2.77096, 43.20527], [-2.77096, 43.20861], [-2.77602, 43.20861], [-2.77602, 43.20527], [-2.77096, 43.20527]]]}, "properties": {"id": "IN-20260929-010", "primera": "2026-09-29T02:17Z", "ultima": "2026-09-29T02:17Z", "n_focos": 1, "n_viirs": 1, "pasadas": 1, "satelites": ["NOAA-21"], "frp_max": 0.5, "frp_total": 0.5, "ha_focos": 15.2, "centro": [-2.77349, 43.20694], "bbox": [-2.77602, 43.20527, -2.77096, 43.20861], "natura": [], "cobertura": {"artificial": 1.0}, "lugar": {"municipio": "Lemona", "provincia": "Vizcaya", "comunidad": "País Vasco"}, "lugar_focos": 1, "estado": "inactivo", "effis": [], "effis_ha": null}}, {"type": "Feature", "geometry": {"type": "Polygon", "coordinates": [[[-3.99292, 37.93464], [-3.99292, 37.9445], [-4.00658, 37.9445], [-4.00658, 37.93464], [-3.99292, 37.93464]]]}, "properties": {"id": "IN-20260929-011", "primera": "2026-09-29T09:32Z", "ultima": "2026-09-29T09:32Z", "n_focos": 1, "n_viirs": 0, "pasadas": 1, "satelites": ["Terra"], "frp_max": 4.8, "frp_total": 4.8, "ha_focos": 130.8, "centro": [-3.99975, 37.93957], "bbox": [-4.00658, 37.93464, -3.99292, 37.9445], "natura": [], "cobertura": {"agricola": 1.0}, "lugar": {"municipio": "Lahiguera", "provincia": "Jaén", "comunidad": "Andalucía"}, "lugar_focos": 1, "estado": "inactivo", "effis": [], "effis_ha": null}}, {"type": "Feature", "geometry": {"type": "Polygon", "coordinates": [[[-0.33302, 39.27217], [-0.33302, 39.27805], [-0.3387, 39.27805], [-0.3387, 39.27217], [-0.33302, 39.27217]]]}, "properties": {"id": "IN-20260929-012", "primera": "2026-09-29T12:02Z", "ultima": "2026-09-29T12:02Z", "n_focos": 1, "n_viirs": 1, "pasadas": 1, "satelites": ["NOAA-21"], "frp_max": 10.6, "frp_total": 10.6, "ha_focos": 31.9, "centro": [-0.33586, 39.27511], "bbox": [-0.3387, 39.27217, -0.33302, 39.27805], "natura": [{"codigo": "ES0000023", "nombre": "L'Albufera", "tipo": "ZEC", "ha": 31.9}, {"codigo": "ES0000471", "nombre": "l'Albufera (ZEPA)", "tipo": "ZEPA", "ha": 31.9}], "cobertura": {"agricola": 1.0}, "lugar": {"municipio": "Sueca", "provincia": "Valencia", "comunidad": "Comunidad Valenciana"}, "lugar_focos": 1, "estado": "inactivo", "effis": [], "effis_ha": null, "perimetro_s2": {"calculado": "2026-10-09T02:10Z", "definitivo": false, "ha": 8.7, "severidad": {"baja": 8.7, "moderada": 0.0, "alta": 0.0}, "imagenes": ["2026-10-01", "2026-10-08"], "fecha_antes": "2026-09-11", "fecha_despues": "2026-10-08", "una_imagen": 0.81, "cobertura": 0.99, "natura": [{"codigo": "ES0000023", "nombre": "L'Albufera", "tipo": "ZEC", "ha": 8.3}, {"codigo": "ES0000471", "nombre": "l'Albufera (ZEPA)", "tipo": "ZEPA", "ha": 8.3}]}}}, {"type": "Feature", "geometry": {"type": "Polygon", "coordinates": [[[-0.2643, 39.21707], [-0.2643, 39.22133], [-0.26964, 39.22133], [-0.26964, 39.21707], [-0.2643, 39.21707]]]}, "properties": {"id": "IN-20260929-013", "primera": "2026-09-29T12:38Z", "ultima": "2026-09-29T12:38Z", "n_focos": 1, "n_viirs": 1, "pasadas": 1, "satelites": ["S-NPP"], "frp_max": 3.7, "frp_total": 3.7, "ha_focos": 21.6, "centro": [-0.26697, 39.2192], "bbox": [-0.26964, 39.21707, -0.2643, 39.22133], "natura": [{"codigo": "ES0000023", "nombre": "L'Albufera", "tipo": "ZEC", "ha": 21.6}, {"codigo": "ES0000471", "nombre": "l'Albufera (ZEPA)", "tipo": "ZEPA", "ha": 21.6}], "cobertura": {"agricola": 1.0}, "lugar": {"municipio": "Sueca", "provincia": "Valencia", "comunidad": "Comunidad Valenciana"}, "lugar_focos": 1, "estado": "inactivo", "effis": [], "effis_ha": null, "perimetro_s2": {"calculado": "2026-10-09T02:10Z", "definitivo": false, "ha": 41.0, "severidad": {"baja": 37.8, "moderada": 3.0, "alta": 0.0}, "imagenes": ["2026-10-08"], "fecha_antes": "2026-09-26", "fecha_despues": "2026-10-08", "una_imagen": 1.0, "cobertura": 0.85, "natura": [{"codigo": "ES0000023", "nombre": "L'Albufera", "tipo": "ZEC", "ha": 40.4}, {"codigo": "ES0000471", "nombre": "l'Albufera (ZEPA)", "tipo": "ZEPA", "ha": 40.4}]}}}, {"type": "Feature", "geometry": {"type": "Polygon", "coordinates": [[[-4.70216, 37.73185], [-4.70216, 37.73583], [-4.70658, 37.73583], [-4.70658, 37.73185], [-4.70216, 37.73185]]]}, "properties": {"id": "IN-20260929-014", "primera": "2026-09-29T12:55Z", "ultima": "2026-09-29T12:55Z", "n_focos": 1, "n_viirs": 1, "pasadas": 1, "satelites": ["NOAA-20"], "frp_max": 1.8, "frp_total": 1.8, "ha_focos": 17.2, "centro": [-4.70437, 37.73384], "bbox": [-4.70658, 37.73185, -4.70216, 37.73583], "natura": [], "cobertura": {"agricola": 1.0}, "lugar": {"municipio": "Córdoba", "provincia": "Córdoba", "comunidad": "Andalucía"}, "lugar_focos": 1, "estado": "inactivo", "effis": [], "effis_ha": null}}, {"type": "Feature", "geometry": {"type": "Polygon", "coordinates": [[[-1.24834, 40.45748], [-1.24834, 40.46082], [-1.25306, 40.46082], [-1.25306, 40.45748], [-1.24834, 40.45748]]]}, "properties": {"id": "IN-20260929-015", "primera": "2026-09-29T12:57Z", "ultima": "2026-09-29T12:57Z", "n_focos": 1, "n_viirs": 1, "pasadas": 1, "satelites": ["NOAA-20"], "frp_max": 6.3, "frp_total": 6.3, "ha_focos": 14.8, "centro": [-1.2507, 40.45915], "bbox": [-1.25306, 40.45748, -1.24834, 40.46082], "natura": [], "cobertura": {"agricola": 1.0}, "lugar": {"municipio": "Cella", "provincia": "Teruel", "comunidad": "Aragón"}, "lugar_focos": 1, "estado": "inactivo", "effis": [], "effis_ha": null}}, {"type": "Feature", "geometry": {"type": "Polygon", "coordinates": [[[-1.49284, 41.8253], [-1.49284, 41.82864], [-1.49766, 41.82864], [-1.49766, 41.8253], [-1.49284, 41.8253]]]}, "properties": {"id": "IN-20260929-016", "primera": "2026-09-29T12:57Z", "ultima": "2026-09-29T12:57Z", "n_focos": 1, "n_viirs": 1, "pasadas": 1, "satelites": ["NOAA-20"], "frp_max": 2.4, "frp_total": 2.4, "ha_focos": 14.8, "centro": [-1.49525, 41.82697], "bbox": [-1.49766, 41.8253, -1.49284, 41.82864], "natura": [], "cobertura": {"agroforestal": 1.0}, "lugar": {"municipio": "Albeta", "provincia": "Zaragoza", "comunidad": "Aragón"}, "lugar_focos": 1, "estado": "inactivo", "effis": [], "effis_ha": null}}, {"type": "Feature", "geometry": {"type": "Polygon", "coordinates": [[[-3.40952, 39.07488], [-3.40952, 39.07914], [-3.41496, 39.07914], [-3.41496, 39.07488], [-3.40952, 39.07488]]]}, "properties": {"id": "IN-20260929-017", "primera": "2026-09-29T13:42Z", "ultima": "2026-09-29T13:42Z", "n_focos": 1, "n_viirs": 1, "pasadas": 1, "satelites": ["NOAA-21"], "frp_max": 5.0, "frp_total": 5.0, "ha_focos": 22.1, "centro": [-3.41224, 39.07701], "bbox": [-3.41496, 39.07488, -3.40952, 39.07914], "natura": [], "cobertura": {"agricola": 1.0}, "lugar": {"municipio": "Manzanares", "provincia": "Ciudad Real", "comunidad": "Castilla-La Mancha"}, "lugar_focos": 1, "estado": "inactivo", "effis": [], "effis_ha": null}}, {"type": "Feature", "geometry": {"type": "Polygon", "coordinates": [[[-0.33009, 39.1802], [-0.33009, 39.18526], [-0.33403, 39.18526], [-0.33403, 39.1802], [-0.33009, 39.1802]]]}, "properties": {"id": "IN-20260929-018", "primera": "2026-09-29T13:42Z", "ultima": "2026-09-29T13:42Z", "n_focos": 1, "n_viirs": 1, "pasadas": 1, "satelites": ["NOAA-21"], "frp_max": 3.3, "frp_total": 3.3, "ha_focos": 19.0, "centro": [-0.33206, 39.18273], "bbox": [-0.33403, 39.1802, -0.33009, 39.18526], "natura": [], "cobertura": {"agricola": 1.0}, "lugar": {"municipio": "Riola", "provincia": "Valencia", "comunidad": "Comunidad Valenciana"}, "lugar_focos": 1, "estado": "inactivo", "effis": [], "effis_ha": null}}, {"type": "Feature", "geometry": {"type": "MultiPolygon", "coordinates": [[[[-5.62654, 38.34177], [-5.62648, 38.34272], [-5.62576, 38.34349], [-5.62435, 38.34401], [-5.62297, 38.34379], [-5.62225, 38.34323], [-5.62033, 38.34033], [-5.61832, 38.33897], [-5.61496, 38.33784], [-5.61334, 38.336], [-5.61168, 38.33478], [-5.61158, 38.33395], [-5.61219, 38.33347], [-5.61617, 38.33226], [-5.61795, 38.33272], [-5.61842, 38.33329], [-5.61893, 38.33626], [-5.62012, 38.33801], [-5.6226, 38.33979], [-5.62576, 38.34085], [-5.62654, 38.34177]]], [[[-5.61563, 38.31977], [-5.61441, 38.31896], [-5.61442, 38.31684], [-5.61379, 38.31472], [-5.61401, 38.31401], [-5.6148, 38.31364], [-5.6156, 38.31377], [-5.61611, 38.31426], [-5.61614, 38.31647], [-5.61677, 38.31859], [-5.61655, 38.3193], [-5.61563, 38.31977]]]]}, "properties": {"id": "IN-20260930-001", "primera": "2026-09-30T13:59Z", "ultima": "2026-10-02T14:27Z", "n_focos": 8, "n_viirs": 8, "pasadas": 4, "satelites": ["NOAA-20", "NOAA-21", "S-NPP"], "frp_max": 13.9, "frp_total": 58.1, "ha_focos": 145.6, "centro": [-5.62428, 38.34228], "bbox": [-5.62859, 38.31255, -5.61022, 38.34577], "natura": [{"codigo": "ES0000325", "nombre": "Campiña sur - Embalse de Arroyo Conejos", "tipo": "ZEPA", "ha": 47.2}], "cobertura": {"agricola": 1.0}, "lugar": {"municipio": "Granja de Torrehermosa", "provincia": "Badajoz", "comunidad": "Extremadura"}, "lugar_focos": 8, "estado": "inactivo", "effis": [], "effis_ha": null, "perimeter_ha": 64.1, "steps": 3, "front_km": 1.63, "front_t": "2026-10-02T14:27Z", "max_growth_ha_h": 27.1, "progression": [{"t": "2026-09-30T13:59Z", "ha": 11.6, "pixels": 2, "frp": 6.9, "front_km": 1.6}, {"t": "2026-10-02T13:23Z", "ha": 35.2, "pixels": 4, "frp": 25.4, "front_km": 1.94, "growth_ha_h": 0.5}, {"t": "2026-10-02T14:27Z", "ha": 64.1, "pixels": 2, "frp": 25.8, "front_km": 1.63, "growth_ha_h": 27.1}], "perimetro_s2": {"calculado": "2026-10-07T21:59Z", "definitivo": false, "ha": 41.0, "severidad": {"baja": 18.7, "moderada": 22.3, "alta": 0.0}, "imagenes": ["2026-10-02", "2026-10-07"], "fecha_antes": "2026-09-24", "fecha_despues": "2026-10-02", "una_imagen": 0.95, "cobertura": 1.0, "natura": [{"codigo": "ES0000325", "nombre": "Campiña sur - Embalse de Arroyo Conejos", "tipo": "ZEPA", "ha": 6.0}]}}}, {"type": "Feature", "geometry": {"type": "Polygon", "coordinates": [[[-4.7994, 36.5014], [-4.79913, 36.50226], [-4.7981, 36.50256], [-4.7941, 36.50154], [-4.79355, 36.50059], [-4.79401, 36.49997], [-4.79487, 36.4998], [-4.79877, 36.50078], [-4.7994, 36.5014]]]}, "properties": {"id": "IN-20260930-002", "primera": "2026-09-30T02:58Z", "ultima": "2026-09-30T02:58Z", "n_focos": 4, "n_viirs": 4, "pasadas": 1, "satelites": ["NOAA-20"], "frp_max": 0.6, "frp_total": 2.5, "ha_focos": 35.2, "centro": [-4.79649, 36.50118], "bbox": [-4.80006, 36.49824, -4.79291, 36.50412], "natura": [], "cobertura": {"artificial": 1.0}, "lugar": {"municipio": "Marbella", "provincia": "Málaga", "comunidad": "Andalucía"}, "lugar_focos": 4, "estado": "inactivo", "effis": [], "effis_ha": null, "perimeter_ha": 9.7, "steps": 1, "front_km": 1.33, "front_t": "2026-09-30T02:58Z", "max_growth_ha_h": null, "progression": [{"t": "2026-09-30T02:58Z", "ha": 9.7, "pixels": 4, "frp": 2.5, "front_km": 1.33}], "perimetro_s2": {"calculado": "2026-10-10T00:51Z", "definitivo": false, "ha": 0.0, "severidad": {"baja": 0.0, "moderada": 0.0, "alta": 0.0}, "imagenes": ["2026-10-01", "2026-10-02", "2026-10-09"], "fecha_antes": "2026-09-29", "fecha_despues": "2026-10-09", "una_imagen": 0.0, "cobertura": 1.0, "natura": []}}}, {"type": "Feature", "geometry": {"type": "Polygon", "coordinates": [[[-6.21184, 37.40006], [-6.21614, 37.40006], [-6.21614, 37.40332], [-6.21184, 37.40332], [-6.21184, 37.40006]]]}, "properties": {"id": "IN-20260930-003", "primera": "2026-09-30T13:23Z", "ultima": "2026-09-30T13:23Z", "n_focos": 2, "n_viirs": 2, "pasadas": 1, "satelites": ["NOAA-21"], "frp_max": 3.9, "frp_total": 7.7, "ha_focos": 13.7, "centro": [-6.21399, 37.40169], "bbox": [-6.21614, 37.40006, -6.21184, 37.40332], "natura": [], "cobertura": {"agricola": 1.0}, "lugar": {"municipio": "Sanlúcar la Mayor", "provincia": "Sevilla", "comunidad": "Andalucía"}, "lugar_focos": 2, "estado": "inactivo", "effis": [], "effis_ha": null}}, {"type": "Feature", "geometry": {"type": "Polygon", "coordinates": [[[1.03644, 41.10783], [1.03644, 41.11117], [1.03156, 41.11117], [1.03156, 41.10783], [1.03644, 41.10783]]]}, "properties": {"id": "IN-20260930-004", "primera": "2026-09-30T02:00Z", "ultima": "2026-09-30T02:00Z", "n_focos": 1, "n_viirs": 1, "pasadas": 1, "satelites": ["NOAA-21"], "frp_max": 1.4, "frp_total": 1.4, "ha_focos": 15.2, "centro": [1.034, 41.1095], "bbox": [1.03156, 41.10783, 1.03644, 41.11117], "natura": [], "cobertura": {"agricola": 1.0}, "lugar": {"municipio": "Cambrils", "provincia": "Tarragona", "comunidad": "Cataluña"}, "lugar_focos": 1, "estado": "inactivo", "effis": [], "effis_ha": null}}, {"type": "Feature", "geometry": {"type": "Polygon", "coordinates": [[[2.18765, 41.4725], [2.18765, 41.47594], [2.18249, 41.47594], [2.18249, 41.4725], [2.18765, 41.4725]]]}, "properties": {"id": "IN-20260930-005", "primera": "2026-09-30T02:00Z", "ultima": "2026-09-30T02:00Z", "n_focos": 1, "n_viirs": 1, "pasadas": 1, "satelites": ["NOAA-21"], "frp_max": 0.6, "frp_total": 0.6, "ha_focos": 16.3, "centro": [2.18507, 41.47422], "bbox": [2.18249, 41.4725, 2.18765, 41.47594], "natura": [], "cobertura": {"matorral": 1.0}, "lugar": {"municipio": "Montcada i Reixac", "provincia": "Barcelona", "comunidad": "Cataluña"}, "lugar_focos": 1, "estado": "inactivo", "effis": [], "effis_ha": null}}, {"type": "Feature", "geometry": {"type": "Polygon", "coordinates": [[[-5.68759, 43.14725], [-5.68759, 43.15131], [-5.69263, 43.15131], [-5.69263, 43.14725], [-5.68759, 43.14725]]]}, "properties": {"id": "IN-20260930-006", "primera": "2026-09-30T02:56Z", "ultima": "2026-09-30T02:56Z", "n_focos": 1, "n_viirs": 1, "pasadas": 1, "satelites": ["NOAA-20"], "frp_max": 0.8, "frp_total": 0.8, "ha_focos": 18.5, "centro": [-5.69011, 43.14928], "bbox": [-5.69263, 43.14725, -5.68759, 43.15131], "natura": [], "cobertura": {"matorral": 1.0}, "lugar": {"municipio": "Aller", "provincia": "Asturias", "comunidad": "Asturias"}, "lugar_focos": 1, "estado": "inactivo", "effis": [], "effis_ha": null}}, {"type": "Feature", "geometry": {"type": "Polygon", "coordinates": [[[-5.5587, 38.32355], [-5.5587, 38.32681], [-5.56316, 38.32681], [-5.56316, 38.32355], [-5.5587, 38.32355]]]}, "properties": {"id": "IN-20260930-007", "primera": "2026-09-30T13:23Z", "ultima": "2026-09-30T13:23Z", "n_focos": 1, "n_viirs": 1, "pasadas": 1, "satelites": ["NOAA-21"], "frp_max": 3.9, "frp_total": 3.9, "ha_focos": 14.0, "centro": [-5.56093, 38.32518], "bbox": [-5.56316, 38.32355, -5.5587, 38.32681], "natura": [], "cobertura": {"agricola": 1.0}, "lugar": {"municipio": "Fuente Obejuna", "provincia": "Córdoba", "comunidad": "Andalucía"}, "lugar_focos": 1, "estado": "inactivo", "effis": [], "effis_ha": null}}, {"type": "Feature", "geometry": {"type": "Polygon", "coordinates": [[[-5.78942, 38.32358], [-5.78942, 38.32684], [-5.79388, 38.32684], [-5.79388, 38.32358], [-5.78942, 38.32358]]]}, "properties": {"id": "IN-20260930-008", "primera": "2026-09-30T13:23Z", "ultima": "2026-09-30T13:23Z", "n_focos": 1, "n_viirs": 1, "pasadas": 1, "satelites": ["NOAA-21"], "frp_max": 4.4, "frp_total": 4.4, "ha_focos": 14.0, "centro": [-5.79165, 38.32521], "bbox": [-5.79388, 38.32358, -5.78942, 38.32684], "natura": [{"codigo": "ES0000325", "nombre": "Campiña sur - Embalse de Arroyo Conejos", "tipo": "ZEPA", "ha": 8.9}], "cobertura": {"agricola": 1.0}, "lugar": {"municipio": "Berlanga", "provincia": "Badajoz", "comunidad": "Extremadura"}, "lugar_focos": 1, "estado": "inactivo", "effis": [], "effis_ha": null, "perimetro_s2": {"calculado": "2026-10-07T21:59Z", "definitivo": false, "ha": 8.6, "severidad": {"baja": 8.6, "moderada": 0.0, "alta": 0.0}, "imagenes": ["2026-10-02", "2026-10-07"], "fecha_antes": "2026-09-27", "fecha_despues": "2026-10-07", "una_imagen": 0.74, "cobertura": 0.97, "natura": [{"codigo": "ES0000325", "nombre": "Campiña sur - Embalse de Arroyo Conejos", "tipo": "ZEPA", "ha": 8.4}]}}}, {"type": "Feature", "geometry": {"type": "Polygon", "coordinates": [[[-5.78778, 38.35439], [-5.78778, 38.35765], [-5.79224, 38.35765], [-5.79224, 38.35439], [-5.78778, 38.35439]]]}, "properties": {"id": "IN-20260930-009", "primera": "2026-09-30T13:23Z", "ultima": "2026-09-30T13:23Z", "n_focos": 1, "n_viirs": 1, "pasadas": 1, "satelites": ["NOAA-21"], "frp_max": 2.5, "frp_total": 2.5, "ha_focos": 14.0, "centro": [-5.79001, 38.35602], "bbox": [-5.79224, 38.35439, -5.78778, 38.35765], "natura": [{"codigo": "ES0000325", "nombre": "Campiña sur - Embalse de Arroyo Conejos", "tipo": "ZEPA", "ha": 14.0}], "cobertura": {"agricola": 1.0}, "lugar": {"municipio": "Maguilla", "provincia": "Badajoz", "comunidad": "Extremadura"}, "lugar_focos": 1, "estado": "inactivo", "effis": [], "effis_ha": null, "perimetro_s2": {"calculado": "2026-10-07T21:59Z", "definitivo": false, "ha": 3.6, "severidad": {"baja": 3.6, "moderada": 0.0, "alta": 0.0}, "imagenes": ["2026-10-02", "2026-10-07"], "fecha_antes": "2026-09-27", "fecha_despues": "2026-10-07", "una_imagen": 1.0, "cobertura": 1.0, "natura": [{"codigo": "ES0000325", "nombre": "Campiña sur - Embalse de Arroyo Conejos", "tipo": "ZEPA", "ha": 3.6}]}}}, {"type": "Feature", "geometry": {"type": "Polygon", "coordinates": [[[-5.83866, 38.3239], [-5.83866, 38.32788], [-5.84324, 38.32788], [-5.84324, 38.3239], [-5.83866, 38.3239]]]}, "properties": {"id": "IN-20260930-010", "primera": "2026-09-30T13:59Z", "ultima": "2026-09-30T13:59Z", "n_focos": 1, "n_viirs": 1, "pasadas": 1, "satelites": ["S-NPP"], "frp_max": 5.6, "frp_total": 5.6, "ha_focos": 17.6, "centro": [-5.84095, 38.32589], "bbox": [-5.84324, 38.3239, -5.83866, 38.32788], "natura": [{"codigo": "ES0000325", "nombre": "Campiña sur - Embalse de Arroyo Conejos", "tipo": "ZEPA", "ha": 17.6}], "cobertura": {"agricola": 1.0}, "lugar": {"municipio": "Berlanga", "provincia": "Badajoz", "comunidad": "Extremadura"}, "lugar_focos": 1, "estado": "inactivo", "effis": [], "effis_ha": null, "perimetro_s2": {"calculado": "2026-10-07T21:59Z", "definitivo": false, "ha": 18.6, "severidad": {"baja": 8.2, "moderada": 10.4, "alta": 0.0}, "imagenes": ["2026-10-02", "2026-10-07"], "fecha_antes": "2026-09-24", "fecha_despues": "2026-10-07", "una_imagen": 0.97, "cobertura": 1.0, "natura": [{"codigo": "ES0000325", "nombre": "Campiña sur - Embalse de Arroyo Conejos", "tipo": "ZEPA", "ha": 18.7}]}}}, {"type": "Feature", "geometry": {"type": "Polygon", "coordinates": [[[-5.58653, 37.56751], [-5.58625, 37.56862], [-5.58429, 37.57072], [-5.58335, 37.57345], [-5.58292, 37.57391], [-5.57856, 37.57365], [-5.57723, 37.5733], [-5.57675, 37.57288], [-5.57671, 37.5723], [-5.5778, 37.57019], [-5.57813, 37.56786], [-5.57866, 37.56728], [-5.58455, 37.56608], [-5.58586, 37.56652], [-5.58653, 37.56751]]]}, "properties": {"id": "IN-20261001-001", "primera": "2026-10-01T01:41Z", "ultima": "2026-10-01T03:21Z", "n_focos": 7, "n_viirs": 7, "pasadas": 4, "satelites": ["NOAA-20", "NOAA-21", "S-NPP"], "frp_max": 4.6, "frp_total": 13.0, "ha_focos": 106.4, "centro": [-5.58264, 37.56817], "bbox": [-5.58859, 37.56432, -5.57547, 37.57487], "natura": [], "cobertura": {"agricola": 1.0}, "lugar": {"municipio": "Carmona", "provincia": "Sevilla", "comunidad": "Andalucía"}, "lugar_focos": 7, "estado": "inactivo", "effis": [], "effis_ha": null, "perimeter_ha": 50.1, "steps": 2, "front_km": 1.35, "front_t": "2026-10-01T03:21Z", "max_growth_ha_h": 8.9, "progression": [{"t": "2026-10-01T01:41Z", "ha": 35.1, "pixels": 6, "frp": 11.7, "front_km": 2.33}, {"t": "2026-10-01T03:21Z", "ha": 50.1, "pixels": 1, "frp": 1.3, "front_km": 1.35, "growth_ha_h": 8.9}], "perimetro_s2": {"calculado": "2026-10-07T21:59Z", "definitivo": true, "ha": 0.0, "severidad": {"baja": 0.0, "moderada": 0.0, "alta": 0.0}, "imagenes": ["2026-10-02", "2026-10-07"], "fecha_antes": "2026-09-24", "fecha_despues": "2026-10-07", "una_imagen": 0.0, "cobertura": 1.0, "natura": []}}}, {"type": "Feature", "geometry": {"type": "Polygon", "coordinates": [[[-3.10607, 39.04082], [-3.10587, 39.04144], [-3.10372, 39.04317], [-3.1023, 39.04547], [-3.1016, 39.0458], [-3.1008, 39.04564], [-3.09804, 39.04387], [-3.09554, 39.04313], [-3.09503, 39.04253], [-3.09523, 39.04191], [-3.0976, 39.03993], [-3.09901, 39.03772], [-3.10395, 39.03682], [-3.10508, 39.03729], [-3.10535, 39.03905], [-3.10607, 39.04082]]]}, "properties": {"id": "IN-20261001-002", "primera": "2026-10-01T09:11Z", "ultima": "2026-10-01T13:04Z", "n_focos": 7, "n_viirs": 6, "pasadas": 2, "satelites": ["NOAA-21", "Terra"], "frp_max": 16.4, "frp_total": 79.2, "ha_focos": 83.9, "centro": [-3.10055, 39.04167], "bbox": [-3.10727, 39.03602, -3.09383, 39.0466], "natura": [], "cobertura": {"agroforestal": 0.71, "agricola": 0.29}, "lugar": {"municipio": "Argamasilla de Alba", "provincia": "Ciudad Real", "comunidad": "Castilla-La Mancha"}, "lugar_focos": 7, "estado": "inactivo", "effis": [], "effis_ha": null, "perimeter_ha": 56.1, "steps": 1, "front_km": 3.01, "front_t": "2026-10-01T13:04Z", "max_growth_ha_h": null, "progression": [{"t": "2026-10-01T13:04Z", "ha": 56.1, "pixels": 6, "frp": 71.8, "front_km": 3.01}], "perimetro_s2": {"calculado": "2026-10-10T00:51Z", "definitivo": false, "ha": 0.0, "severidad": {"baja": 0.0, "moderada": 0.0, "alta": 0.0}, "imagenes": ["2026-10-01", "2026-10-09"], "fecha_antes": "2026-09-24", "fecha_despues": "2026-10-09", "una_imagen": 0.0, "cobertura": 1.0, "natura": []}}}, {"type": "Feature", "geometry": {"type": "Polygon", "coordinates": [[[-1.62457, 42.62402], [-1.62435, 42.62485], [-1.62348, 42.62524], [-1.61837, 42.62469], [-1.61576, 42.62517], [-1.61299, 42.62616], [-1.61207, 42.62583], [-1.61173, 42.62522], [-1.61207, 42.62451], [-1.61477, 42.62257], [-1.61639, 42.61992], [-1.61726, 42.61953], [-1.61972, 42.61955], [-1.62251, 42.61907], [-1.62347, 42.61933], [-1.6239, 42.61992], [-1.62384, 42.62192], [-1.62457, 42.62402]]]}, "properties": {"id": "IN-20261001-003", "primera": "2026-10-01T09:09Z", "ultima": "2026-10-01T13:42Z", "n_focos": 6, "n_viirs": 4, "pasadas": 2, "satelites": ["S-NPP", "Terra"], "frp_max": 22.0, "frp_total": 53.6, "ha_focos": 77.3, "centro": [-1.62002, 42.62029], "bbox": [-1.62584, 42.61798, -1.6105, 42.62725], "natura": [], "cobertura": {"agricola": 1.0}, "lugar": {"municipio": "Olóriz", "provincia": "Navarra", "comunidad": "Navarra"}, "lugar_focos": 6, "estado": "inactivo", "effis": [], "effis_ha": null, "perimeter_ha": 49.4, "steps": 1, "front_km": 3.09, "front_t": "2026-10-01T13:42Z", "max_growth_ha_h": null, "progression": [{"t": "2026-10-01T13:42Z", "ha": 49.4, "pixels": 4, "frp": 25.4, "front_km": 3.09}], "perimetro_s2": {"calculado": "2026-10-10T00:51Z", "definitivo": false, "ha": 37.4, "severidad": {"baja": 35.1, "moderada": 2.4, "alta": 0.0}, "imagenes": ["2026-10-04", "2026-10-09"], "fecha_antes": "2026-09-24", "fecha_despues": "2026-10-09", "una_imagen": 1.0, "cobertura": 1.0, "natura": []}}}, {"type": "Feature", "geometry": {"type": "Polygon", "coordinates": [[[-1.48866, 38.25134], [-1.48846, 38.2521], [-1.48766, 38.2524], [-1.48587, 38.2513], [-1.48465, 38.24856], [-1.48494, 38.24764], [-1.48616, 38.24724], [-1.48766, 38.24779], [-1.48866, 38.25134]]]}, "properties": {"id": "IN-20261001-004", "primera": "2026-10-01T09:11Z", "ultima": "2026-10-01T13:40Z", "n_focos": 6, "n_viirs": 4, "pasadas": 4, "satelites": ["NOAA-20", "NOAA-21", "S-NPP", "Terra"], "frp_max": 10.9, "frp_total": 49.0, "ha_focos": 38.7, "centro": [-1.48635, 38.24831], "bbox": [-1.48983, 38.24563, -1.48368, 38.25321], "natura": [], "cobertura": {"agricola": 1.0}, "lugar": {"municipio": "Cieza", "provincia": "Región de Murcia", "comunidad": "Región de Murcia"}, "lugar_focos": 6, "estado": "inactivo", "effis": [], "effis_ha": null, "perimeter_ha": 13.1, "steps": 2, "front_km": 1.48, "front_t": "2026-10-01T13:40Z", "max_growth_ha_h": 0.8, "progression": [{"t": "2026-10-01T12:19Z", "ha": 12.1, "pixels": 3, "frp": 25.7, "front_km": 1.48}, {"t": "2026-10-01T13:40Z", "ha": 13.1, "pixels": 1, "frp": 10.9, "front_km": 1.48, "growth_ha_h": 0.8}], "perimetro_s2": {"calculado": "2026-10-09T02:10Z", "definitivo": false, "ha": 3.3, "severidad": {"baja": 2.4, "moderada": 0.7, "alta": 0.2}, "imagenes": ["2026-10-01", "2026-10-08"], "fecha_antes": "2026-09-26", "fecha_despues": "2026-10-08", "una_imagen": 1.0, "cobertura": 1.0, "natura": []}}}, {"type": "Feature", "geometry": {"type": "Polygon", "coordinates": [[[-4.92538, 39.92237], [-4.92516, 39.92324], [-4.92417, 39.92351], [-4.92197, 39.92298], [-4.91924, 39.92281], [-4.91866, 39.92244], [-4.91843, 39.92173], [-4.91888, 39.92099], [-4.92042, 39.92004], [-4.92127, 39.91991], [-4.92538, 39.92237]]]}, "properties": {"id": "IN-20261001-005", "primera": "2026-10-01T01:41Z", "ultima": "2026-10-01T02:38Z", "n_focos": 4, "n_viirs": 4, "pasadas": 3, "satelites": ["NOAA-20", "NOAA-21", "S-NPP"], "frp_max": 2.7, "frp_total": 6.9, "ha_focos": 40.3, "centro": [-4.92187, 39.92247], "bbox": [-4.92667, 39.91907, -4.91706, 39.92433], "natura": [], "cobertura": {"agricola": 1.0}, "lugar": {"municipio": "Calera y Chozas", "provincia": "Toledo", "comunidad": "Castilla-La Mancha"}, "lugar_focos": 4, "estado": "inactivo", "effis": [], "effis_ha": null, "perimeter_ha": 14.6, "steps": 1, "front_km": 1.56, "front_t": "2026-10-01T01:41Z", "max_growth_ha_h": null, "progression": [{"t": "2026-10-01T01:41Z", "ha": 14.6, "pixels": 4, "frp": 6.9, "front_km": 1.56}], "perimetro_s2": {"calculado": "2026-10-07T21:59Z", "definitivo": false, "ha": 3.2, "severidad": {"baja": 3.2, "moderada": 0.0, "alta": 0.0}, "imagenes": ["2026-10-02", "2026-10-07"], "fecha_antes": "2026-09-24", "fecha_despues": "2026-10-02", "una_imagen": 1.0, "cobertura": 1.0, "natura": []}}}, {"type": "Feature", "geometry": {"type": "Polygon", "coordinates": [[[-5.39884, 37.09657], [-5.39863, 37.0974], [-5.39779, 37.09815], [-5.39345, 37.09896], [-5.39184, 37.09863], [-5.39097, 37.09733], [-5.39118, 37.0965], [-5.39202, 37.09575], [-5.39636, 37.09494], [-5.39797, 37.09527], [-5.39884, 37.09657]]]}, "properties": {"id": "IN-20261001-006", "primera": "2026-10-01T03:21Z", "ultima": "2026-10-01T03:21Z", "n_focos": 4, "n_viirs": 4, "pasadas": 1, "satelites": ["NOAA-21"], "frp_max": 4.7, "frp_total": 16.8, "ha_focos": 86.5, "centro": [-5.3949, 37.09695], "bbox": [-5.40102, 37.09318, -5.38879, 37.10072], "natura": [], "cobertura": {"matorral": 0.5, "agricola": 0.5}, "lugar": {"municipio": "Morón de la Frontera", "provincia": "Sevilla", "comunidad": "Andalucía"}, "lugar_focos": 4, "estado": "inactivo", "effis": [], "effis_ha": null, "perimeter_ha": 23.4, "steps": 1, "front_km": 1.85, "front_t": "2026-10-01T03:21Z", "max_growth_ha_h": null, "progression": [{"t": "2026-10-01T03:21Z", "ha": 23.4, "pixels": 4, "frp": 16.8, "front_km": 1.85}], "perimetro_s2": {"calculado": "2026-10-10T00:51Z", "definitivo": true, "ha": 0.0, "severidad": {"baja": 0.0, "moderada": 0.0, "alta": 0.0}, "imagenes": ["2026-10-02", "2026-10-07", "2026-10-09"], "fecha_antes": "2026-09-29", "fecha_despues": "2026-10-09", "una_imagen": 0.0, "cobertura": 1.0, "natura": []}}}, {"type": "Feature", "geometry": {"type": "Polygon", "coordinates": [[[-1.04986, 38.17303], [-1.04986, 38.17701], [-1.05444, 38.17701], [-1.05444, 38.17303], [-1.04986, 38.17303]]]}, "properties": {"id": "IN-20261001-007", "primera": "2026-10-01T04:57Z", "ultima": "2026-10-01T13:40Z", "n_focos": 4, "n_viirs": 1, "pasadas": 3, "satelites": ["Aqua", "S-NPP", "Terra"], "frp_max": 52.6, "frp_total": 67.0, "ha_focos": 17.6, "centro": [-1.05215, 38.17502], "bbox": [-1.05444, 38.17303, -1.04986, 38.17701], "natura": [], "cobertura": {"agricola": 0.5, "artificial": 0.5}, "lugar": {"municipio": "Abanilla", "provincia": "Región de Murcia", "comunidad": "Región de Murcia"}, "lugar_focos": 4, "estado": "inactivo", "effis": [], "effis_ha": null, "perimetro_s2": {"calculado": "2026-10-09T02:10Z", "definitivo": false, "ha": 0.0, "severidad": {"baja": 0.0, "moderada": 0.0, "alta": 0.0}, "imagenes": ["2026-10-01", "2026-10-08"], "fecha_antes": "2026-09-26", "fecha_despues": "2026-10-08", "una_imagen": 1.0, "cobertura": 1.0, "natura": []}}}, {"type": "Feature", "geometry": {"type": "Polygon", "coordinates": [[[-4.87081, 39.97761], [-4.87077, 39.97829], [-4.87, 39.97878], [-4.86778, 39.97894], [-4.86023, 39.98052], [-4.85937, 39.98035], [-4.85891, 39.97976], [-4.85946, 39.97886], [-4.8626, 39.97827], [-4.86474, 39.97732], [-4.86646, 39.97594], [-4.8678, 39.97399], [-4.86845, 39.97365], [-4.86923, 39.97371], [-4.86978, 39.97414], [-4.87006, 39.97588], [-4.87081, 39.97761]]]}, "properties": {"id": "IN-20261001-008", "primera": "2026-10-01T13:04Z", "ultima": "2026-10-01T13:04Z", "n_focos": 4, "n_viirs": 4, "pasadas": 1, "satelites": ["NOAA-21"], "frp_max": 10.4, "frp_total": 25.1, "ha_focos": 63.2, "centro": [-4.8673, 39.97749], "bbox": [-4.87218, 39.9728, -4.8576, 39.98135], "natura": [], "cobertura": {"agricola": 1.0}, "lugar": {"municipio": "Talavera de la Reina", "provincia": "Toledo", "comunidad": "Castilla-La Mancha"}, "lugar_focos": 4, "estado": "inactivo", "effis": [], "effis_ha": null, "perimeter_ha": 30.8, "steps": 1, "front_km": 2.85, "front_t": "2026-10-01T13:04Z", "max_growth_ha_h": null, "progression": [{"t": "2026-10-01T13:04Z", "ha": 30.8, "pixels": 4, "frp": 25.1, "front_km": 2.85}], "perimetro_s2": {"calculado": "2026-10-07T21:59Z", "definitivo": false, "ha": 4.5, "severidad": {"baja": 3.5, "moderada": 1.0, "alta": 0.0}, "imagenes": ["2026-10-02", "2026-10-07"], "fecha_antes": "2026-09-24", "fecha_despues": "2026-10-02", "una_imagen": 0.99, "cobertura": 1.0, "natura": []}}}, {"type": "Feature", "geometry": {"type": "Polygon", "coordinates": [[[-5.071, 37.60271], [-5.07107, 37.6046], [-5.07018, 37.60524], [-5.06929, 37.60503], [-5.06739, 37.60321], [-5.06763, 37.60245], [-5.06847, 37.60204], [-5.07027, 37.60218], [-5.071, 37.60271]]]}, "properties": {"id": "IN-20261001-009", "primera": "2026-10-01T02:19Z", "ultima": "2026-10-01T02:38Z", "n_focos": 3, "n_viirs": 3, "pasadas": 2, "satelites": ["NOAA-20", "S-NPP"], "frp_max": 0.9, "frp_total": 2.3, "ha_focos": 30.3, "centro": [-5.06925, 37.6031], "bbox": [-5.07273, 37.60121, -5.06577, 37.60606], "natura": [], "cobertura": {"agricola": 1.0}, "lugar": {"municipio": "Écija", "provincia": "Sevilla", "comunidad": "Andalucía"}, "lugar_focos": 3, "estado": "inactivo", "effis": [], "effis_ha": null, "perimeter_ha": 8.8, "steps": 1, "front_km": 1.1, "front_t": "2026-10-01T02:19Z", "max_growth_ha_h": null, "progression": [{"t": "2026-10-01T02:19Z", "ha": 8.8, "pixels": 3, "frp": 2.3, "front_km": 1.1}], "perimetro_s2": {"calculado": "2026-10-10T00:51Z", "definitivo": true, "ha": 21.6, "severidad": {"baja": 4.8, "moderada": 16.8, "alta": 0.0}, "imagenes": ["2026-10-01", "2026-10-02", "2026-10-07", "2026-10-09"], "fecha_antes": "2026-09-29", "fecha_despues": "2026-10-09", "una_imagen": 0.0, "cobertura": 1.0, "natura": []}}}, {"type": "Feature", "geometry": {"type": "Polygon", "coordinates": [[[-1.34142, 37.74647], [-1.34142, 37.74973], [-1.34574, 37.74973], [-1.34574, 37.74647], [-1.34142, 37.74647]]]}, "properties": {"id": "IN-20261001-010", "primera": "2026-10-01T09:11Z", "ultima": "2026-10-01T13:04Z", "n_focos": 3, "n_viirs": 1, "pasadas": 2, "satelites": ["NOAA-21", "Terra"], "frp_max": 10.0, "frp_total": 23.7, "ha_focos": 13.7, "centro": [-1.34358, 37.7481], "bbox": [-1.34574, 37.74647, -1.34142, 37.74973], "natura": [], "cobertura": {"agricola": 1.0}, "lugar": {"municipio": "Alhama de Murcia", "provincia": "Región de Murcia", "comunidad": "Región de Murcia"}, "lugar_focos": 3, "estado": "inactivo", "effis": [], "effis_ha": null, "perimetro_s2": {"calculado": "2026-10-07T13:39Z", "definitivo": false, "ha": 1.2, "severidad": {"baja": 0.5, "moderada": 0.5, "alta": 0.2}, "imagenes": ["2026-10-01"], "fecha_antes": "2026-09-26", "fecha_despues": "2026-10-01", "una_imagen": 1.0, "cobertura": 1.0, "natura": []}}}, {"type": "Feature", "geometry": {"type": "Polygon", "coordinates": [[[-1.48723, 38.39674], [-1.49159, 38.39674], [-1.49159, 38.4], [-1.48991, 38.4], [-1.48991, 38.40424], [-1.48533, 38.40424], [-1.48533, 38.39882], [-1.48723, 38.39882], [-1.48723, 38.39674]]]}, "properties": {"id": "IN-20261001-011", "primera": "2026-10-01T09:11Z", "ultima": "2026-10-01T13:04Z", "n_focos": 3, "n_viirs": 2, "pasadas": 3, "satelites": ["NOAA-20", "NOAA-21", "Terra"], "frp_max": 8.6, "frp_total": 15.7, "ha_focos": 34.6, "centro": [-1.48762, 38.40212], "bbox": [-1.49159, 38.39674, -1.48533, 38.40424], "natura": [], "cobertura": {"agricola": 1.0}, "lugar": {"municipio": "Hellín", "provincia": "Albacete", "comunidad": "Castilla-La Mancha"}, "lugar_focos": 3, "estado": "inactivo", "effis": [], "effis_ha": null, "perimetro_s2": {"calculado": "2026-10-09T02:10Z", "definitivo": false, "ha": 1.1, "severidad": {"baja": 0.7, "moderada": 0.3, "alta": 0.1}, "imagenes": ["2026-10-01", "2026-10-08"], "fecha_antes": "2026-09-26", "fecha_despues": "2026-10-08", "una_imagen": 1.0, "cobertura": 1.0, "natura": []}}}, {"type": "Feature", "geometry": {"type": "MultiPolygon", "coordinates": [[[[-6.05058, 42.57198], [-6.05041, 42.57281], [-6.04938, 42.57318], [-6.04671, 42.57189], [-6.0495, 42.57138], [-6.05058, 42.57198]]], [[[-6.04106, 42.57109], [-6.03641, 42.57173], [-6.03339, 42.5725], [-6.03252, 42.57226], [-6.03212, 42.57164], [-6.03236, 42.57107], [-6.03292, 42.57076], [-6.03525, 42.57057], [-6.03827, 42.5698], [-6.04106, 42.57109]]]]}, "properties": {"id": "IN-20261001-012", "primera": "2026-10-01T13:04Z", "ultima": "2026-10-01T13:04Z", "n_focos": 3, "n_viirs": 3, "pasadas": 1, "satelites": ["NOAA-21"], "frp_max": 6.8, "frp_total": 19.6, "ha_focos": 47.6, "centro": [-6.03583, 42.57115], "bbox": [-6.052, 42.56898, -6.03077, 42.574], "natura": [], "cobertura": {"agricola": 0.67, "matorral": 0.33}, "lugar": {"municipio": "Villamejil", "provincia": "León", "comunidad": "Castilla y León"}, "lugar_focos": 3, "estado": "inactivo", "effis": [], "effis_ha": null, "perimeter_ha": 14.7, "steps": 1, "front_km": 2.48, "front_t": "2026-10-01T13:04Z", "max_growth_ha_h": null, "progression": [{"t": "2026-10-01T13:04Z", "ha": 14.7, "pixels": 3, "frp": 19.6, "front_km": 2.48}], "perimetro_s2": {"calculado": "2026-10-07T21:59Z", "definitivo": true, "ha": 0.0, "severidad": {"baja": 0.0, "moderada": 0.0, "alta": 0.0}, "imagenes": ["2026-10-02", "2026-10-04", "2026-10-05", "2026-10-07"], "fecha_antes": "2026-09-24", "fecha_despues": "2026-10-02", "una_imagen": 0.0, "cobertura": 1.0, "natura": []}}}, {"type": "Feature", "geometry": {"type": "Polygon", "coordinates": [[[-5.60638, 40.73638], [-5.60638, 40.73698], [-5.60587, 40.73745], [-5.60387, 40.73754], [-5.60126, 40.73571], [-5.601, 40.73471], [-5.60184, 40.73392], [-5.60304, 40.73388], [-5.60638, 40.73638]]]}, "properties": {"id": "IN-20261001-013", "primera": "2026-10-01T13:40Z", "ultima": "2026-10-01T13:59Z", "n_focos": 3, "n_viirs": 3, "pasadas": 2, "satelites": ["NOAA-20", "S-NPP"], "frp_max": 8.1, "frp_total": 17.4, "ha_focos": 42.6, "centro": [-5.6035, 40.73613], "bbox": [-5.60776, 40.73269, -5.59925, 40.73873], "natura": [], "cobertura": {"matorral": 1.0}, "lugar": {"municipio": "Sieteiglesias de Tormes", "provincia": "Salamanca", "comunidad": "Castilla y León"}, "lugar_focos": 3, "estado": "inactivo", "effis": [], "effis_ha": null, "perimeter_ha": 12.0, "steps": 1, "front_km": 1.34, "front_t": "2026-10-01T13:40Z", "max_growth_ha_h": null, "progression": [{"t": "2026-10-01T13:40Z", "ha": 12.0, "pixels": 3, "frp": 17.4, "front_km": 1.34}], "perimetro_s2": {"calculado": "2026-10-07T13:39Z", "definitivo": false, "ha": 0.0, "severidad": {"baja": 0.0, "moderada": 0.0, "alta": 0.0}, "imagenes": ["2026-10-02"], "fecha_antes": "2026-09-24", "fecha_despues": "2026-10-02", "una_imagen": 0.0, "cobertura": 0.19, "nublado": true, "natura": []}}}, {"type": "Feature", "geometry": {"type": "Polygon", "coordinates": [[[-5.86607, 38.30041], [-5.86607, 38.29597], [-5.87191, 38.29597], [-5.87191, 38.30041], [-5.87146, 38.30041], [-5.87146, 38.30093], [-5.86676, 38.30093], [-5.86676, 38.30041], [-5.86607, 38.30041]]]}, "properties": {"id": "IN-20261001-014", "primera": "2026-10-01T01:41Z", "ultima": "2026-10-01T02:19Z", "n_focos": 2, "n_viirs": 2, "pasadas": 2, "satelites": ["NOAA-21", "S-NPP"], "frp_max": 0.6, "frp_total": 1.0, "ha_focos": 27.4, "centro": [-5.86899, 38.29819], "bbox": [-5.87191, 38.29597, -5.86607, 38.30093], "natura": [{"codigo": "ES0000325", "nombre": "Campiña sur - Embalse de Arroyo Conejos", "tipo": "ZEPA", "ha": 27.4}], "cobertura": {"agricola": 1.0}, "lugar": {"municipio": "Berlanga", "provincia": "Badajoz", "comunidad": "Extremadura"}, "lugar_focos": 2, "estado": "inactivo", "effis": [], "effis_ha": null, "perimetro_s2": {"calculado": "2026-10-07T21:59Z", "definitivo": false, "ha": 8.2, "severidad": {"baja": 4.4, "moderada": 3.8, "alta": 0.0}, "imagenes": ["2026-10-02", "2026-10-07"], "fecha_antes": "2026-09-27", "fecha_despues": "2026-10-07", "una_imagen": 0.62, "cobertura": 1.0, "natura": [{"codigo": "ES0000325", "nombre": "Campiña sur - Embalse de Arroyo Conejos", "tipo": "ZEPA", "ha": 7.9}]}}}, {"type": "Feature", "geometry": {"type": "Polygon", "coordinates": [[[-6.08307, 36.84426], [-6.08879, 36.84426], [-6.08879, 36.84796], [-6.08307, 36.84796], [-6.08307, 36.84426]]]}, "properties": {"id": "IN-20261001-015", "primera": "2026-10-01T13:04Z", "ultima": "2026-10-01T13:04Z", "n_focos": 2, "n_viirs": 2, "pasadas": 1, "satelites": ["NOAA-21"], "frp_max": 3.8, "frp_total": 7.6, "ha_focos": 20.9, "centro": [-6.08593, 36.84611], "bbox": [-6.08879, 36.84426, -6.08307, 36.84796], "natura": [], "cobertura": {"agricola": 1.0}, "lugar": {"municipio": "Jerez de la Frontera", "provincia": "Cádiz", "comunidad": "Andalucía"}, "lugar_focos": 2, "estado": "inactivo", "effis": [], "effis_ha": null}}, {"type": "Feature", "geometry": {"type": "Polygon", "coordinates": [[[-5.64882, 37.13378], [-5.65332, 37.13378], [-5.65332, 37.13712], [-5.64882, 37.13712], [-5.64882, 37.13378]]]}, "properties": {"id": "IN-20261001-016", "primera": "2026-10-01T13:40Z", "ultima": "2026-10-01T13:40Z", "n_focos": 2, "n_viirs": 2, "pasadas": 1, "satelites": ["S-NPP"], "frp_max": 4.2, "frp_total": 8.4, "ha_focos": 14.8, "centro": [-5.65107, 37.13545], "bbox": [-5.65332, 37.13378, -5.64882, 37.13712], "natura": [], "cobertura": {"agricola": 1.0}, "lugar": {"municipio": "Los Molares", "provincia": "Sevilla", "comunidad": "Andalucía"}, "lugar_focos": 2, "estado": "inactivo", "effis": [], "effis_ha": null}}, {"type": "Feature", "geometry": {"type": "MultiPolygon", "coordinates": [[[[-1.6898, 42.60439], [-1.6898, 42.61009], [-1.68418, 42.61009], [-1.68418, 42.60439], [-1.6898, 42.60439]]], [[[-1.69893, 42.61567], [-1.69893, 42.61973], [-1.69381, 42.61973], [-1.69381, 42.61567], [-1.69893, 42.61567]]]]}, "properties": {"id": "IN-20261001-017", "primera": "2026-10-01T13:42Z", "ultima": "2026-10-01T14:01Z", "n_focos": 2, "n_viirs": 2, "pasadas": 2, "satelites": ["NOAA-20", "S-NPP"], "frp_max": 19.4, "frp_total": 25.6, "ha_focos": 47.9, "centro": [-1.68699, 42.60724], "bbox": [-1.69893, 42.60439, -1.68418, 42.61973], "natura": [], "cobertura": {"agricola": 1.0}, "lugar": {"municipio": "Barásoain", "provincia": "Navarra", "comunidad": "Navarra"}, "lugar_focos": 2, "estado": "inactivo", "effis": [], "effis_ha": null}}, {"type": "Feature", "geometry": {"type": "Polygon", "coordinates": [[[-5.80318, 38.25734], [-5.80318, 38.26178], [-5.80902, 38.26178], [-5.80902, 38.25734], [-5.80318, 38.25734]]]}, "properties": {"id": "IN-20261001-018", "primera": "2026-10-01T01:41Z", "ultima": "2026-10-01T01:41Z", "n_focos": 1, "n_viirs": 1, "pasadas": 1, "satelites": ["NOAA-21"], "frp_max": 0.6, "frp_total": 0.6, "ha_focos": 25.0, "centro": [-5.8061, 38.25956], "bbox": [-5.80902, 38.25734, -5.80318, 38.26178], "natura": [], "cobertura": {"agricola": 1.0}, "lugar": {"municipio": "Berlanga", "provincia": "Badajoz", "comunidad": "Extremadura"}, "lugar_focos": 1, "estado": "inactivo", "effis": [], "effis_ha": null}}, {"type": "Feature", "geometry": {"type": "Polygon", "coordinates": [[[-5.94878, 38.34759], [-5.94878, 38.35093], [-5.9536, 38.35093], [-5.9536, 38.34759], [-5.94878, 38.34759]]]}, "properties": {"id": "IN-20261001-019", "primera": "2026-10-01T02:19Z", "ultima": "2026-10-01T02:19Z", "n_focos": 1, "n_viirs": 1, "pasadas": 1, "satelites": ["S-NPP"], "frp_max": 0.3, "frp_total": 0.3, "ha_focos": 15.5, "centro": [-5.95119, 38.34926], "bbox": [-5.9536, 38.34759, -5.94878, 38.35093], "natura": [{"codigo": "ES0000325", "nombre": "Campiña sur - Embalse de Arroyo Conejos", "tipo": "ZEPA", "ha": 15.5}], "cobertura": {"agricola": 1.0}, "lugar": {"municipio": "Higuera de Llerena", "provincia": "Badajoz", "comunidad": "Extremadura"}, "lugar_focos": 1, "estado": "inactivo", "effis": [], "effis_ha": null, "perimetro_s2": {"calculado": "2026-10-07T21:59Z", "definitivo": false, "ha": 72.8, "severidad": {"baja": 35.0, "moderada": 37.6, "alta": 0.0}, "imagenes": ["2026-10-02", "2026-10-07"], "fecha_antes": "2026-09-24", "fecha_despues": "2026-10-07", "una_imagen": 0.91, "cobertura": 1.0, "natura": [{"codigo": "ES0000325", "nombre": "Campiña sur - Embalse de Arroyo Conejos", "tipo": "ZEPA", "ha": 72.5}]}}}, {"type": "Feature", "geometry": {"type": "Polygon", "coordinates": [[[-1.40831, 38.22152], [-1.40831, 38.23066], [-1.41985, 38.23066], [-1.41985, 38.22152], [-1.40831, 38.22152]]]}, "properties": {"id": "IN-20261001-020", "primera": "2026-10-01T09:11Z", "ultima": "2026-10-01T09:11Z", "n_focos": 1, "n_viirs": 0, "pasadas": 1, "satelites": ["Terra"], "frp_max": 4.0, "frp_total": 4.0, "ha_focos": 102.0, "centro": [-1.41408, 38.22609], "bbox": [-1.41985, 38.22152, -1.40831, 38.23066], "natura": [], "cobertura": {"agricola": 1.0}, "lugar": {"municipio": "Cieza", "provincia": "Región de Murcia", "comunidad": "Región de Murcia"}, "lugar_focos": 1, "estado": "inactivo", "effis": [], "effis_ha": null}}, {"type": "Feature", "geometry": {"type": "Polygon", "coordinates": [[[-2.73575, 38.9279], [-2.73575, 38.93694], [-2.74741, 38.93694], [-2.74741, 38.9279], [-2.73575, 38.9279]]]}, "properties": {"id": "IN-20261001-021", "primera": "2026-10-01T09:11Z", "ultima": "2026-10-01T09:11Z", "n_focos": 1, "n_viirs": 0, "pasadas": 1, "satelites": ["Terra"], "frp_max": 4.8, "frp_total": 4.8, "ha_focos": 101.0, "centro": [-2.74158, 38.93242], "bbox": [-2.74741, 38.9279, -2.73575, 38.93694], "natura": [], "cobertura": {"agricola": 1.0}, "lugar": {"municipio": "Ossa de Montiel", "provincia": "Albacete", "comunidad": "Castilla-La Mancha"}, "lugar_focos": 1, "estado": "inactivo", "effis": [], "effis_ha": null}}, {"type": "Feature", "geometry": {"type": "Polygon", "coordinates": [[[-0.28718, 39.24524], [-0.28718, 39.24858], [-0.29182, 39.24858], [-0.29182, 39.24524], [-0.28718, 39.24524]]]}, "properties": {"id": "IN-20261001-022", "primera": "2026-10-01T13:04Z", "ultima": "2026-10-01T13:04Z", "n_focos": 1, "n_viirs": 1, "pasadas": 1, "satelites": ["NOAA-21"], "frp_max": 1.8, "frp_total": 1.8, "ha_focos": 14.8, "centro": [-0.2895, 39.24691], "bbox": [-0.29182, 39.24524, -0.28718, 39.24858], "natura": [{"codigo": "ES0000023", "nombre": "L'Albufera", "tipo": "ZEC", "ha": 14.8}, {"codigo": "ES0000471", "nombre": "l'Albufera (ZEPA)", "tipo": "ZEPA", "ha": 14.8}], "cobertura": {"agricola": 1.0}, "lugar": {"municipio": "Sueca", "provincia": "Valencia", "comunidad": "Comunidad Valenciana"}, "lugar_focos": 1, "estado": "inactivo", "effis": [], "effis_ha": null, "perimetro_s2": {"calculado": "2026-10-09T02:10Z", "definitivo": false, "ha": 59.9, "severidad": {"baja": 45.4, "moderada": 13.7, "alta": 0.4}, "imagenes": ["2026-10-08"], "fecha_antes": "2026-09-11", "fecha_despues": "2026-10-08", "una_imagen": 1.0, "cobertura": 0.99, "natura": [{"codigo": "ES0000023", "nombre": "L'Albufera", "tipo": "ZEC", "ha": 60.2}, {"codigo": "ES0000471", "nombre": "l'Albufera (ZEPA)", "tipo": "ZEPA", "ha": 60.2}]}}}, {"type": "Feature", "geometry": {"type": "Polygon", "coordinates": [[[-5.10561, 41.84836], [-5.10561, 41.8517], [-5.11055, 41.8517], [-5.11055, 41.84836], [-5.10561, 41.84836]]]}, "properties": {"id": "IN-20261001-023", "primera": "2026-10-01T13:04Z", "ultima": "2026-10-01T13:04Z", "n_focos": 1, "n_viirs": 1, "pasadas": 1, "satelites": ["NOAA-21"], "frp_max": 6.7, "frp_total": 6.7, "ha_focos": 15.2, "centro": [-5.10808, 41.85003], "bbox": [-5.11055, 41.84836, -5.10561, 41.8517], "natura": [], "cobertura": {"agricola": 1.0}, "lugar": {"municipio": "Villabrágima", "provincia": "Valladolid", "comunidad": "Castilla y León"}, "lugar_focos": 1, "estado": "inactivo", "effis": [], "effis_ha": null}}, {"type": "Feature", "geometry": {"type": "Polygon", "coordinates": [[[-1.54685, 38.28307], [-1.54685, 38.28695], [-1.55337, 38.28695], [-1.55337, 38.28307], [-1.54685, 38.28307]]]}, "properties": {"id": "IN-20261001-024", "primera": "2026-10-01T13:40Z", "ultima": "2026-10-01T13:40Z", "n_focos": 1, "n_viirs": 1, "pasadas": 1, "satelites": ["S-NPP"], "frp_max": 4.4, "frp_total": 4.4, "ha_focos": 24.5, "centro": [-1.55011, 38.28501], "bbox": [-1.55337, 38.28307, -1.54685, 38.28695], "natura": [], "cobertura": {"agricola": 1.0}, "lugar": {"municipio": "Cieza", "provincia": "Región de Murcia", "comunidad": "Región de Murcia"}, "lugar_focos": 1, "estado": "inactivo", "effis": [], "effis_ha": null}}, {"type": "Feature", "geometry": {"type": "Polygon", "coordinates": [[[-4.01477, 40.0445], [-4.01477, 40.04812], [-4.02029, 40.04812], [-4.02029, 40.0445], [-4.01477, 40.0445]]]}, "properties": {"id": "IN-20261001-025", "primera": "2026-10-01T13:40Z", "ultima": "2026-10-01T13:40Z", "n_focos": 1, "n_viirs": 1, "pasadas": 1, "satelites": ["S-NPP"], "frp_max": 4.7, "frp_total": 4.7, "ha_focos": 18.8, "centro": [-4.01753, 40.04631], "bbox": [-4.02029, 40.0445, -4.01477, 40.04812], "natura": [], "cobertura": {"agricola": 1.0}, "lugar": {"municipio": "Recas", "provincia": "Toledo", "comunidad": "Castilla-La Mancha"}, "lugar_focos": 1, "estado": "inactivo", "effis": [], "effis_ha": null}}, {"type": "Feature", "geometry": {"type": "Polygon", "coordinates": [[[-7.6696, 43.56315], [-7.66914, 43.56426], [-7.66774, 43.5648], [-7.66342, 43.56393], [-7.6585, 43.56433], [-7.65753, 43.56412], [-7.65676, 43.56306], [-7.65773, 43.56043], [-7.6577, 43.55773], [-7.65855, 43.55698], [-7.66138, 43.55647], [-7.66444, 43.55527], [-7.66638, 43.55541], [-7.66726, 43.55638], [-7.66716, 43.55845], [-7.66769, 43.56041], [-7.6696, 43.56315]]]}, "properties": {"id": "IN-20261002-001", "primera": "2026-10-02T01:22Z", "ultima": "2026-10-02T03:02Z", "n_focos": 7, "n_viirs": 7, "pasadas": 4, "satelites": ["NOAA-20", "NOAA-21", "S-NPP"], "frp_max": 6.8, "frp_total": 27.3, "ha_focos": 152.2, "centro": [-7.66138, 43.55998], "bbox": [-7.67145, 43.55341, -7.65472, 43.56656], "natura": [], "cobertura": {"matorral": 1.0}, "lugar": {"municipio": "Ourol", "provincia": "Lugo", "comunidad": "Galicia"}, "lugar_focos": 7, "estado": "inactivo", "effis": [], "effis_ha": null, "perimeter_ha": 76.5, "steps": 2, "front_km": 1.19, "front_t": "2026-10-02T03:02Z", "max_growth_ha_h": 0.0, "progression": [{"t": "2026-10-02T01:22Z", "ha": 76.5, "pixels": 6, "frp": 25.1, "front_km": 3.58}, {"t": "2026-10-02T03:02Z", "ha": 76.5, "pixels": 1, "frp": 2.2, "front_km": 1.19, "growth_ha_h": 0.0}], "perimetro_s2": {"calculado": "2026-10-07T21:59Z", "definitivo": false, "ha": 102.4, "severidad": {"baja": 33.3, "moderada": 36.1, "alta": 31.7}, "imagenes": ["2026-10-05", "2026-10-07"], "fecha_antes": "2026-09-25", "fecha_despues": "2026-10-05", "una_imagen": 1.0, "cobertura": 0.96, "natura": []}}}, {"type": "Feature", "geometry": {"type": "Polygon", "coordinates": [[[-3.66195, 37.1498], [-3.66166, 37.15073], [-3.66041, 37.15104], [-3.65957, 37.15048], [-3.65935, 37.14935], [-3.65986, 37.14874], [-3.66067, 37.14864], [-3.66195, 37.1498]]]}, "properties": {"id": "IN-20261002-002", "primera": "2026-10-02T02:00Z", "ultima": "2026-10-02T02:19Z", "n_focos": 4, "n_viirs": 4, "pasadas": 2, "satelites": ["NOAA-20", "S-NPP"], "frp_max": 0.8, "frp_total": 3.0, "ha_focos": 22.2, "centro": [-3.66072, 37.15005], "bbox": [-3.66354, 37.14781, -3.6579, 37.1519], "natura": [], "cobertura": {"artificial": 0.5, "agricola": 0.5}, "lugar": {"municipio": "Cúllar Vega", "provincia": "Granada", "comunidad": "Andalucía"}, "lugar_focos": 4, "estado": "inactivo", "effis": [], "effis_ha": null, "perimeter_ha": 4.9, "steps": 1, "front_km": 0.79, "front_t": "2026-10-02T02:00Z", "max_growth_ha_h": null, "progression": [{"t": "2026-10-02T02:00Z", "ha": 4.9, "pixels": 4, "frp": 3.0, "front_km": 0.79}], "perimetro_s2": {"calculado": "2026-10-10T00:51Z", "definitivo": false, "ha": 12.5, "severidad": {"baja": 9.8, "moderada": 2.6, "alta": 0.0}, "imagenes": ["2026-10-09"], "fecha_antes": "2026-09-24", "fecha_despues": "2026-10-09", "una_imagen": 1.0, "cobertura": 1.0, "natura": []}}}, {"type": "Feature", "geometry": {"type": "Polygon", "coordinates": [[[-5.85937, 37.11489], [-5.86455, 37.11489], [-5.86455, 37.12059], [-5.85937, 37.12059], [-5.85937, 37.11489]]]}, "properties": {"id": "IN-20261002-003", "primera": "2026-10-02T01:24Z", "ultima": "2026-10-02T01:24Z", "n_focos": 2, "n_viirs": 2, "pasadas": 1, "satelites": ["NOAA-21"], "frp_max": 0.7, "frp_total": 1.3, "ha_focos": 29.0, "centro": [-5.86196, 37.11774], "bbox": [-5.86455, 37.11489, -5.85937, 37.12059], "natura": [], "cobertura": {"agricola": 1.0}, "lugar": {"municipio": "Los Palacios y Villafranca", "provincia": "Sevilla", "comunidad": "Andalucía"}, "lugar_focos": 2, "estado": "inactivo", "effis": [], "effis_ha": null}}, {"type": "Feature", "geometry": {"type": "MultiPolygon", "coordinates": [[[[-4.54998, 37.6951], [-4.54998, 37.70088], [-4.54476, 37.70088], [-4.54476, 37.6951], [-4.54998, 37.6951]]], [[[-4.55174, 37.70142], [-4.55174, 37.7053], [-4.5455, 37.7053], [-4.5455, 37.70142], [-4.55174, 37.70142]]]]}, "properties": {"id": "IN-20261002-004", "primera": "2026-10-02T02:00Z", "ultima": "2026-10-02T03:04Z", "n_focos": 2, "n_viirs": 2, "pasadas": 2, "satelites": ["NOAA-21", "S-NPP"], "frp_max": 2.1, "frp_total": 2.9, "ha_focos": 53.1, "centro": [-4.54862, 37.70336], "bbox": [-4.55174, 37.6951, -4.54476, 37.7053], "natura": [], "cobertura": {"agricola": 1.0}, "lugar": {"municipio": "Espejo", "provincia": "Córdoba", "comunidad": "Andalucía"}, "lugar_focos": 2, "estado": "inactivo", "effis": [], "effis_ha": null}}, {"type": "Feature", "geometry": {"type": "Polygon", "coordinates": [[[-5.59458, 38.19099], [-5.59458, 38.19505], [-5.58978, 38.19505], [-5.58978, 38.19099], [-5.59458, 38.19099]]]}, "properties": {"id": "IN-20261002-005", "primera": "2026-10-02T02:00Z", "ultima": "2026-10-02T02:19Z", "n_focos": 2, "n_viirs": 2, "pasadas": 2, "satelites": ["NOAA-20", "S-NPP"], "frp_max": 0.7, "frp_total": 1.4, "ha_focos": 18.9, "centro": [-5.59218, 38.19302], "bbox": [-5.59458, 38.19099, -5.58978, 38.19505], "natura": [], "cobertura": {"agroforestal": 1.0}, "lugar": {"municipio": "Azuaga", "provincia": "Badajoz", "comunidad": "Extremadura"}, "lugar_focos": 2, "estado": "inactivo", "effis": [], "effis_ha": null}}, {"type": "Feature", "geometry": {"type": "Polygon", "coordinates": [[[-5.71476, 38.43304], [-5.72341, 38.43286], [-5.72341, 38.43612], [-5.7197, 38.43612], [-5.7197, 38.4372], [-5.71476, 38.4372], [-5.71476, 38.43304]]]}, "properties": {"id": "IN-20261002-006", "primera": "2026-10-02T02:00Z", "ultima": "2026-10-02T02:19Z", "n_focos": 2, "n_viirs": 2, "pasadas": 2, "satelites": ["NOAA-20", "S-NPP"], "frp_max": 1.0, "frp_total": 1.4, "ha_focos": 31.6, "centro": [-5.71909, 38.43458], "bbox": [-5.72341, 38.43286, -5.71476, 38.4372], "natura": [{"codigo": "ES0000325", "nombre": "Campiña sur - Embalse de Arroyo Conejos", "tipo": "ZEPA", "ha": 29.4}], "cobertura": {"agricola": 1.0}, "lugar": {"municipio": "Azuaga", "provincia": "Badajoz", "comunidad": "Extremadura"}, "lugar_focos": 2, "estado": "inactivo", "effis": [], "effis_ha": null, "perimetro_s2": {"calculado": "2026-10-07T21:59Z", "definitivo": true, "ha": 8.3, "severidad": {"baja": 6.8, "moderada": 1.4, "alta": 0.0}, "imagenes": ["2026-10-02", "2026-10-07"], "fecha_antes": "2026-09-24", "fecha_despues": "2026-10-02", "una_imagen": 0.37, "cobertura": 1.0, "natura": [{"codigo": "ES0000325", "nombre": "Campiña sur - Embalse de Arroyo Conejos", "tipo": "ZEPA", "ha": 8.4}]}}}, {"type": "Feature", "geometry": {"type": "Polygon", "coordinates": [[[-5.66174, 39.81294], [-5.66654, 39.81294], [-5.66654, 39.81628], [-5.66185, 39.81628], [-5.66185, 39.8171], [-5.65705, 39.8171], [-5.65705, 39.81376], [-5.66174, 39.81376], [-5.66174, 39.81294]]]}, "properties": {"id": "IN-20261002-007", "primera": "2026-10-02T13:23Z", "ultima": "2026-10-02T13:23Z", "n_focos": 2, "n_viirs": 2, "pasadas": 1, "satelites": ["S-NPP"], "frp_max": 2.7, "frp_total": 5.4, "ha_focos": 30.1, "centro": [-5.66179, 39.81502], "bbox": [-5.66654, 39.81294, -5.65705, 39.8171], "natura": [], "cobertura": {"matorral": 0.5, "agricola": 0.5}, "lugar": {"municipio": "Almaraz", "provincia": "Cáceres", "comunidad": "Extremadura"}, "lugar_focos": 2, "estado": "inactivo", "effis": [], "effis_ha": null}}, {"type": "Feature", "geometry": {"type": "Polygon", "coordinates": [[[-5.13045, 37.55897], [-5.13045, 37.56295], [-5.13487, 37.56295], [-5.13487, 37.55897], [-5.13045, 37.55897]]]}, "properties": {"id": "IN-20261002-008", "primera": "2026-10-02T02:00Z", "ultima": "2026-10-02T02:00Z", "n_focos": 1, "n_viirs": 1, "pasadas": 1, "satelites": ["S-NPP"], "frp_max": 0.4, "frp_total": 0.4, "ha_focos": 17.2, "centro": [-5.13266, 37.56096], "bbox": [-5.13487, 37.55897, -5.13045, 37.56295], "natura": [], "cobertura": {"agricola": 1.0}, "lugar": {"municipio": "Écija", "provincia": "Sevilla", "comunidad": "Andalucía"}, "lugar_focos": 1, "estado": "inactivo", "effis": [], "effis_ha": null}}, {"type": "Feature", "geometry": {"type": "Polygon", "coordinates": [[[-4.3267, 37.87913], [-4.3267, 37.88239], [-4.33114, 37.88239], [-4.33114, 37.87913], [-4.3267, 37.87913]]]}, "properties": {"id": "IN-20261002-009", "primera": "2026-10-02T02:19Z", "ultima": "2026-10-02T02:19Z", "n_focos": 1, "n_viirs": 1, "pasadas": 1, "satelites": ["NOAA-20"], "frp_max": 0.3, "frp_total": 0.3, "ha_focos": 14.0, "centro": [-4.32892, 37.88076], "bbox": [-4.33114, 37.87913, -4.3267, 37.88239], "natura": [], "cobertura": {"agricola": 1.0}, "lugar": {"municipio": "Cañete de las Torres", "provincia": "Córdoba", "comunidad": "Andalucía"}, "lugar_focos": 1, "estado": "inactivo", "effis": [], "effis_ha": null}}, {"type": "Feature", "geometry": {"type": "Polygon", "coordinates": [[[-8.23817, 43.45702], [-8.23817, 43.46118], [-8.24349, 43.46118], [-8.24349, 43.45702], [-8.23817, 43.45702]]]}, "properties": {"id": "IN-20261002-010", "primera": "2026-10-02T03:02Z", "ultima": "2026-10-02T03:02Z", "n_focos": 1, "n_viirs": 1, "pasadas": 1, "satelites": ["NOAA-21"], "frp_max": 0.9, "frp_total": 0.9, "ha_focos": 19.8, "centro": [-8.24083, 43.4591], "bbox": [-8.24349, 43.45702, -8.23817, 43.46118], "natura": [], "cobertura": {"artificial": 1.0}, "lugar": {"municipio": "Mugardos", "provincia": "La Coruña", "comunidad": "Galicia"}, "lugar_focos": 1, "estado": "inactivo", "effis": [], "effis_ha": null}}, {"type": "Feature", "geometry": {"type": "Polygon", "coordinates": [[[-6.15341, 38.27088], [-6.15341, 38.28218], [-6.17195, 38.28218], [-6.17195, 38.27088], [-6.15341, 38.27088]]]}, "properties": {"id": "IN-20261002-011", "primera": "2026-10-02T09:49Z", "ultima": "2026-10-02T09:49Z", "n_focos": 1, "n_viirs": 0, "pasadas": 1, "satelites": ["Terra"], "frp_max": 14.6, "frp_total": 14.6, "ha_focos": 202.5, "centro": [-6.16268, 38.27653], "bbox": [-6.17195, 38.27088, -6.15341, 38.28218], "natura": [{"codigo": "ES4310068", "nombre": "Sierras de Bienvenida y la Capitana", "tipo": "ZEC", "ha": 122.3}], "cobertura": {"bosque": 1.0}, "lugar": {"municipio": "Bienvenida", "provincia": "Badajoz", "comunidad": "Extremadura"}, "lugar_focos": 1, "estado": "inactivo", "effis": [], "effis_ha": null, "perimetro_s2": {"calculado": "2026-10-07T21:59Z", "definitivo": false, "ha": 0.7, "severidad": {"baja": 0.6, "moderada": 0.1, "alta": 0.0}, "imagenes": ["2026-10-02", "2026-10-07"], "fecha_antes": "2026-09-27", "fecha_despues": "2026-10-02", "una_imagen": 1.0, "cobertura": 1.0, "natura": [{"codigo": "ES4310068", "nombre": "Sierras de Bienvenida y la Capitana", "tipo": "ZEC", "ha": 0.5}]}}}, {"type": "Feature", "geometry": {"type": "Polygon", "coordinates": [[[-5.86678, 41.75977], [-5.86678, 41.77045], [-5.88376, 41.77045], [-5.88376, 41.75977], [-5.86678, 41.75977]]]}, "properties": {"id": "IN-20261002-012", "primera": "2026-10-02T09:49Z", "ultima": "2026-10-02T09:49Z", "n_focos": 1, "n_viirs": 0, "pasadas": 1, "satelites": ["Terra"], "frp_max": 6.5, "frp_total": 6.5, "ha_focos": 166.4, "centro": [-5.87527, 41.76511], "bbox": [-5.88376, 41.75977, -5.86678, 41.77045], "natura": [], "cobertura": {"agricola": 1.0}, "lugar": {"municipio": "Pozuelo de Tábara", "provincia": "Zamora", "comunidad": "Castilla y León"}, "lugar_focos": 1, "estado": "inactivo", "effis": [], "effis_ha": null}}, {"type": "Feature", "geometry": {"type": "Polygon", "coordinates": [[[-5.01314, 37.72787], [-5.01314, 37.73231], [-5.0187, 37.73231], [-5.0187, 37.72787], [-5.01314, 37.72787]]]}, "properties": {"id": "IN-20261002-013", "primera": "2026-10-02T12:44Z", "ultima": "2026-10-02T12:44Z", "n_focos": 1, "n_viirs": 1, "pasadas": 1, "satelites": ["NOAA-21"], "frp_max": 6.3, "frp_total": 6.3, "ha_focos": 24.0, "centro": [-5.01592, 37.73009], "bbox": [-5.0187, 37.72787, -5.01314, 37.73231], "natura": [], "cobertura": {"agricola": 1.0}, "lugar": {"municipio": "Guadalcázar", "provincia": "Córdoba", "comunidad": "Andalucía"}, "lugar_focos": 1, "estado": "inactivo", "effis": [], "effis_ha": null}}, {"type": "Feature", "geometry": {"type": "Polygon", "coordinates": [[[-5.77054, 38.94632], [-5.77054, 38.94966], [-5.7754, 38.94966], [-5.7754, 38.94632], [-5.77054, 38.94632]]]}, "properties": {"id": "IN-20261002-014", "primera": "2026-10-02T13:23Z", "ultima": "2026-10-02T13:23Z", "n_focos": 1, "n_viirs": 1, "pasadas": 1, "satelites": ["S-NPP"], "frp_max": 24.8, "frp_total": 24.8, "ha_focos": 15.5, "centro": [-5.77297, 38.94799], "bbox": [-5.7754, 38.94632, -5.77054, 38.94966], "natura": [], "cobertura": {"agricola": 1.0}, "lugar": {"municipio": "Villanueva de la Serena", "provincia": "Badajoz", "comunidad": "Extremadura"}, "lugar_focos": 1, "estado": "inactivo", "effis": [], "effis_ha": null}}, {"type": "Feature", "geometry": {"type": "Polygon", "coordinates": [[[-6.97854, 39.6399], [-6.97854, 39.64342], [-6.98368, 39.64342], [-6.98368, 39.6399], [-6.97854, 39.6399]]]}, "properties": {"id": "IN-20261002-015", "primera": "2026-10-02T13:23Z", "ultima": "2026-10-02T13:23Z", "n_focos": 1, "n_viirs": 1, "pasadas": 1, "satelites": ["S-NPP"], "frp_max": 3.9, "frp_total": 3.9, "ha_focos": 17.2, "centro": [-6.98111, 39.64166], "bbox": [-6.98368, 39.6399, -6.97854, 39.64342], "natura": [{"codigo": "ES0000369", "nombre": "Llanos de Alcantara y Brozas", "tipo": "ZEC y ZEPA", "ha": 17.2}], "cobertura": {"matorral": 1.0}, "lugar": {"municipio": "Alcántara", "provincia": "Cáceres", "comunidad": "Extremadura"}, "lugar_focos": 1, "estado": "inactivo", "effis": [], "effis_ha": null, "perimetro_s2": {"calculado": "2026-10-07T21:59Z", "definitivo": false, "ha": 0.0, "severidad": {"baja": 0.0, "moderada": 0.0, "alta": 0.0}, "imagenes": ["2026-10-07"], "fecha_antes": "2026-09-24", "fecha_despues": "2026-10-07", "una_imagen": 0.0, "cobertura": 0.41, "nublado": true, "natura": []}}}, {"type": "Feature", "geometry": {"type": "Polygon", "coordinates": [[[-5.0968, 37.5418], [-5.0968, 37.54542], [-5.10212, 37.54542], [-5.10212, 37.5418], [-5.0968, 37.5418]]]}, "properties": {"id": "IN-20261002-016", "primera": "2026-10-02T13:40Z", "ultima": "2026-10-02T13:40Z", "n_focos": 1, "n_viirs": 1, "pasadas": 1, "satelites": ["NOAA-20"], "frp_max": 5.8, "frp_total": 5.8, "ha_focos": 18.8, "centro": [-5.09946, 37.54361], "bbox": [-5.10212, 37.5418, -5.0968, 37.54542], "natura": [], "cobertura": {"agricola": 1.0}, "lugar": {"municipio": "Écija", "provincia": "Sevilla", "comunidad": "Andalucía"}, "lugar_focos": 1, "estado": "inactivo", "effis": [], "effis_ha": null}}, {"type": "Feature", "geometry": {"type": "Polygon", "coordinates": [[[-3.89136, 39.6588], [-3.89136, 39.66268], [-3.8979, 39.66268], [-3.8979, 39.6588], [-3.89136, 39.6588]]]}, "properties": {"id": "IN-20261002-017", "primera": "2026-10-02T13:42Z", "ultima": "2026-10-02T13:42Z", "n_focos": 1, "n_viirs": 1, "pasadas": 1, "satelites": ["NOAA-20"], "frp_max": 10.8, "frp_total": 10.8, "ha_focos": 24.1, "centro": [-3.89463, 39.66074], "bbox": [-3.8979, 39.6588, -3.89136, 39.66268], "natura": [], "cobertura": {"agricola": 1.0}, "lugar": {"municipio": "Orgaz", "provincia": "Toledo", "comunidad": "Castilla-La Mancha"}, "lugar_focos": 1, "estado": "inactivo", "effis": [], "effis_ha": null}}, {"type": "Feature", "geometry": {"type": "Polygon", "coordinates": [[[-6.97723, 42.99946], [-6.97701, 43.0003], [-6.97389, 43.00207], [-6.97098, 43.00119], [-6.97044, 43.00059], [-6.97059, 43.00004], [-6.97129, 42.99966], [-6.9761, 42.9989], [-6.97723, 42.99946]]]}, "properties": {"id": "IN-20261003-001", "primera": "2026-10-03T13:04Z", "ultima": "2026-10-03T13:25Z", "n_focos": 3, "n_viirs": 3, "pasadas": 2, "satelites": ["NOAA-20", "S-NPP"], "frp_max": 23.8, "frp_total": 60.3, "ha_focos": 33.6, "centro": [-6.97386, 43.00011], "bbox": [-6.97856, 42.99811, -6.96917, 43.00315], "natura": [{"codigo": "ES1120001", "nombre": "Ancares - Courel", "tipo": "ZEC", "ha": 5.4}], "cobertura": {"bosque": 0.67, "matorral": 0.33}, "lugar": {"municipio": "Ibias", "provincia": "Asturias", "comunidad": "Asturias"}, "lugar_focos": 3, "estado": "inactivo", "effis": [], "effis_ha": null, "perimeter_ha": 12.1, "steps": 1, "front_km": 1.43, "front_t": "2026-10-03T13:04Z", "max_growth_ha_h": null, "progression": [{"t": "2026-10-03T13:04Z", "ha": 12.1, "pixels": 3, "frp": 60.3, "front_km": 1.43}], "perimetro_s2": {"calculado": "2026-10-10T22:32Z", "definitivo": false, "ha": 883.1, "severidad": {"baja": 460.3, "moderada": 419.7, "alta": 0.0}, "imagenes": ["2026-10-05", "2026-10-10"], "fecha_antes": "2026-09-25", "fecha_despues": "2026-10-10", "una_imagen": 0.95, "cobertura": 1.0, "natura": [{"codigo": "ES1120001", "nombre": "Ancares - Courel", "tipo": "ZEC", "ha": 398.3}, {"codigo": "ES1200048", "nombre": "Alto Navia", "tipo": "ZEC", "ha": 24.1}]}}}, {"type": "Feature", "geometry": {"type": "Polygon", "coordinates": [[[-6.26852, 37.35167], [-6.27304, 37.35167], [-6.27304, 37.35501], [-6.26852, 37.35501], [-6.26852, 37.35167]]]}, "properties": {"id": "IN-20261003-002", "primera": "2026-10-03T13:23Z", "ultima": "2026-10-03T13:23Z", "n_focos": 2, "n_viirs": 2, "pasadas": 1, "satelites": ["NOAA-20"], "frp_max": 5.4, "frp_total": 10.7, "ha_focos": 14.8, "centro": [-6.27078, 37.35334], "bbox": [-6.27304, 37.35167, -6.26852, 37.35501], "natura": [], "cobertura": {"agricola": 1.0}, "lugar": {"municipio": "Huévar del Aljarafe", "provincia": "Sevilla", "comunidad": "Andalucía"}, "lugar_focos": 2, "estado": "inactivo", "effis": [], "effis_ha": null}}, {"type": "Feature", "geometry": {"type": "Polygon", "coordinates": [[[-7.00289, 39.65186], [-7.00755, 39.65186], [-7.00755, 39.6552], [-7.00296, 39.6552], [-7.00296, 39.65597], [-6.9983, 39.65597], [-6.9983, 39.65263], [-7.00289, 39.65263], [-7.00289, 39.65186]]]}, "properties": {"id": "IN-20261003-003", "primera": "2026-10-03T13:23Z", "ultima": "2026-10-03T13:23Z", "n_focos": 2, "n_viirs": 2, "pasadas": 1, "satelites": ["NOAA-20"], "frp_max": 8.7, "frp_total": 13.2, "ha_focos": 29.4, "centro": [-7.00292, 39.65391], "bbox": [-7.00755, 39.65186, -6.9983, 39.65597], "natura": [{"codigo": "ES0000369", "nombre": "Llanos de Alcantara y Brozas", "tipo": "ZEC y ZEPA", "ha": 29.4}], "cobertura": {"matorral": 1.0}, "lugar": {"municipio": "Alcántara", "provincia": "Cáceres", "comunidad": "Extremadura"}, "lugar_focos": 2, "estado": "inactivo", "effis": [], "effis_ha": null, "perimetro_s2": {"calculado": "2026-10-07T21:59Z", "definitivo": false, "ha": 0.0, "severidad": {"baja": 0.0, "moderada": 0.0, "alta": 0.0}, "imagenes": ["2026-10-07"], "fecha_antes": "2026-09-25", "fecha_despues": "2026-10-07", "una_imagen": 0.0, "cobertura": 0.0, "nublado": true, "natura": []}}}, {"type": "Feature", "geometry": {"type": "Polygon", "coordinates": [[[-5.40485, 37.51139], [-5.40485, 37.51717], [-5.41017, 37.51717], [-5.41017, 37.51139], [-5.40485, 37.51139]]]}, "properties": {"id": "IN-20261003-004", "primera": "2026-10-03T12:25Z", "ultima": "2026-10-03T12:25Z", "n_focos": 1, "n_viirs": 1, "pasadas": 1, "satelites": ["NOAA-21"], "frp_max": 5.4, "frp_total": 5.4, "ha_focos": 30.1, "centro": [-5.40751, 37.51428], "bbox": [-5.41017, 37.51139, -5.40485, 37.51717], "natura": [], "cobertura": {"agricola": 1.0}, "lugar": {"municipio": "La Campana", "provincia": "Sevilla", "comunidad": "Andalucía"}, "lugar_focos": 1, "estado": "inactivo", "effis": [], "effis_ha": null}}, {"type": "Feature", "geometry": {"type": "Polygon", "coordinates": [[[-8.73571, 42.20414], [-8.73571, 42.20748], [-8.74069, 42.20748], [-8.74069, 42.20414], [-8.73571, 42.20414]]]}, "properties": {"id": "IN-20261003-005", "primera": "2026-10-03T13:25Z", "ultima": "2026-10-03T13:25Z", "n_focos": 1, "n_viirs": 1, "pasadas": 1, "satelites": ["NOAA-20"], "frp_max": 2.3, "frp_total": 2.3, "ha_focos": 15.2, "centro": [-8.7382, 42.20581], "bbox": [-8.74069, 42.20414, -8.73571, 42.20748], "natura": [], "cobertura": {"agroforestal": 1.0}, "lugar": {"municipio": "Vigo", "provincia": "Pontevedra", "comunidad": "Galicia"}, "lugar_focos": 1, "estado": "inactivo", "effis": [], "effis_ha": null}}, {"type": "Feature", "geometry": {"type": "Polygon", "coordinates": [[[-16.46575, 28.16219], [-16.46575, 28.16553], [-16.46993, 28.16553], [-16.46993, 28.16219], [-16.46575, 28.16219]]]}, "properties": {"id": "IN-20261003-006", "primera": "2026-10-03T14:03Z", "ultima": "2026-10-03T14:03Z", "n_focos": 1, "n_viirs": 1, "pasadas": 1, "satelites": ["NOAA-21"], "frp_max": 2.1, "frp_total": 2.1, "ha_focos": 15.2, "centro": [-16.46784, 28.16386], "bbox": [-16.46993, 28.16219, -16.46575, 28.16553], "natura": [], "cobertura": {"artificial": 1.0}, "lugar": {"municipio": "Arico", "provincia": "Santa Cruz de Tenerife", "comunidad": "Canarias"}, "lugar_focos": 1, "estado": "inactivo", "effis": [], "effis_ha": null}}, {"type": "Feature", "geometry": {"type": "Polygon", "coordinates": [[[3.36984, 39.57657], [3.36984, 39.57313], [3.36494, 39.57313], [3.36494, 39.57653], [3.36393, 39.57653], [3.36393, 39.57997], [3.36883, 39.57997], [3.36883, 39.57657], [3.36984, 39.57657]]]}, "properties": {"id": "IN-20261004-001", "primera": "2026-10-04T12:44Z", "ultima": "2026-10-04T12:44Z", "n_focos": 2, "n_viirs": 2, "pasadas": 1, "satelites": ["S-NPP"], "frp_max": 5.5, "frp_total": 9.3, "ha_focos": 31.8, "centro": [3.36688, 39.57655], "bbox": [3.36393, 39.57313, 3.36984, 39.57997], "natura": [], "cobertura": {"artificial": 1.0}, "lugar": {"municipio": "San Lorenzo del Cardessar", "provincia": "Islas Baleares", "comunidad": "Islas Baleares"}, "lugar_focos": 2, "estado": "reciente", "effis": [], "effis_ha": null}}, {"type": "Feature", "geometry": {"type": "Polygon", "coordinates": [[[3.09569, 39.36235], [3.09569, 39.36579], [3.09069, 39.36579], [3.09069, 39.36235], [3.09569, 39.36235]]]}, "properties": {"id": "IN-20261004-002", "primera": "2026-10-04T12:44Z", "ultima": "2026-10-04T12:44Z", "n_focos": 1, "n_viirs": 1, "pasadas": 1, "satelites": ["S-NPP"], "frp_max": 4.8, "frp_total": 4.8, "ha_focos": 16.3, "centro": [3.09319, 39.36407], "bbox": [3.09069, 39.36235, 3.09569, 39.36579], "natura": [], "cobertura": {"agroforestal": 1.0}, "lugar": {"municipio": "Santanyí", "provincia": "Islas Baleares", "comunidad": "Islas Baleares"}, "lugar_focos": 1, "estado": "reciente", "effis": [], "effis_ha": null}}, {"type": "Feature", "geometry": {"type": "Polygon", "coordinates": [[[3.12022, 39.36678], [3.12022, 39.37022], [3.11522, 39.37022], [3.11522, 39.36678], [3.12022, 39.36678]]]}, "properties": {"id": "IN-20261004-003", "primera": "2026-10-04T12:44Z", "ultima": "2026-10-04T12:44Z", "n_focos": 1, "n_viirs": 1, "pasadas": 1, "satelites": ["S-NPP"], "frp_max": 3.2, "frp_total": 3.2, "ha_focos": 16.3, "centro": [3.11772, 39.3685], "bbox": [3.11522, 39.36678, 3.12022, 39.37022], "natura": [], "cobertura": {"agricola": 1.0}, "lugar": {"municipio": "Santanyí", "provincia": "Islas Baleares", "comunidad": "Islas Baleares"}, "lugar_focos": 1, "estado": "reciente", "effis": [], "effis_ha": null}}, {"type": "Feature", "geometry": {"type": "Polygon", "coordinates": [[[3.14737, 39.7522], [3.14737, 39.75564], [3.14247, 39.75564], [3.14247, 39.7522], [3.14737, 39.7522]]]}, "properties": {"id": "IN-20261004-004", "primera": "2026-10-04T12:44Z", "ultima": "2026-10-04T12:44Z", "n_focos": 1, "n_viirs": 1, "pasadas": 1, "satelites": ["S-NPP"], "frp_max": 2.4, "frp_total": 2.4, "ha_focos": 16.0, "centro": [3.14492, 39.75392], "bbox": [3.14247, 39.7522, 3.14737, 39.75564], "natura": [], "cobertura": {"agricola": 1.0}, "lugar": {"municipio": "Santa Margalida", "provincia": "Islas Baleares", "comunidad": "Islas Baleares"}, "lugar_focos": 1, "estado": "reciente", "effis": [], "effis_ha": null}}, {"type": "Feature", "geometry": {"type": "Polygon", "coordinates": [[[-1.68454, 38.25846], [-1.68454, 38.2618], [-1.68912, 38.2618], [-1.68912, 38.25846], [-1.68454, 38.25846]]]}, "properties": {"id": "IN-20261004-005", "primera": "2026-10-04T13:04Z", "ultima": "2026-10-04T13:04Z", "n_focos": 1, "n_viirs": 1, "pasadas": 1, "satelites": ["NOAA-20"], "frp_max": 1.9, "frp_total": 1.9, "ha_focos": 14.8, "centro": [-1.68683, 38.26013], "bbox": [-1.68912, 38.25846, -1.68454, 38.2618], "natura": [], "cobertura": {"agricola": 1.0}, "lugar": {"municipio": "Calasparra", "provincia": "Región de Murcia", "comunidad": "Región de Murcia"}, "lugar_focos": 1, "estado": "reciente", "effis": [], "effis_ha": null}}, {"type": "Feature", "geometry": {"type": "Polygon", "coordinates": [[[-3.65369, 39.53806], [-3.65369, 39.5415], [-3.65869, 39.5415], [-3.65869, 39.53806], [-3.65369, 39.53806]]]}, "properties": {"id": "IN-20261004-006", "primera": "2026-10-04T13:04Z", "ultima": "2026-10-04T13:04Z", "n_focos": 1, "n_viirs": 1, "pasadas": 1, "satelites": ["NOAA-20"], "frp_max": 2.3, "frp_total": 2.3, "ha_focos": 16.3, "centro": [-3.65619, 39.53978], "bbox": [-3.65869, 39.53806, -3.65369, 39.5415], "natura": [], "cobertura": {"agricola": 1.0}, "lugar": {"municipio": "Consuegra", "provincia": "Toledo", "comunidad": "Castilla-La Mancha"}, "lugar_focos": 1, "estado": "reciente", "effis": [], "effis_ha": null}}, {"type": "Feature", "geometry": {"type": "Polygon", "coordinates": [[[0.8768, 41.50286], [0.87694, 41.50619], [0.87861, 41.50778], [0.87982, 41.50959], [0.8809, 41.51008], [0.88199, 41.51], [0.88283, 41.50948], [0.88378, 41.50693], [0.88574, 41.50442], [0.88537, 41.50348], [0.88246, 41.50117], [0.8815, 41.50078], [0.88041, 41.50086], [0.87774, 41.5019], [0.8768, 41.50286]]]}, "properties": {"id": "IN-20261005-001", "primera": "2026-10-05T01:02Z", "ultima": "2026-10-05T02:41Z", "n_focos": 7, "n_viirs": 7, "pasadas": 4, "satelites": ["NOAA-20", "NOAA-21", "S-NPP"], "frp_max": 3.6, "frp_total": 12.0, "ha_focos": 111.9, "centro": [0.88126, 41.50412], "bbox": [0.87516, 41.49905, 0.88736, 41.51181], "natura": [], "cobertura": {"agricola": 1.0}, "lugar": {"municipio": "les Borges Blanques", "provincia": "Lérida", "comunidad": "Cataluña"}, "lugar_focos": 7, "estado": "reciente", "effis": [], "effis_ha": null, "perimeter_ha": 51.3, "steps": 2, "front_km": 2.03, "front_t": "2026-10-05T02:06Z", "max_growth_ha_h": 14.6, "progression": [{"t": "2026-10-05T01:02Z", "ha": 35.7, "pixels": 4, "frp": 6.7, "front_km": 2.62}, {"t": "2026-10-05T02:06Z", "ha": 51.3, "pixels": 3, "frp": 5.3, "front_km": 2.03, "growth_ha_h": 14.6}], "perimetro_s2": {"calculado": "2026-10-09T02:10Z", "definitivo": false, "ha": 1370.0, "severidad": {"baja": 1038.3, "moderada": 330.6, "alta": 0.8}, "imagenes": ["2026-10-08"], "fecha_antes": "2026-09-26", "fecha_despues": "2026-10-08", "una_imagen": 1.0, "cobertura": 1.0, "natura": []}}}, {"type": "Feature", "geometry": {"type": "Polygon", "coordinates": [[[-6.10011, 38.32128], [-6.10011, 38.32462], [-6.10469, 38.32462], [-6.10469, 38.32128], [-6.10011, 38.32128]]]}, "properties": {"id": "IN-20261005-002", "primera": "2026-10-05T13:27Z", "ultima": "2026-10-05T15:14Z", "n_focos": 7, "n_viirs": 1, "pasadas": 2, "satelites": ["Aqua", "NOAA-21"], "frp_max": 242.6, "frp_total": 658.5, "ha_focos": 14.8, "centro": [-6.1024, 38.32295], "bbox": [-6.10469, 38.32128, -6.10011, 38.32462], "natura": [], "cobertura": {"agricola": 0.57, "matorral": 0.43}, "lugar": {"municipio": "Villagarcía de la Torre", "provincia": "Badajoz", "comunidad": "Extremadura"}, "lugar_focos": 7, "estado": "reciente", "effis": [], "effis_ha": null, "perimetro_s2": {"calculado": "2026-10-07T21:59Z", "definitivo": false, "ha": 2.5, "severidad": {"baja": 2.4, "moderada": 0.1, "alta": 0.0}, "imagenes": ["2026-10-07"], "fecha_antes": "2026-09-27", "fecha_despues": "2026-10-07", "una_imagen": 1.0, "cobertura": 0.33, "nublado": true, "natura": []}}}, {"type": "Feature", "geometry": {"type": "Polygon", "coordinates": [[[-3.83619, 41.67932], [-3.83619, 41.68302], [-3.84233, 41.68302], [-3.84233, 41.67932], [-3.83619, 41.67932]]]}, "properties": {"id": "IN-20261005-003", "primera": "2026-10-05T13:29Z", "ultima": "2026-10-05T13:29Z", "n_focos": 1, "n_viirs": 1, "pasadas": 1, "satelites": ["NOAA-21"], "frp_max": 5.1, "frp_total": 5.1, "ha_focos": 20.9, "centro": [-3.83926, 41.68117], "bbox": [-3.84233, 41.67932, -3.83619, 41.68302], "natura": [], "cobertura": {"agricola": 1.0}, "lugar": {"municipio": "Berlangas de Roa", "provincia": "Burgos", "comunidad": "Castilla y León"}, "lugar_focos": 1, "estado": "reciente", "effis": [], "effis_ha": null}}, {"type": "Feature", "geometry": {"type": "Polygon", "coordinates": [[[-6.99795, 39.63865], [-6.99791, 39.63931], [-6.99738, 39.63972], [-6.99494, 39.63993], [-6.9923, 39.6406], [-6.98843, 39.63879], [-6.98583, 39.63833], [-6.98318, 39.63849], [-6.98069, 39.63925], [-6.97795, 39.63951], [-6.97551, 39.6402], [-6.97456, 39.63993], [-6.97422, 39.63929], [-6.97494, 39.63845], [-6.97779, 39.63816], [-6.98012, 39.63749], [-6.98347, 39.638], [-6.98672, 39.63767], [-6.99123, 39.63554], [-6.99466, 39.63742], [-6.99738, 39.63816], [-6.99795, 39.63865]]]}, "properties": {"id": "IN-20261006-001", "primera": "2026-10-06T13:10Z", "ultima": "2026-10-07T13:27Z", "n_focos": 6, "n_viirs": 5, "pasadas": 3, "satelites": ["NOAA-21", "S-NPP", "Terra"], "frp_max": 6.7, "frp_total": 27.1, "ha_focos": 77.4, "centro": [-6.99409, 39.63807], "bbox": [-6.99923, 39.63473, -6.97282, 39.64141], "natura": [{"codigo": "ES0000369", "nombre": "Llanos de Alcantara y Brozas", "tipo": "ZEC y ZEPA", "ha": 77.4}], "cobertura": {"matorral": 1.0}, "lugar": {"municipio": "Alcántara", "provincia": "Cáceres", "comunidad": "Extremadura"}, "lugar_focos": 6, "estado": "reciente", "effis": [], "effis_ha": null, "perimeter_ha": 42.3, "steps": 2, "front_km": 2.19, "front_t": "2026-10-07T13:27Z", "max_growth_ha_h": 1.3, "progression": [{"t": "2026-10-06T13:10Z", "ha": 10.6, "pixels": 2, "frp": 11.1, "front_km": 1.52}, {"t": "2026-10-07T13:27Z", "ha": 42.3, "pixels": 3, "frp": 9.4, "front_km": 2.19, "growth_ha_h": 1.3}], "perimetro_s2": {"calculado": "2026-10-10T22:32Z", "definitivo": false, "ha": 88.9, "severidad": {"baja": 66.6, "moderada": 22.1, "alta": 0.0}, "imagenes": ["2026-10-07", "2026-10-10"], "fecha_antes": "2026-09-24", "fecha_despues": "2026-10-10", "una_imagen": 1.0, "cobertura": 1.0, "natura": [{"codigo": "ES0000369", "nombre": "Llanos de Alcantara y Brozas", "tipo": "ZEC y ZEPA", "ha": 89.0}]}}}, {"type": "Feature", "geometry": {"type": "Polygon", "coordinates": [[[-3.56031, 39.02521], [-3.56031, 39.02847], [-3.56481, 39.02847], [-3.56481, 39.02521], [-3.56031, 39.02521]]]}, "properties": {"id": "IN-20261006-002", "primera": "2026-10-06T02:26Z", "ultima": "2026-10-06T02:26Z", "n_focos": 1, "n_viirs": 1, "pasadas": 1, "satelites": ["S-NPP"], "frp_max": 4.1, "frp_total": 4.1, "ha_focos": 14.0, "centro": [-3.56256, 39.02684], "bbox": [-3.56481, 39.02521, -3.56031, 39.02847], "natura": [], "cobertura": {"agricola": 1.0}, "lugar": {"municipio": "Daimiel", "provincia": "Ciudad Real", "comunidad": "Castilla-La Mancha"}, "lugar_focos": 1, "estado": "reciente", "effis": [], "effis_ha": null}}, {"type": "Feature", "geometry": {"type": "Polygon", "coordinates": [[[-5.65857, 39.81453], [-5.65857, 39.81787], [-5.66325, 39.81787], [-5.66325, 39.81453], [-5.65857, 39.81453]]]}, "properties": {"id": "IN-20261006-003", "primera": "2026-10-06T13:10Z", "ultima": "2026-10-06T13:10Z", "n_focos": 1, "n_viirs": 1, "pasadas": 1, "satelites": ["NOAA-21"], "frp_max": 3.5, "frp_total": 3.5, "ha_focos": 14.8, "centro": [-5.66091, 39.8162], "bbox": [-5.66325, 39.81453, -5.65857, 39.81787], "natura": [], "cobertura": {"matorral": 1.0}, "lugar": {"municipio": "Almaraz", "provincia": "Cáceres", "comunidad": "Extremadura"}, "lugar_focos": 1, "estado": "reciente", "effis": [], "effis_ha": null}}, {"type": "Feature", "geometry": {"type": "Polygon", "coordinates": [[[-5.21704, 38.58202], [-5.21704, 38.59214], [-5.23164, 38.59214], [-5.23164, 38.58202], [-5.21704, 38.58202]]]}, "properties": {"id": "IN-20261006-004", "primera": "2026-10-06T15:52Z", "ultima": "2026-10-06T15:52Z", "n_focos": 1, "n_viirs": 0, "pasadas": 1, "satelites": ["Aqua"], "frp_max": 14.3, "frp_total": 14.3, "ha_focos": 142.2, "centro": [-5.22434, 38.58708], "bbox": [-5.23164, 38.58202, -5.21704, 38.59214], "natura": [], "cobertura": {"agricola": 1.0}, "lugar": {"municipio": "Belalcázar", "provincia": "Córdoba", "comunidad": "Andalucía"}, "lugar_focos": 1, "estado": "reciente", "effis": [], "effis_ha": null}}, {"type": "Feature", "geometry": {"type": "Polygon", "coordinates": [[[-1.78943, 37.23495], [-1.79383, 37.23495], [-1.79383, 37.23821], [-1.78943, 37.23821], [-1.78943, 37.23495]]]}, "properties": {"id": "IN-20261007-001", "primera": "2026-10-07T02:06Z", "ultima": "2026-10-07T02:06Z", "n_focos": 2, "n_viirs": 2, "pasadas": 1, "satelites": ["S-NPP"], "frp_max": 0.3, "frp_total": 0.6, "ha_focos": 14.0, "centro": [-1.79163, 37.23658], "bbox": [-1.79383, 37.23495, -1.78943, 37.23821], "natura": [], "cobertura": {"matorral": 1.0}, "lugar": {"municipio": "Cuevas del Almanzora", "provincia": "Almería", "comunidad": "Andalucía"}, "lugar_focos": 2, "estado": "reciente", "effis": [], "effis_ha": null}}, {"type": "Feature", "geometry": {"type": "Polygon", "coordinates": [[[-3.47111, 40.43069], [-3.47111, 40.43403], [-3.47595, 40.43403], [-3.47595, 40.43069], [-3.47111, 40.43069]]]}, "properties": {"id": "IN-20261007-002", "primera": "2026-10-07T02:26Z", "ultima": "2026-10-07T02:26Z", "n_focos": 1, "n_viirs": 1, "pasadas": 1, "satelites": ["NOAA-20"], "frp_max": 0.3, "frp_total": 0.3, "ha_focos": 15.2, "centro": [-3.47353, 40.43236], "bbox": [-3.47595, 40.43069, -3.47111, 40.43403], "natura": [{"codigo": "ES3110006", "nombre": "Vegas, cuestas y páramos del sureste de Madrid", "tipo": "ZEC", "ha": 12.7}, {"codigo": "ES0000142", "nombre": "Cortados y cantiles de los ríos Jarama y Manzanares", "tipo": "ZEPA", "ha": 12.7}], "cobertura": {"agricola": 1.0}, "lugar": {"municipio": "San Fernando de Henares", "provincia": "Comunidad de Madrid", "comunidad": "Comunidad de Madrid"}, "lugar_focos": 1, "estado": "reciente", "effis": [], "effis_ha": null, "perimetro_s2": {"calculado": "2026-10-10T00:51Z", "definitivo": false, "ha": 0.6, "severidad": {"baja": 0.6, "moderada": 0.0, "alta": 0.0}, "imagenes": ["2026-10-07", "2026-10-09"], "fecha_antes": "2026-09-24", "fecha_despues": "2026-10-09", "una_imagen": 1.0, "cobertura": 1.0, "natura": [{"codigo": "ES3110006", "nombre": "Vegas, cuestas y páramos del sureste de Madrid", "tipo": "ZEC", "ha": 0.6}, {"codigo": "ES0000142", "nombre": "Cortados y cantiles de los ríos Jarama y Manzanares", "tipo": "ZEPA", "ha": 0.6}]}}}, {"type": "Feature", "geometry": {"type": "Polygon", "coordinates": [[[-5.0394, 37.37194], [-5.0611, 37.37194], [-5.0611, 37.38414], [-5.0394, 37.38414], [-5.0394, 37.37194]]]}, "properties": {"id": "IN-20261007-003", "primera": "2026-10-07T09:49Z", "ultima": "2026-10-07T09:49Z", "n_focos": 2, "n_viirs": 0, "pasadas": 1, "satelites": ["Terra"], "frp_max": 14.1, "frp_total": 28.1, "ha_focos": 259.2, "centro": [-5.05025, 37.37804], "bbox": [-5.0611, 37.37194, -5.0394, 37.38414], "natura": [{"codigo": "ES6180017", "nombre": "Campiñas de Sevilla", "tipo": "ZEPA", "ha": 259.2}], "cobertura": {"agricola": 1.0}, "lugar": {"municipio": "Écija", "provincia": "Sevilla", "comunidad": "Andalucía"}, "lugar_focos": 2, "estado": "reciente", "effis": [], "effis_ha": null, "perimetro_s2": {"calculado": "2026-10-10T00:51Z", "definitivo": false, "ha": 3.1, "severidad": {"baja": 0.4, "moderada": 2.7, "alta": 0.0}, "imagenes": ["2026-10-07", "2026-10-09"], "fecha_antes": "2026-10-02", "fecha_despues": "2026-10-09", "una_imagen": 0.78, "cobertura": 1.0, "natura": [{"codigo": "ES6180017", "nombre": "Campiñas de Sevilla", "tipo": "ZEPA", "ha": 3.2}]}}}, {"type": "Feature", "geometry": {"type": "Polygon", "coordinates": [[[-7.48314, 39.61018], [-7.48314, 39.61076], [-7.48266, 39.61122], [-7.47929, 39.61163], [-7.47624, 39.61251], [-7.47403, 39.61353], [-7.47231, 39.61501], [-7.4715, 39.61618], [-7.47088, 39.61811], [-7.47108, 39.62107], [-7.47192, 39.62309], [-7.47156, 39.62378], [-7.47086, 39.624], [-7.46806, 39.62368], [-7.46563, 39.62392], [-7.4611, 39.62567], [-7.4603, 39.62526], [-7.45927, 39.62299], [-7.45774, 39.62139], [-7.45357, 39.61934], [-7.45364, 39.61643], [-7.45265, 39.61389], [-7.4517, 39.61279], [-7.4498, 39.61145], [-7.44595, 39.6101], [-7.44471, 39.60617], [-7.44545, 39.60539], [-7.44777, 39.60521], [-7.4505, 39.6045], [-7.45448, 39.60573], [-7.45872, 39.60557], [-7.46104, 39.60472], [-7.46237, 39.60387], [-7.46401, 39.60221], [-7.46494, 39.602], [-7.46759, 39.6034], [-7.47001, 39.60407], [-7.47257, 39.60417], [-7.47587, 39.60381], [-7.47823, 39.60746], [-7.48013, 39.6088], [-7.48266, 39.60972], [-7.48314, 39.61018]]]}, "properties": {"id": "IN-20261007-004", "primera": "2026-10-07T09:49Z", "ultima": "2026-10-07T13:27Z", "n_focos": 28, "n_viirs": 27, "pasadas": 2, "satelites": ["S-NPP", "Terra"], "frp_max": 12.0, "frp_total": 162.5, "ha_focos": 408.2, "centro": [-7.4634, 39.60666], "bbox": [-7.48447, 39.60119, -7.44344, 39.62648], "natura": [{"codigo": "ES4320002", "nombre": "Cedillo y Río Tajo Internacional", "tipo": "ZEC", "ha": 408.2}, {"codigo": "ES0000368", "nombre": "Río Tajo Internacional y Riberos", "tipo": "ZEPA", "ha": 408.2}], "cobertura": {"agricola": 0.82, "matorral": 0.11, "agroforestal": 0.07}, "lugar": {"municipio": "Cedillo", "provincia": "Cáceres", "comunidad": "Extremadura"}, "lugar_focos": 28, "estado": "reciente", "effis": [], "effis_ha": null, "perimeter_ha": 439.2, "steps": 1, "front_km": 9.84, "front_t": "2026-10-07T13:27Z", "max_growth_ha_h": null, "progression": [{"t": "2026-10-07T13:27Z", "ha": 439.2, "pixels": 27, "frp": 153.1, "front_km": 9.84}], "perimetro_s2": {"calculado": "2026-10-10T22:32Z", "definitivo": false, "ha": 32.8, "severidad": {"baja": 29.8, "moderada": 3.1, "alta": 0.0}, "imagenes": ["2026-10-07", "2026-10-10"], "fecha_antes": "2026-09-25", "fecha_despues": "2026-10-10", "una_imagen": 0.77, "cobertura": 0.99, "natura": [{"codigo": "ES4320002", "nombre": "Cedillo y Río Tajo Internacional", "tipo": "ZEC", "ha": 31.2}, {"codigo": "ES0000368", "nombre": "Río Tajo Internacional y Riberos", "tipo": "ZEPA", "ha": 31.2}]}}}, {"type": "Feature", "geometry": {"type": "Polygon", "coordinates": [[[-0.09985, 39.86347], [-0.09985, 39.86673], [-0.10441, 39.86673], [-0.10441, 39.86347], [-0.09985, 39.86347]]]}, "properties": {"id": "IN-20261007-005", "primera": "2026-10-07T12:53Z", "ultima": "2026-10-07T12:53Z", "n_focos": 1, "n_viirs": 1, "pasadas": 1, "satelites": ["NOAA-21"], "frp_max": 2.3, "frp_total": 2.3, "ha_focos": 14.0, "centro": [-0.10213, 39.8651], "bbox": [-0.10441, 39.86347, -0.09985, 39.86673], "natura": [], "cobertura": {"agricola": 1.0}, "lugar": {"municipio": "Burriana", "provincia": "Castellón", "comunidad": "Comunidad Valenciana"}, "lugar_focos": 1, "estado": "reciente", "effis": [], "effis_ha": null}}, {"type": "Feature", "geometry": {"type": "Polygon", "coordinates": [[[-5.22654, 37.50785], [-5.22654, 37.51111], [-5.23096, 37.51111], [-5.23096, 37.50785], [-5.22654, 37.50785]]]}, "properties": {"id": "IN-20261007-006", "primera": "2026-10-07T13:27Z", "ultima": "2026-10-07T13:27Z", "n_focos": 1, "n_viirs": 1, "pasadas": 1, "satelites": ["S-NPP"], "frp_max": 1.0, "frp_total": 1.0, "ha_focos": 14.0, "centro": [-5.22875, 37.50948], "bbox": [-5.23096, 37.50785, -5.22654, 37.51111], "natura": [], "cobertura": {"agricola": 1.0}, "lugar": {"municipio": "Écija", "provincia": "Sevilla", "comunidad": "Andalucía"}, "lugar_focos": 1, "estado": "reciente", "effis": [], "effis_ha": null}}, {"type": "Feature", "geometry": {"type": "Polygon", "coordinates": [[[-5.88841, 38.70706], [-5.88841, 38.71032], [-5.89289, 38.71032], [-5.89289, 38.70706], [-5.88841, 38.70706]]]}, "properties": {"id": "IN-20261007-007", "primera": "2026-10-07T13:27Z", "ultima": "2026-10-07T13:27Z", "n_focos": 1, "n_viirs": 1, "pasadas": 1, "satelites": ["S-NPP"], "frp_max": 2.8, "frp_total": 2.8, "ha_focos": 14.0, "centro": [-5.89065, 38.70869], "bbox": [-5.89289, 38.70706, -5.88841, 38.71032], "natura": [], "cobertura": {"agroforestal": 1.0}, "lugar": {"municipio": "Valle de la Serena", "provincia": "Badajoz", "comunidad": "Extremadura"}, "lugar_focos": 1, "estado": "reciente", "effis": [], "effis_ha": null}}, {"type": "Feature", "geometry": {"type": "Polygon", "coordinates": [[[-7.0051, 39.6565], [-7.0051, 39.65984], [-7.00976, 39.65984], [-7.00976, 39.6565], [-7.0051, 39.6565]]]}, "properties": {"id": "IN-20261007-008", "primera": "2026-10-07T13:27Z", "ultima": "2026-10-07T13:27Z", "n_focos": 1, "n_viirs": 1, "pasadas": 1, "satelites": ["S-NPP"], "frp_max": 2.1, "frp_total": 2.1, "ha_focos": 14.8, "centro": [-7.00743, 39.65817], "bbox": [-7.00976, 39.6565, -7.0051, 39.65984], "natura": [{"codigo": "ES0000369", "nombre": "Llanos de Alcantara y Brozas", "tipo": "ZEC y ZEPA", "ha": 14.8}], "cobertura": {"matorral": 1.0}, "lugar": {"municipio": "Alcántara", "provincia": "Cáceres", "comunidad": "Extremadura"}, "lugar_focos": 1, "estado": "reciente", "effis": [], "effis_ha": null, "perimetro_s2": {"calculado": "2026-10-10T22:32Z", "definitivo": false, "ha": 5.1, "severidad": {"baja": 4.9, "moderada": 0.2, "alta": 0.0}, "imagenes": ["2026-10-10"], "fecha_antes": "2026-09-25", "fecha_despues": "2026-10-10", "una_imagen": 1.0, "cobertura": 1.0, "natura": [{"codigo": "ES0000369", "nombre": "Llanos de Alcantara y Brozas", "tipo": "ZEC y ZEPA", "ha": 5.1}]}}}, {"type": "Feature", "geometry": {"type": "Polygon", "coordinates": [[[-6.76653, 38.59357], [-6.76653, 38.59719], [-6.77205, 38.59719], [-6.77205, 38.59357], [-6.76653, 38.59357]]]}, "properties": {"id": "IN-20261007-009", "primera": "2026-10-07T13:48Z", "ultima": "2026-10-07T13:48Z", "n_focos": 1, "n_viirs": 1, "pasadas": 1, "satelites": ["NOAA-20"], "frp_max": 4.7, "frp_total": 4.7, "ha_focos": 19.2, "centro": [-6.76929, 38.59538], "bbox": [-6.77205, 38.59357, -6.76653, 38.59719], "natura": [], "cobertura": {"agricola": 1.0}, "lugar": {"municipio": "Nogales", "provincia": "Badajoz", "comunidad": "Extremadura"}, "lugar_focos": 1, "estado": "reciente", "effis": [], "effis_ha": null}}, {"type": "Feature", "geometry": {"type": "Polygon", "coordinates": [[[-1.75075, 39.20489], [-1.75075, 39.20959], [-1.75735, 39.20959], [-1.75735, 39.20489], [-1.75075, 39.20489]]]}, "properties": {"id": "IN-20261007-010", "primera": "2026-10-07T13:48Z", "ultima": "2026-10-07T13:48Z", "n_focos": 1, "n_viirs": 1, "pasadas": 1, "satelites": ["NOAA-20"], "frp_max": 8.2, "frp_total": 8.2, "ha_focos": 29.6, "centro": [-1.75405, 39.20724], "bbox": [-1.75735, 39.20489, -1.75075, 39.20959], "natura": [], "cobertura": {"artificial": 1.0}, "lugar": {"municipio": "Mahora", "provincia": "Albacete", "comunidad": "Castilla-La Mancha"}, "lugar_focos": 1, "estado": "reciente", "effis": [], "effis_ha": null}}, {"type": "Feature", "geometry": {"type": "Polygon", "coordinates": [[[0.40236, 41.45271], [0.40236, 41.44737], [0.39505, 41.44741], [0.39505, 41.45275], [0.40236, 41.45271]]]}, "properties": {"id": "IN-20261007-011", "primera": "2026-10-07T13:48Z", "ultima": "2026-10-07T13:48Z", "n_focos": 2, "n_viirs": 2, "pasadas": 1, "satelites": ["NOAA-20"], "frp_max": 4.0, "frp_total": 7.3, "ha_focos": 36.0, "centro": [0.3987, 41.45006], "bbox": [0.39505, 41.44737, 0.40236, 41.45275], "natura": [], "cobertura": {"agricola": 1.0}, "lugar": {"municipio": "Seròs", "provincia": "Lérida", "comunidad": "Cataluña"}, "lugar_focos": 2, "estado": "reciente", "effis": [], "effis_ha": null}}, {"type": "Feature", "geometry": {"type": "Polygon", "coordinates": [[[-4.60568, 37.48118], [-4.61032, 37.48118], [-4.61032, 37.48452], [-4.60568, 37.48452], [-4.60568, 37.48118]]]}, "properties": {"id": "IN-20261008-001", "primera": "2026-10-08T02:09Z", "ultima": "2026-10-08T02:09Z", "n_focos": 2, "n_viirs": 2, "pasadas": 1, "satelites": ["NOAA-20"], "frp_max": 0.3, "frp_total": 0.7, "ha_focos": 15.2, "centro": [-4.608, 37.48285], "bbox": [-4.61032, 37.48118, -4.60568, 37.48452], "natura": [], "cobertura": {"agricola": 1.0}, "lugar": {"municipio": "Monturque", "provincia": "Córdoba", "comunidad": "Andalucía"}, "lugar_focos": 2, "estado": "reciente", "effis": [], "effis_ha": null}}, {"type": "Feature", "geometry": {"type": "Polygon", "coordinates": [[[-16.61417, 28.05907], [-16.61417, 28.05337], [-16.62053, 28.05341], [-16.62053, 28.05911], [-16.61417, 28.05907]]]}, "properties": {"id": "IN-20261008-002", "primera": "2026-10-08T02:11Z", "ultima": "2026-10-08T02:11Z", "n_focos": 2, "n_viirs": 2, "pasadas": 1, "satelites": ["NOAA-20"], "frp_max": 1.4, "frp_total": 2.7, "ha_focos": 39.5, "centro": [-16.61735, 28.05624], "bbox": [-16.62053, 28.05337, -16.61417, 28.05911], "natura": [], "cobertura": {"artificial": 1.0}, "lugar": {"municipio": "San Miguel de Abona", "provincia": "Santa Cruz de Tenerife", "comunidad": "Canarias"}, "lugar_focos": 2, "estado": "reciente", "effis": [], "effis_ha": null}}, {"type": "Feature", "geometry": {"type": "Polygon", "coordinates": [[[2.18365, 41.47484], [2.18365, 41.46996], [2.17981, 41.46996], [2.17981, 41.47265], [2.17772, 41.47265], [2.17772, 41.47609], [2.18288, 41.47609], [2.18288, 41.47484], [2.18365, 41.47484]]]}, "properties": {"id": "IN-20261008-003", "primera": "2026-10-08T02:06Z", "ultima": "2026-10-09T02:32Z", "n_focos": 2, "n_viirs": 2, "pasadas": 2, "satelites": ["NOAA-20", "NOAA-21"], "frp_max": 0.6, "frp_total": 1.0, "ha_focos": 27.4, "centro": [2.18069, 41.47375], "bbox": [2.17772, 41.46996, 2.18365, 41.47609], "natura": [{"codigo": "ES5110024", "nombre": "Serra de Collserola", "tipo": "ZEC", "ha": 6.1}], "cobertura": {"artificial": 0.5, "bosque": 0.5}, "lugar": {"comunidad": "Cataluña", "municipio": "Montcada i Reixac", "provincia": "Barcelona"}, "lugar_focos": 2, "estado": "reciente", "effis": [], "effis_ha": null, "perimetro_s2": {"calculado": "2026-10-09T09:04Z", "definitivo": false, "ha": 0.0, "severidad": {"baja": 0.0, "moderada": 0.0, "alta": 0.0}, "imagenes": ["2026-10-08"], "fecha_antes": "2026-09-25", "fecha_despues": "2026-10-08", "una_imagen": 0.0, "cobertura": 0.0, "nublado": true, "natura": []}}}, {"type": "Feature", "geometry": {"type": "Polygon", "coordinates": [[[-6.37839, 37.44606], [-6.37798, 37.44685], [-6.37701, 37.44696], [-6.37426, 37.4456], [-6.3739, 37.44466], [-6.37578, 37.44234], [-6.3769, 37.44212], [-6.37756, 37.4427], [-6.37775, 37.44443], [-6.37839, 37.44606]]]}, "properties": {"id": "IN-20261008-004", "primera": "2026-10-08T13:08Z", "ultima": "2026-10-08T13:27Z", "n_focos": 6, "n_viirs": 6, "pasadas": 2, "satelites": ["NOAA-20", "S-NPP"], "frp_max": 3.0, "frp_total": 15.0, "ha_focos": 35.9, "centro": [-6.37507, 37.44454], "bbox": [-6.37951, 37.44127, -6.37275, 37.44781], "natura": [], "cobertura": {"agricola": 1.0}, "lugar": {"municipio": "Paterna del Campo", "provincia": "Huelva", "comunidad": "Andalucía"}, "lugar_focos": 4, "estado": "reciente", "effis": [], "effis_ha": null, "perimeter_ha": 13.7, "steps": 1, "front_km": 1.48, "front_t": "2026-10-08T13:08Z", "max_growth_ha_h": null, "progression": [{"t": "2026-10-08T13:08Z", "ha": 13.7, "pixels": 6, "frp": 15.0, "front_km": 1.48}], "perimetro_s2": {"calculado": "2026-10-09T02:10Z", "definitivo": false, "sin_imagen": true}}}, {"type": "Feature", "geometry": {"type": "Polygon", "coordinates": [[[-1.61822, 38.66724], [-1.61874, 38.66933], [-1.61828, 38.66982], [-1.61341, 38.67082], [-1.61138, 38.67201], [-1.60976, 38.67346], [-1.60882, 38.67346], [-1.60826, 38.67297], [-1.60855, 38.67204], [-1.61283, 38.67043], [-1.61517, 38.66815], [-1.61694, 38.66704], [-1.61822, 38.66724]]]}, "properties": {"id": "IN-20261008-005", "primera": "2026-10-08T08:50Z", "ultima": "2026-10-08T15:29Z", "n_focos": 6, "n_viirs": 4, "pasadas": 5, "satelites": ["Aqua", "NOAA-20", "NOAA-21", "S-NPP", "Terra"], "frp_max": 30.6, "frp_total": 69.9, "ha_focos": 45.2, "centro": [-1.61669, 38.66883], "bbox": [-1.62014, 38.66615, -1.60699, 38.67435], "natura": [], "cobertura": {"agricola": 0.67, "matorral": 0.33}, "lugar": {"comunidad": "Castilla-La Mancha", "municipio": "Tobarra", "provincia": "Albacete"}, "lugar_focos": 6, "estado": "reciente", "effis": [], "effis_ha": null, "perimeter_ha": 16.9, "steps": 1, "front_km": 2.52, "front_t": "2026-10-08T12:32Z", "max_growth_ha_h": null, "progression": [{"t": "2026-10-08T12:32Z", "ha": 16.9, "pixels": 4, "frp": 34.5, "front_km": 2.52}], "perimetro_s2": {"calculado": "2026-10-10T00:51Z", "definitivo": false, "ha": 0.1, "severidad": {"baja": 0.1, "moderada": 0.0, "alta": 0.0}, "imagenes": ["2026-10-08", "2026-10-09"], "fecha_antes": "2026-09-24", "fecha_despues": "2026-10-09", "una_imagen": 0.0, "cobertura": 1.0, "natura": []}}}, {"type": "Feature", "geometry": {"type": "Polygon", "coordinates": [[[0.56094, 41.56994], [0.56094, 41.56668], [0.55437, 41.56664], [0.55437, 41.57026], [0.56094, 41.56994]]]}, "properties": {"id": "IN-20261008-006", "primera": "2026-10-08T08:50Z", "ultima": "2026-10-08T13:10Z", "n_focos": 3, "n_viirs": 2, "pasadas": 3, "satelites": ["NOAA-21", "S-NPP", "Terra"], "frp_max": 10.3, "frp_total": 15.8, "ha_focos": 21.6, "centro": [0.55765, 41.56831], "bbox": [0.55437, 41.56664, 0.56094, 41.57026], "natura": [], "cobertura": {"agricola": 0.67, "matorral": 0.33}, "lugar": {"municipio": "Alcarràs", "provincia": "Lérida", "comunidad": "Cataluña"}, "lugar_focos": 2, "estado": "reciente", "effis": [], "effis_ha": null, "perimetro_s2": {"calculado": "2026-10-08T19:48Z", "definitivo": false, "ha": 102.9, "severidad": {"baja": 81.6, "moderada": 19.8, "alta": 1.4}, "imagenes": ["2026-10-08"], "fecha_antes": "2026-09-21", "fecha_despues": "2026-10-08", "una_imagen": 1.0, "cobertura": 1.0, "natura": []}}}, {"type": "Feature", "geometry": {"type": "Polygon", "coordinates": [[[-4.5306, 37.75818], [-4.53039, 37.75904], [-4.52874, 37.76037], [-4.52457, 37.76141], [-4.52378, 37.76122], [-4.52332, 37.76067], [-4.52335, 37.7601], [-4.52378, 37.75964], [-4.52656, 37.75881], [-4.52881, 37.75751], [-4.52991, 37.75751], [-4.5306, 37.75818]]]}, "properties": {"id": "IN-20261008-007", "primera": "2026-10-08T12:32Z", "ultima": "2026-10-08T13:08Z", "n_focos": 3, "n_viirs": 3, "pasadas": 2, "satelites": ["NOAA-21", "S-NPP"], "frp_max": 6.2, "frp_total": 18.3, "ha_focos": 46.2, "centro": [-4.52739, 37.75909], "bbox": [-4.5322, 37.75658, -4.52258, 37.76296], "natura": [], "cobertura": {"agricola": 1.0}, "lugar": {"municipio": "Córdoba", "provincia": "Córdoba", "comunidad": "Andalucía"}, "lugar_focos": 2, "estado": "reciente", "effis": [], "effis_ha": null, "perimeter_ha": 14.5, "steps": 1, "front_km": 1.68, "front_t": "2026-10-08T12:32Z", "max_growth_ha_h": null, "progression": [{"t": "2026-10-08T12:32Z", "ha": 14.5, "pixels": 3, "frp": 18.3, "front_km": 1.68}], "perimetro_s2": {"calculado": "2026-10-10T00:51Z", "definitivo": false, "ha": 55.2, "severidad": {"baja": 37.0, "moderada": 18.2, "alta": 0.0}, "imagenes": ["2026-10-09"], "fecha_antes": "2026-10-02", "fecha_despues": "2026-10-09", "una_imagen": 1.0, "cobertura": 1.0, "natura": []}}}, {"type": "Feature", "geometry": {"type": "Polygon", "coordinates": [[[-6.57041, 38.87734], [-6.5779, 38.8773], [-6.5779, 38.88272], [-6.57041, 38.88276], [-6.57041, 38.87734]]]}, "properties": {"id": "IN-20261008-008", "primera": "2026-10-08T12:32Z", "ultima": "2026-10-08T12:32Z", "n_focos": 2, "n_viirs": 2, "pasadas": 1, "satelites": ["NOAA-21"], "frp_max": 9.3, "frp_total": 18.2, "ha_focos": 39.0, "centro": [-6.57415, 38.88003], "bbox": [-6.5779, 38.8773, -6.57041, 38.88276], "natura": [], "cobertura": {"agricola": 1.0}, "lugar": {"municipio": "Montijo", "provincia": "Badajoz", "comunidad": "Extremadura"}, "lugar_focos": 2, "estado": "reciente", "effis": [], "effis_ha": null}}, {"type": "Feature", "geometry": {"type": "Polygon", "coordinates": [[[-4.50527, 36.69985], [-4.50963, 36.69985], [-4.50963, 36.70311], [-4.50527, 36.70311], [-4.50527, 36.69985]]]}, "properties": {"id": "IN-20261008-009", "primera": "2026-10-08T13:27Z", "ultima": "2026-10-08T13:27Z", "n_focos": 2, "n_viirs": 2, "pasadas": 1, "satelites": ["NOAA-20"], "frp_max": 1.8, "frp_total": 3.7, "ha_focos": 14.0, "centro": [-4.50745, 36.70148], "bbox": [-4.50963, 36.69985, -4.50527, 36.70311], "natura": [], "cobertura": {"artificial": 1.0}, "lugar": {"municipio": "Málaga", "provincia": "Málaga", "comunidad": "Andalucía"}, "lugar_focos": 2, "estado": "reciente", "effis": [], "effis_ha": null}}, {"type": "Feature", "geometry": {"type": "Polygon", "coordinates": [[[-5.81309, 36.81571], [-5.81735, 36.81571], [-5.81735, 36.81897], [-5.81309, 36.81897], [-5.81309, 36.81571]]]}, "properties": {"id": "IN-20261008-010", "primera": "2026-10-08T13:27Z", "ultima": "2026-10-08T13:27Z", "n_focos": 2, "n_viirs": 2, "pasadas": 1, "satelites": ["NOAA-20"], "frp_max": 2.6, "frp_total": 5.1, "ha_focos": 13.7, "centro": [-5.81522, 36.81734], "bbox": [-5.81735, 36.81571, -5.81309, 36.81897], "natura": [], "cobertura": {"agricola": 1.0}, "lugar": {"municipio": "Arcos de la Frontera", "provincia": "Cádiz", "comunidad": "Andalucía"}, "lugar_focos": 2, "estado": "reciente", "effis": [], "effis_ha": null}}, {"type": "Feature", "geometry": {"type": "Polygon", "coordinates": [[[-5.82188, 37.49537], [-5.82618, 37.49537], [-5.82618, 37.49863], [-5.82188, 37.49863], [-5.82188, 37.49537]]]}, "properties": {"id": "IN-20261008-011", "primera": "2026-10-08T13:27Z", "ultima": "2026-10-08T13:27Z", "n_focos": 2, "n_viirs": 2, "pasadas": 1, "satelites": ["NOAA-20"], "frp_max": 1.9, "frp_total": 3.8, "ha_focos": 13.7, "centro": [-5.82403, 37.497], "bbox": [-5.82618, 37.49537, -5.82188, 37.49863], "natura": [], "cobertura": {"agricola": 1.0}, "lugar": {"municipio": "Carmona", "provincia": "Sevilla", "comunidad": "Andalucía"}, "lugar_focos": 2, "estado": "reciente", "effis": [], "effis_ha": null}}, {"type": "Feature", "geometry": {"type": "Polygon", "coordinates": [[[-1.43445, 38.25105], [-1.43445, 38.26155], [-1.45013, 38.26155], [-1.45013, 38.25105], [-1.43445, 38.25105]]]}, "properties": {"id": "IN-20261008-012", "primera": "2026-10-08T08:50Z", "ultima": "2026-10-08T08:50Z", "n_focos": 1, "n_viirs": 0, "pasadas": 1, "satelites": ["Terra"], "frp_max": 4.9, "frp_total": 4.9, "ha_focos": 158.9, "centro": [-1.44229, 38.2563], "bbox": [-1.45013, 38.25105, -1.43445, 38.26155], "natura": [], "cobertura": {"agricola": 1.0}, "lugar": {"municipio": "Cieza", "provincia": "Región de Murcia", "comunidad": "Región de Murcia"}, "lugar_focos": 1, "estado": "reciente", "effis": [], "effis_ha": null}}, {"type": "Feature", "geometry": {"type": "Polygon", "coordinates": [[[-1.46416, 38.31456], [-1.46416, 38.32506], [-1.47984, 38.32506], [-1.47984, 38.31456], [-1.46416, 38.31456]]]}, "properties": {"id": "IN-20261008-013", "primera": "2026-10-08T08:50Z", "ultima": "2026-10-08T08:50Z", "n_focos": 1, "n_viirs": 0, "pasadas": 1, "satelites": ["Terra"], "frp_max": 8.4, "frp_total": 8.4, "ha_focos": 158.9, "centro": [-1.472, 38.31981], "bbox": [-1.47984, 38.31456, -1.46416, 38.32506], "natura": [], "cobertura": {"agricola": 1.0}, "lugar": {"municipio": "Cieza", "provincia": "Región de Murcia", "comunidad": "Región de Murcia"}, "lugar_focos": 1, "estado": "reciente", "effis": [], "effis_ha": null}}, {"type": "Feature", "geometry": {"type": "Polygon", "coordinates": [[[-0.21257, 39.70675], [-0.21257, 39.71679], [-0.22705, 39.71679], [-0.22705, 39.70675], [-0.21257, 39.70675]]]}, "properties": {"id": "IN-20261008-014", "primera": "2026-10-08T08:50Z", "ultima": "2026-10-08T08:50Z", "n_focos": 1, "n_viirs": 0, "pasadas": 1, "satelites": ["Terra"], "frp_max": 4.4, "frp_total": 4.4, "ha_focos": 137.6, "centro": [-0.21981, 39.71177], "bbox": [-0.22705, 39.70675, -0.21257, 39.71679], "natura": [{"codigo": "ES5223007", "nombre": "Marjal d'Almenara", "tipo": "ZEC", "ha": 1.1}, {"codigo": "ES0000450", "nombre": "Marjal i Estanys d'Almenara", "tipo": "ZEPA", "ha": 1.0}], "cobertura": {"agricola": 1.0}, "lugar": {"municipio": "Sagunto", "provincia": "Valencia", "comunidad": "Comunidad Valenciana"}, "lugar_focos": 1, "estado": "reciente", "effis": [], "effis_ha": null, "perimetro_s2": {"calculado": "2026-10-09T02:10Z", "definitivo": false, "ha": 1.5, "severidad": {"baja": 0.5, "moderada": 0.9, "alta": 0.1}, "imagenes": ["2026-10-08"], "fecha_antes": "2026-09-26", "fecha_despues": "2026-10-08", "una_imagen": 1.0, "cobertura": 0.81, "natura": []}}}, {"type": "Feature", "geometry": {"type": "Polygon", "coordinates": [[[1.42857, 38.91966], [1.42857, 38.92328], [1.42291, 38.92328], [1.42291, 38.91966], [1.42857, 38.91966]]]}, "properties": {"id": "IN-20261008-015", "primera": "2026-10-08T12:32Z", "ultima": "2026-10-08T12:32Z", "n_focos": 1, "n_viirs": 1, "pasadas": 1, "satelites": ["NOAA-21"], "frp_max": 3.9, "frp_total": 3.9, "ha_focos": 19.6, "centro": [1.42574, 38.92147], "bbox": [1.42291, 38.91966, 1.42857, 38.92328], "natura": [], "cobertura": {"artificial": 1.0}, "lugar": {"municipio": "Ibiza", "provincia": "Islas Baleares", "comunidad": "Islas Baleares"}, "lugar_focos": 1, "estado": "reciente", "effis": [], "effis_ha": null}}, {"type": "Feature", "geometry": {"type": "Polygon", "coordinates": [[[-3.64668, 39.40792], [-3.6518, 39.40792], [-3.6518, 39.40902], [-3.65231, 39.40902], [-3.65231, 39.41364], [-3.64579, 39.41364], [-3.64579, 39.40902], [-3.64668, 39.40902], [-3.64668, 39.40792]]]}, "properties": {"id": "IN-20261008-016", "primera": "2026-10-08T12:32Z", "ultima": "2026-10-08T13:10Z", "n_focos": 2, "n_viirs": 2, "pasadas": 2, "satelites": ["NOAA-21", "S-NPP"], "frp_max": 4.1, "frp_total": 7.8, "ha_focos": 33.9, "centro": [-3.64905, 39.41133], "bbox": [-3.65231, 39.40792, -3.64579, 39.41364], "natura": [], "cobertura": {"agricola": 1.0}, "lugar": {"comunidad": "Castilla-La Mancha", "municipio": "Consuegra", "provincia": "Toledo"}, "lugar_focos": 2, "estado": "reciente", "effis": [], "effis_ha": null}}, {"type": "Feature", "geometry": {"type": "Polygon", "coordinates": [[[3.14476, 39.7556], [3.14476, 39.75904], [3.13986, 39.75904], [3.13986, 39.7556], [3.14476, 39.7556]]]}, "properties": {"id": "IN-20261008-017", "primera": "2026-10-08T12:32Z", "ultima": "2026-10-08T12:32Z", "n_focos": 1, "n_viirs": 1, "pasadas": 1, "satelites": ["NOAA-21"], "frp_max": 6.8, "frp_total": 6.8, "ha_focos": 16.0, "centro": [3.14231, 39.75732], "bbox": [3.13986, 39.7556, 3.14476, 39.75904], "natura": [], "cobertura": {"agroforestal": 1.0}, "lugar": {"municipio": "Santa Margalida", "provincia": "Islas Baleares", "comunidad": "Islas Baleares"}, "lugar_focos": 1, "estado": "reciente", "effis": [], "effis_ha": null}}, {"type": "Feature", "geometry": {"type": "Polygon", "coordinates": [[[-2.99667, 38.54587], [-2.99667, 38.54931], [-3.00173, 38.54931], [-3.00173, 38.54587], [-2.99667, 38.54587]]]}, "properties": {"id": "IN-20261008-018", "primera": "2026-10-08T13:27Z", "ultima": "2026-10-08T13:27Z", "n_focos": 1, "n_viirs": 1, "pasadas": 1, "satelites": ["NOAA-20"], "frp_max": 1.9, "frp_total": 1.9, "ha_focos": 16.7, "centro": [-2.9992, 38.54759], "bbox": [-3.00173, 38.54587, -2.99667, 38.54931], "natura": [], "cobertura": {"artificial": 1.0}, "lugar": {"municipio": "Villamanrique", "provincia": "Ciudad Real", "comunidad": "Castilla-La Mancha"}, "lugar_focos": 1, "estado": "reciente", "effis": [], "effis_ha": null}}, {"type": "Feature", "geometry": {"type": "Polygon", "coordinates": [[[-5.73966, 39.95662], [-5.74576, 39.95662], [-5.74576, 39.96042], [-5.7373, 39.96071], [-5.7373, 39.95745], [-5.73966, 39.95745], [-5.73966, 39.95662]]]}, "properties": {"id": "IN-20261008-019", "primera": "2026-10-08T13:10Z", "ultima": "2026-10-08T13:27Z", "n_focos": 2, "n_viirs": 2, "pasadas": 2, "satelites": ["NOAA-20", "S-NPP"], "frp_max": 3.5, "frp_total": 7.0, "ha_focos": 29.7, "centro": [-5.74153, 39.95894], "bbox": [-5.74576, 39.95662, -5.7373, 39.96071], "natura": [], "cobertura": {"agricola": 0.5, "agroforestal": 0.5}, "lugar": {"comunidad": "Extremadura", "municipio": "Majadas", "provincia": "Cáceres"}, "lugar_focos": 2, "estado": "reciente", "effis": [], "effis_ha": null}}, {"type": "Feature", "geometry": {"type": "Polygon", "coordinates": [[[-4.73959, 40.05961], [-4.73959, 40.06174], [-4.73919, 40.06232], [-4.73634, 40.06353], [-4.73495, 40.06309], [-4.73495, 40.06209], [-4.73781, 40.05933], [-4.73885, 40.05913], [-4.73959, 40.05961]]]}, "properties": {"id": "IN-20261008-020", "primera": "2026-10-08T13:10Z", "ultima": "2026-10-08T13:27Z", "n_focos": 3, "n_viirs": 3, "pasadas": 2, "satelites": ["NOAA-20", "S-NPP"], "frp_max": 5.2, "frp_total": 9.0, "ha_focos": 36.4, "centro": [-4.73718, 40.06209], "bbox": [-4.7411, 40.05831, -4.73327, 40.0644], "natura": [], "cobertura": {"agricola": 1.0}, "lugar": {"comunidad": "Castilla-La Mancha", "municipio": "San Román de los Montes", "provincia": "Toledo"}, "lugar_focos": 3, "estado": "reciente", "effis": [], "effis_ha": null, "perimeter_ha": 12.4, "steps": 1, "front_km": 1.42, "front_t": "2026-10-08T13:10Z", "max_growth_ha_h": null, "progression": [{"t": "2026-10-08T13:10Z", "ha": 12.4, "pixels": 3, "frp": 9.0, "front_km": 1.42}], "perimetro_s2": {"calculado": "2026-10-08T19:48Z", "definitivo": false, "sin_imagen": true}}}, {"type": "Feature", "geometry": {"type": "Polygon", "coordinates": [[[-3.58992, 40.52577], [-3.58982, 40.52655], [-3.58731, 40.52855], [-3.58555, 40.53119], [-3.58122, 40.53077], [-3.57782, 40.53129], [-3.57559, 40.53231], [-3.57436, 40.53325], [-3.57303, 40.53496], [-3.57196, 40.53727], [-3.56847, 40.53774], [-3.56639, 40.53835], [-3.56521, 40.53775], [-3.56498, 40.53615], [-3.56409, 40.53389], [-3.56577, 40.53216], [-3.56688, 40.53036], [-3.56727, 40.52839], [-3.56688, 40.52623], [-3.56745, 40.52549], [-3.57266, 40.52588], [-3.57597, 40.52511], [-3.57865, 40.52343], [-3.57998, 40.52173], [-3.58074, 40.51967], [-3.58182, 40.51923], [-3.58513, 40.52104], [-3.58862, 40.52205], [-3.58992, 40.52577]]]}, "properties": {"id": "IN-20261008-021", "primera": "2026-10-08T13:10Z", "ultima": "2026-10-08T13:10Z", "n_focos": 10, "n_viirs": 10, "pasadas": 1, "satelites": ["S-NPP"], "frp_max": 5.6, "frp_total": 33.2, "ha_focos": 162.0, "centro": [-3.56826, 40.53573], "bbox": [-3.59134, 40.51842, -3.56272, 40.53916], "natura": [], "cobertura": {"artificial": 1.0}, "lugar": {"municipio": "San Sebastián de los Reyes", "provincia": "Comunidad de Madrid", "comunidad": "Comunidad de Madrid"}, "lugar_focos": 10, "estado": "reciente", "effis": [], "effis_ha": null, "perimeter_ha": 209.6, "steps": 1, "front_km": 5.83, "front_t": "2026-10-08T13:10Z", "max_growth_ha_h": null, "progression": [{"t": "2026-10-08T13:10Z", "ha": 209.6, "pixels": 10, "frp": 33.2, "front_km": 5.83}], "perimetro_s2": {"calculado": "2026-10-10T00:51Z", "definitivo": false, "ha": 153.3, "severidad": {"baja": 148.3, "moderada": 5.0, "alta": 0.0}, "imagenes": ["2026-10-09"], "fecha_antes": "2026-09-24", "fecha_despues": "2026-10-09", "una_imagen": 1.0, "cobertura": 1.0, "natura": [{"codigo": "ES3110001", "nombre": "Cuencas de los ríos Jarama y Henares", "tipo": "ZEC", "ha": 5.0}]}}}, {"type": "Feature", "geometry": {"type": "MultiPolygon", "coordinates": [[[[-6.056, 38.29567], [-6.05591, 38.29636], [-6.05548, 38.29682], [-6.0528, 38.2978], [-6.05079, 38.29916], [-6.04845, 38.30256], [-6.0472, 38.30281], [-6.04616, 38.3022], [-6.04599, 38.30152], [-6.04646, 38.29882], [-6.04558, 38.29585], [-6.04613, 38.29493], [-6.05244, 38.29443], [-6.0551, 38.2948], [-6.056, 38.29567]]], [[[-6.07003, 38.3069], [-6.06991, 38.30783], [-6.06907, 38.30833], [-6.06791, 38.30815], [-6.06737, 38.30743], [-6.06762, 38.30662], [-6.06839, 38.30621], [-6.06944, 38.30634], [-6.07003, 38.3069]]]]}, "properties": {"id": "IN-20261008-022", "primera": "2026-10-08T14:14Z", "ultima": "2026-10-09T13:53Z", "n_focos": 6, "n_viirs": 6, "pasadas": 2, "satelites": ["NOAA-21"], "frp_max": 16.6, "frp_total": 65.2, "ha_focos": 123.2, "centro": [-6.0482, 38.29858], "bbox": [-6.07153, 38.29276, -6.04451, 38.30944], "natura": [], "cobertura": {"agricola": 1.0}, "lugar": {"municipio": "Villagarcía de la Torre", "provincia": "Badajoz", "comunidad": "Extremadura"}, "lugar_focos": 5, "estado": "reciente", "effis": [], "effis_ha": null, "perimeter_ha": 51.0, "steps": 2, "front_km": 0.76, "front_t": "2026-10-09T13:53Z", "max_growth_ha_h": 0.2, "progression": [{"t": "2026-10-08T14:14Z", "ha": 46.4, "pixels": 5, "frp": 58.7, "front_km": 3.07}, {"t": "2026-10-09T13:53Z", "ha": 51.0, "pixels": 1, "frp": 6.5, "front_km": 0.76, "growth_ha_h": 0.2}], "perimetro_s2": {"calculado": "2026-10-10T00:51Z", "definitivo": false, "sin_imagen": true}}}, {"type": "Feature", "geometry": {"type": "Polygon", "coordinates": [[[-6.86627, 37.3122], [-6.866, 37.3133], [-6.86417, 37.31412], [-6.86312, 37.31408], [-6.86238, 37.31335], [-6.86269, 37.31234], [-6.86453, 37.31155], [-6.86557, 37.31159], [-6.86627, 37.3122]]]}, "properties": {"id": "IN-20261008-023", "primera": "2026-10-08T14:12Z", "ultima": "2026-10-08T14:12Z", "n_focos": 4, "n_viirs": 4, "pasadas": 1, "satelites": ["NOAA-21"], "frp_max": 20.9, "frp_total": 74.9, "ha_focos": 32.1, "centro": [-6.86432, 37.31283], "bbox": [-6.86719, 37.30986, -6.86145, 37.31579], "natura": [], "cobertura": {"artificial": 1.0}, "lugar": {"municipio": "Huelva", "provincia": "Huelva", "comunidad": "Andalucía"}, "lugar_focos": 4, "estado": "reciente", "effis": [], "effis_ha": null, "perimeter_ha": 7.6, "steps": 1, "front_km": 1.01, "front_t": "2026-10-08T14:12Z", "max_growth_ha_h": null, "progression": [{"t": "2026-10-08T14:12Z", "ha": 7.6, "pixels": 4, "frp": 74.9, "front_km": 1.01}], "perimetro_s2": {"calculado": "2026-10-08T19:48Z", "definitivo": false, "sin_imagen": true}}}, {"type": "Feature", "geometry": {"type": "Polygon", "coordinates": [[[-2.10607, 39.58844], [-2.10603, 39.5891], [-2.10457, 39.59048], [-2.10348, 39.59228], [-2.1031, 39.59425], [-2.10336, 39.59649], [-2.10268, 39.59701], [-2.10174, 39.59694], [-2.1012, 39.59624], [-2.10147, 39.59474], [-2.10127, 39.59286], [-2.10041, 39.59109], [-2.09935, 39.58982], [-2.09935, 39.58924], [-2.10003, 39.58872], [-2.10233, 39.58854], [-2.10486, 39.58788], [-2.10559, 39.58799], [-2.10607, 39.58844]]]}, "properties": {"id": "IN-20261008-024", "primera": "2026-10-08T13:10Z", "ultima": "2026-10-08T13:10Z", "n_focos": 3, "n_viirs": 3, "pasadas": 1, "satelites": ["S-NPP"], "frp_max": 13.1, "frp_total": 23.5, "ha_focos": 44.3, "centro": [-2.10271, 39.58913], "bbox": [-2.10735, 39.58706, -2.09807, 39.59787], "natura": [], "cobertura": {"agricola": 1.0}, "lugar": {"municipio": "Alarcón", "provincia": "Cuenca", "comunidad": "Castilla-La Mancha"}, "lugar_focos": 3, "estado": "reciente", "effis": [], "effis_ha": null, "perimeter_ha": 26.3, "steps": 1, "front_km": 2.63, "front_t": "2026-10-08T13:10Z", "max_growth_ha_h": null, "progression": [{"t": "2026-10-08T13:10Z", "ha": 26.3, "pixels": 3, "frp": 23.5, "front_km": 2.63}], "perimetro_s2": {"calculado": "2026-10-10T00:51Z", "definitivo": false, "ha": 0.0, "severidad": {"baja": 0.0, "moderada": 0.0, "alta": 0.0}, "imagenes": ["2026-10-09"], "fecha_antes": "2026-09-26", "fecha_despues": "2026-10-09", "una_imagen": 1.0, "cobertura": 1.0, "natura": []}}}, {"type": "Feature", "geometry": {"type": "MultiPolygon", "coordinates": [[[[-3.25282, 40.71835], [-3.25282, 40.71895], [-3.25223, 40.71945], [-3.24982, 40.71966], [-3.24707, 40.72039], [-3.2463, 40.72028], [-3.24426, 40.71911], [-3.24881, 40.71851], [-3.25156, 40.71778], [-3.25233, 40.71789], [-3.25282, 40.71835]]], [[[-3.23887, 40.71827], [-3.23606, 40.71873], [-3.2353, 40.71839], [-3.23508, 40.71773], [-3.23554, 40.71715], [-3.2364, 40.71699], [-3.23887, 40.71827]]]]}, "properties": {"id": "IN-20261008-025", "primera": "2026-10-08T13:10Z", "ultima": "2026-10-08T13:10Z", "n_focos": 3, "n_viirs": 3, "pasadas": 1, "satelites": ["S-NPP"], "frp_max": 4.0, "frp_total": 11.8, "ha_focos": 46.3, "centro": [-3.24931, 40.71908], "bbox": [-3.25422, 40.71619, -3.23374, 40.72119], "natura": [], "cobertura": {"agricola": 1.0}, "lugar": {"municipio": "Guadalajara", "provincia": "Guadalajara", "comunidad": "Castilla-La Mancha"}, "lugar_focos": 3, "estado": "reciente", "effis": [], "effis_ha": null, "perimeter_ha": 14.4, "steps": 1, "front_km": 2.46, "front_t": "2026-10-08T13:10Z", "max_growth_ha_h": null, "progression": [{"t": "2026-10-08T13:10Z", "ha": 14.4, "pixels": 3, "frp": 11.8, "front_km": 2.46}], "perimetro_s2": {"calculado": "2026-10-10T00:51Z", "definitivo": false, "ha": 68.8, "severidad": {"baja": 68.7, "moderada": 0.1, "alta": 0.0}, "imagenes": ["2026-10-09"], "fecha_antes": "2026-09-24", "fecha_despues": "2026-10-09", "una_imagen": 1.0, "cobertura": 1.0, "natura": []}}}, {"type": "Feature", "geometry": {"type": "Polygon", "coordinates": [[[-5.90179, 36.95886], [-5.90629, 36.95886], [-5.90629, 36.96284], [-5.90179, 36.96284], [-5.90179, 36.95886]]]}, "properties": {"id": "IN-20261008-026", "primera": "2026-10-08T13:08Z", "ultima": "2026-10-08T13:08Z", "n_focos": 2, "n_viirs": 2, "pasadas": 1, "satelites": ["S-NPP"], "frp_max": 2.1, "frp_total": 4.3, "ha_focos": 17.6, "centro": [-5.90404, 36.96085], "bbox": [-5.90629, 36.95886, -5.90179, 36.96284], "natura": [], "cobertura": {"agricola": 1.0}, "lugar": {"municipio": "Las Cabezas de San Juan", "provincia": "Sevilla", "comunidad": "Andalucía"}, "lugar_focos": 2, "estado": "reciente", "effis": [], "effis_ha": null}}, {"type": "Feature", "geometry": {"type": "Polygon", "coordinates": [[[-4.1102, 39.93187], [-4.11016, 39.93253], [-4.10963, 39.93294], [-4.10634, 39.93331], [-4.10261, 39.9347], [-4.1008, 39.93609], [-4.09934, 39.93816], [-4.09829, 39.9385], [-4.09729, 39.93793], [-4.09693, 39.93573], [-4.09591, 39.93387], [-4.09333, 39.93173], [-4.09311, 39.93118], [-4.09348, 39.93058], [-4.09428, 39.93036], [-4.0973, 39.93171], [-4.09965, 39.93222], [-4.10562, 39.93206], [-4.1091, 39.9313], [-4.1102, 39.93187]]]}, "properties": {"id": "IN-20261008-027", "primera": "2026-10-08T13:10Z", "ultima": "2026-10-09T13:10Z", "n_focos": 5, "n_viirs": 5, "pasadas": 2, "satelites": ["NOAA-20", "S-NPP"], "frp_max": 5.5, "frp_total": 20.7, "ha_focos": 70.3, "centro": [-4.10565, 39.93258], "bbox": [-4.11149, 39.92955, -4.09189, 39.93933], "natura": [], "cobertura": {"agricola": 1.0}, "lugar": {"municipio": "Bargas", "provincia": "Toledo", "comunidad": "Castilla-La Mancha"}, "lugar_focos": 5, "estado": "reciente", "effis": [], "effis_ha": null, "perimeter_ha": 46.2, "steps": 2, "front_km": 2.88, "front_t": "2026-10-09T13:10Z", "max_growth_ha_h": 1.4, "progression": [{"t": "2026-10-08T13:10Z", "ha": 11.8, "pixels": 2, "frp": 10.9, "front_km": 1.88}, {"t": "2026-10-09T13:10Z", "ha": 46.2, "pixels": 3, "frp": 9.8, "front_km": 2.88, "growth_ha_h": 1.4}], "perimetro_s2": {"calculado": "2026-10-10T00:51Z", "definitivo": false, "ha": 52.6, "severidad": {"baja": 51.2, "moderada": 1.3, "alta": 0.0}, "imagenes": ["2026-10-09"], "fecha_antes": "2026-09-29", "fecha_despues": "2026-10-09", "una_imagen": 1.0, "cobertura": 0.98, "natura": []}}}, {"type": "Feature", "geometry": {"type": "MultiPolygon", "coordinates": [[[[-3.1636, 40.66257], [-3.1636, 40.66591], [-3.15862, 40.66591], [-3.15862, 40.66257], [-3.1636, 40.66257]]], [[[-3.15971, 40.66681], [-3.15971, 40.67015], [-3.15485, 40.67015], [-3.15485, 40.66681], [-3.15971, 40.66681]]]]}, "properties": {"id": "IN-20261008-028", "primera": "2026-10-08T13:10Z", "ultima": "2026-10-08T13:10Z", "n_focos": 2, "n_viirs": 2, "pasadas": 1, "satelites": ["S-NPP"], "frp_max": 2.2, "frp_total": 3.8, "ha_focos": 30.7, "centro": [-3.16111, 40.66424], "bbox": [-3.1636, 40.66257, -3.15485, 40.67015], "natura": [], "cobertura": {"agricola": 1.0}, "lugar": {"municipio": "Guadalajara", "provincia": "Guadalajara", "comunidad": "Castilla-La Mancha"}, "lugar_focos": 2, "estado": "reciente", "effis": [], "effis_ha": null}}, {"type": "Feature", "geometry": {"type": "Polygon", "coordinates": [[[-6.54559, 39.02713], [-6.54559, 39.02161], [-6.55045, 39.02161], [-6.55045, 39.02422], [-6.55151, 39.02422], [-6.55151, 39.02982], [-6.54653, 39.02982], [-6.54653, 39.02713], [-6.54559, 39.02713]]]}, "properties": {"id": "IN-20261008-029", "primera": "2026-10-08T14:14Z", "ultima": "2026-10-08T14:14Z", "n_focos": 2, "n_viirs": 2, "pasadas": 1, "satelites": ["NOAA-21"], "frp_max": 8.8, "frp_total": 17.5, "ha_focos": 41.4, "centro": [-6.54855, 39.02567], "bbox": [-6.55151, 39.02161, -6.54559, 39.02982], "natura": [], "cobertura": {"agricola": 1.0}, "lugar": {"municipio": "Mérida", "provincia": "Badajoz", "comunidad": "Extremadura"}, "lugar_focos": 2, "estado": "reciente", "effis": [], "effis_ha": null}}, {"type": "Feature", "geometry": {"type": "Polygon", "coordinates": [[[-5.83689, 36.82396], [-5.84991, 36.82396], [-5.84991, 36.83364], [-5.83689, 36.83364], [-5.83689, 36.82396]]]}, "properties": {"id": "IN-20261008-030", "primera": "2026-10-08T15:29Z", "ultima": "2026-10-08T15:29Z", "n_focos": 2, "n_viirs": 0, "pasadas": 1, "satelites": ["Aqua"], "frp_max": 11.3, "frp_total": 22.6, "ha_focos": 124.1, "centro": [-5.8434, 36.8288], "bbox": [-5.84991, 36.82396, -5.83689, 36.83364], "natura": [], "cobertura": {"agricola": 1.0}, "lugar": {"municipio": "Arcos de la Frontera", "provincia": "Cádiz", "comunidad": "Andalucía"}, "lugar_focos": 2, "estado": "reciente", "effis": [], "effis_ha": null}}, {"type": "Feature", "geometry": {"type": "Polygon", "coordinates": [[[-4.60843, 39.86033], [-4.62025, 39.86033], [-4.62025, 39.86947], [-4.60888, 39.86947], [-4.60888, 39.87118], [-4.59706, 39.87118], [-4.59706, 39.86214], [-4.60843, 39.86214], [-4.60843, 39.86033]]]}, "properties": {"id": "IN-20261008-031", "primera": "2026-10-08T15:29Z", "ultima": "2026-10-08T15:29Z", "n_focos": 2, "n_viirs": 0, "pasadas": 1, "satelites": ["Aqua"], "frp_max": 33.8, "frp_total": 52.1, "ha_focos": 199.9, "centro": [-4.60865, 39.8658], "bbox": [-4.62025, 39.86033, -4.59706, 39.87118], "natura": [], "cobertura": {"matorral": 0.5, "agroforestal": 0.5}, "lugar": {"municipio": "Malpica de Tajo", "provincia": "Toledo", "comunidad": "Castilla-La Mancha"}, "lugar_focos": 2, "estado": "reciente", "effis": [], "effis_ha": null}}, {"type": "Feature", "geometry": {"type": "Polygon", "coordinates": [[[-3.96479, 38.06133], [-3.96947, 38.06133], [-3.96947, 38.06467], [-3.96502, 38.06467], [-3.96502, 38.06755], [-3.95966, 38.06755], [-3.95966, 38.06393], [-3.96479, 38.06393], [-3.96479, 38.06133]]]}, "properties": {"id": "IN-20261008-032", "primera": "2026-10-08T13:08Z", "ultima": "2026-10-09T13:10Z", "n_focos": 2, "n_viirs": 2, "pasadas": 2, "satelites": ["NOAA-20", "S-NPP"], "frp_max": 3.0, "frp_total": 4.6, "ha_focos": 33.8, "centro": [-3.96456, 38.0643], "bbox": [-3.96947, 38.06133, -3.95966, 38.06755], "natura": [], "cobertura": {"agricola": 1.0}, "lugar": {"municipio": "Andújar", "provincia": "Jaén", "comunidad": "Andalucía"}, "lugar_focos": 2, "estado": "reciente", "effis": [], "effis_ha": null}}, {"type": "Feature", "geometry": {"type": "Polygon", "coordinates": [[[-1.6863, 38.25901], [-1.6863, 38.26235], [-1.69088, 38.26235], [-1.69088, 38.25901], [-1.6863, 38.25901]]]}, "properties": {"id": "IN-20261008-033", "primera": "2026-10-08T13:08Z", "ultima": "2026-10-08T13:08Z", "n_focos": 1, "n_viirs": 1, "pasadas": 1, "satelites": ["S-NPP"], "frp_max": 2.1, "frp_total": 2.1, "ha_focos": 14.8, "centro": [-1.68859, 38.26068], "bbox": [-1.69088, 38.25901, -1.6863, 38.26235], "natura": [], "cobertura": {"agricola": 1.0}, "lugar": {"comunidad": "Región de Murcia", "municipio": "Calasparra", "provincia": "Región de Murcia"}, "lugar_focos": 1, "estado": "reciente", "effis": [], "effis_ha": null}}, {"type": "Feature", "geometry": {"type": "Polygon", "coordinates": [[[-3.34681, 39.06873], [-3.34681, 39.07217], [-3.35191, 39.07217], [-3.35191, 39.06873], [-3.34681, 39.06873]]]}, "properties": {"id": "IN-20261008-034", "primera": "2026-10-08T13:10Z", "ultima": "2026-10-08T13:10Z", "n_focos": 1, "n_viirs": 1, "pasadas": 1, "satelites": ["S-NPP"], "frp_max": 10.2, "frp_total": 10.2, "ha_focos": 16.7, "centro": [-3.34936, 39.07045], "bbox": [-3.35191, 39.06873, -3.34681, 39.07217], "natura": [], "cobertura": {"agricola": 1.0}, "lugar": {"municipio": "Manzanares", "provincia": "Ciudad Real", "comunidad": "Castilla-La Mancha"}, "lugar_focos": 1, "estado": "reciente", "effis": [], "effis_ha": null}}, {"type": "Feature", "geometry": {"type": "Polygon", "coordinates": [[[-0.25684, 39.20508], [-0.25684, 39.20834], [-0.26124, 39.20834], [-0.26124, 39.20508], [-0.25684, 39.20508]]]}, "properties": {"id": "IN-20261008-035", "primera": "2026-10-08T13:10Z", "ultima": "2026-10-08T13:10Z", "n_focos": 1, "n_viirs": 1, "pasadas": 1, "satelites": ["S-NPP"], "frp_max": 2.1, "frp_total": 2.1, "ha_focos": 13.7, "centro": [-0.25904, 39.20671], "bbox": [-0.26124, 39.20508, -0.25684, 39.20834], "natura": [{"codigo": "ES0000023", "nombre": "L'Albufera", "tipo": "ZEC", "ha": 13.7}, {"codigo": "ES0000471", "nombre": "l'Albufera (ZEPA)", "tipo": "ZEPA", "ha": 13.7}], "cobertura": {"agricola": 1.0}, "lugar": {"municipio": "Cullera", "provincia": "Valencia", "comunidad": "Comunidad Valenciana"}, "lugar_focos": 1, "estado": "reciente", "effis": [], "effis_ha": null, "perimetro_s2": {"calculado": "2026-10-08T19:48Z", "definitivo": false, "sin_imagen": true}}}, {"type": "Feature", "geometry": {"type": "Polygon", "coordinates": [[[-3.77199, 39.6409], [-3.77199, 39.64442], [-3.77713, 39.64442], [-3.77713, 39.6409], [-3.77199, 39.6409]]]}, "properties": {"id": "IN-20261008-036", "primera": "2026-10-08T13:10Z", "ultima": "2026-10-08T13:10Z", "n_focos": 1, "n_viirs": 1, "pasadas": 1, "satelites": ["S-NPP"], "frp_max": 4.5, "frp_total": 4.5, "ha_focos": 17.2, "centro": [-3.77456, 39.64266], "bbox": [-3.77713, 39.6409, -3.77199, 39.64442], "natura": [], "cobertura": {"agricola": 1.0}, "lugar": {"municipio": "Mora", "provincia": "Toledo", "comunidad": "Castilla-La Mancha"}, "lugar_focos": 1, "estado": "reciente", "effis": [], "effis_ha": null}}, {"type": "Feature", "geometry": {"type": "Polygon", "coordinates": [[[-8.29685, 42.10536], [-8.29685, 42.1106], [-8.30121, 42.1106], [-8.30121, 42.10536], [-8.29685, 42.10536]]]}, "properties": {"id": "IN-20261008-037", "primera": "2026-10-08T14:14Z", "ultima": "2026-10-08T14:14Z", "n_focos": 1, "n_viirs": 1, "pasadas": 1, "satelites": ["NOAA-21"], "frp_max": 3.1, "frp_total": 3.1, "ha_focos": 20.9, "centro": [-8.29903, 42.10798], "bbox": [-8.30121, 42.10536, -8.29685, 42.1106], "natura": [{"codigo": "ES1140007", "nombre": "Baixo Miño", "tipo": "ZEC", "ha": 7.5}], "cobertura": {"artificial": 1.0}, "lugar": {"municipio": "Arbo", "provincia": "Pontevedra", "comunidad": "Galicia"}, "lugar_focos": 1, "estado": "reciente", "effis": [], "effis_ha": null, "perimetro_s2": {"calculado": "2026-10-10T22:32Z", "definitivo": false, "ha": 0.0, "severidad": {"baja": 0.0, "moderada": 0.0, "alta": 0.0}, "imagenes": ["2026-10-10"], "fecha_antes": "2026-10-03", "fecha_despues": "2026-10-10", "una_imagen": 0.0, "cobertura": 0.0, "nublado": true, "natura": []}}}, {"type": "Feature", "geometry": {"type": "Polygon", "coordinates": [[[-6.23416, 36.61426], [-6.23393, 36.61522], [-6.23301, 36.61566], [-6.2313, 36.61557], [-6.2305, 36.6146], [-6.23086, 36.61378], [-6.23169, 36.61342], [-6.2334, 36.61351], [-6.23416, 36.61426]]]}, "properties": {"id": "IN-20261009-001", "primera": "2026-10-09T01:47Z", "ultima": "2026-10-09T01:47Z", "n_focos": 4, "n_viirs": 4, "pasadas": 1, "satelites": ["NOAA-20"], "frp_max": 0.7, "frp_total": 2.4, "ha_focos": 29.5, "centro": [-6.23235, 36.61454], "bbox": [-6.23565, 36.61228, -6.22905, 36.6168], "natura": [], "cobertura": {"agricola": 1.0}, "lugar": {"municipio": "El Puerto de Santa María", "provincia": "Cádiz", "comunidad": "Andalucía"}, "lugar_focos": 4, "estado": "reciente", "effis": [], "effis_ha": null, "perimeter_ha": 7.0, "steps": 1, "front_km": 0.95, "front_t": "2026-10-09T01:47Z", "max_growth_ha_h": null, "progression": [{"t": "2026-10-09T01:47Z", "ha": 7.0, "pixels": 4, "frp": 2.4, "front_km": 0.95}], "perimetro_s2": {"calculado": "2026-10-09T09:04Z", "definitivo": false, "sin_imagen": true}}}, {"type": "Feature", "geometry": {"type": "Polygon", "coordinates": [[[-6.18687, 36.71134], [-6.18659, 36.71224], [-6.18483, 36.71316], [-6.18364, 36.71306], [-6.18301, 36.71237], [-6.18343, 36.71127], [-6.18528, 36.71065], [-6.18621, 36.71069], [-6.18687, 36.71134]]]}, "properties": {"id": "IN-20261009-002", "primera": "2026-10-09T01:47Z", "ultima": "2026-10-09T02:32Z", "n_focos": 4, "n_viirs": 4, "pasadas": 2, "satelites": ["NOAA-20", "NOAA-21"], "frp_max": 0.9, "frp_total": 3.4, "ha_focos": 29.6, "centro": [-6.18494, 36.71164], "bbox": [-6.18838, 36.70977, -6.1815, 36.71432], "natura": [], "cobertura": {"agricola": 1.0}, "lugar": {"municipio": "Jerez de la Frontera", "provincia": "Cádiz", "comunidad": "Andalucía"}, "lugar_focos": 4, "estado": "reciente", "effis": [], "effis_ha": null, "perimeter_ha": 7.3, "steps": 1, "front_km": 1.0, "front_t": "2026-10-09T01:47Z", "max_growth_ha_h": null, "progression": [{"t": "2026-10-09T01:47Z", "ha": 7.3, "pixels": 4, "frp": 3.4, "front_km": 1.0}], "perimetro_s2": {"calculado": "2026-10-09T09:04Z", "definitivo": false, "sin_imagen": true}}}, {"type": "Feature", "geometry": {"type": "Polygon", "coordinates": [[[-4.69033, 37.79985], [-4.69033, 37.80401], [-4.69533, 37.80401], [-4.69533, 37.79985], [-4.69033, 37.79985]]]}, "properties": {"id": "IN-20261009-003", "primera": "2026-10-09T01:47Z", "ultima": "2026-10-09T01:47Z", "n_focos": 1, "n_viirs": 1, "pasadas": 1, "satelites": ["NOAA-20"], "frp_max": 0.8, "frp_total": 0.8, "ha_focos": 20.2, "centro": [-4.69283, 37.80193], "bbox": [-4.69533, 37.79985, -4.69033, 37.80401], "natura": [], "cobertura": {"agricola": 1.0}, "lugar": {"municipio": "Córdoba", "provincia": "Córdoba", "comunidad": "Andalucía"}, "lugar_focos": 1, "estado": "reciente", "effis": [], "effis_ha": null}}, {"type": "Feature", "geometry": {"type": "Polygon", "coordinates": [[[-4.06404, 38.6725], [-4.06404, 38.67656], [-4.06888, 38.67656], [-4.06888, 38.6725], [-4.06404, 38.6725]]]}, "properties": {"id": "IN-20261009-004", "primera": "2026-10-09T01:47Z", "ultima": "2026-10-09T01:47Z", "n_focos": 1, "n_viirs": 1, "pasadas": 1, "satelites": ["NOAA-20"], "frp_max": 0.6, "frp_total": 0.6, "ha_focos": 18.9, "centro": [-4.06646, 38.67453], "bbox": [-4.06888, 38.6725, -4.06404, 38.67656], "natura": [], "cobertura": {"artificial": 1.0}, "lugar": {"municipio": "Puertollano", "provincia": "Ciudad Real", "comunidad": "Castilla-La Mancha"}, "lugar_focos": 1, "estado": "reciente", "effis": [], "effis_ha": null}}, {"type": "Feature", "geometry": {"type": "MultiPolygon", "coordinates": [[[[-3.90562, 37.1956], [-3.90547, 37.19643], [-3.9036, 37.19785], [-3.90268, 37.19895], [-3.90172, 37.20149], [-3.90204, 37.20412], [-3.90368, 37.20662], [-3.90359, 37.20738], [-3.90236, 37.20779], [-3.90027, 37.20689], [-3.89805, 37.20643], [-3.89931, 37.20481], [-3.89982, 37.20356], [-3.89987, 37.19966], [-3.90238, 37.19759], [-3.90382, 37.19524], [-3.90484, 37.19503], [-3.90562, 37.1956]]], [[[-3.89055, 37.20881], [-3.88943, 37.21006], [-3.88852, 37.21029], [-3.88437, 37.20834], [-3.88191, 37.20805], [-3.87836, 37.20854], [-3.87762, 37.20818], [-3.8774, 37.20761], [-3.87814, 37.20681], [-3.88048, 37.20662], [-3.88332, 37.20593], [-3.88648, 37.20784], [-3.89055, 37.20881]]]]}, "properties": {"id": "IN-20261009-005", "primera": "2026-10-09T13:10Z", "ultima": "2026-10-09T13:10Z", "n_focos": 12, "n_viirs": 12, "pasadas": 1, "satelites": ["NOAA-20"], "frp_max": 10.1, "frp_total": 61.7, "ha_focos": 95.5, "centro": [-3.88084, 37.20723], "bbox": [-3.90694, 37.19418, -3.87615, 37.21112], "natura": [], "cobertura": {"agricola": 0.67, "bosque": 0.33}, "lugar": {"municipio": "Pinos Puente", "provincia": "Granada", "comunidad": "Andalucía"}, "lugar_focos": 12, "estado": "reciente", "effis": [], "effis_ha": null, "perimeter_ha": 49.6, "steps": 1, "front_km": 6.2, "front_t": "2026-10-09T13:10Z", "max_growth_ha_h": null, "progression": [{"t": "2026-10-09T13:10Z", "ha": 49.6, "pixels": 12, "frp": 61.7, "front_km": 6.2}], "perimetro_s2": {"calculado": "2026-10-09T16:12Z", "definitivo": false, "sin_imagen": true}}}, {"type": "Feature", "geometry": {"type": "Polygon", "coordinates": [[[-1.72543, 38.58488], [-1.7251, 38.5859], [-1.72305, 38.58694], [-1.7207, 38.58869], [-1.71966, 38.58845], [-1.7182, 38.58651], [-1.71863, 38.58434], [-1.71936, 38.58382], [-1.72439, 38.58406], [-1.72543, 38.58488]]]}, "properties": {"id": "IN-20261009-006", "primera": "2026-10-09T09:28Z", "ultima": "2026-10-09T13:10Z", "n_focos": 7, "n_viirs": 5, "pasadas": 4, "satelites": ["NOAA-20", "NOAA-21", "S-NPP", "Terra"], "frp_max": 17.8, "frp_total": 53.4, "ha_focos": 53.8, "centro": [-1.72182, 38.58575], "bbox": [-1.7264, 38.58239, -1.71725, 38.58952], "natura": [], "cobertura": {"agricola": 0.86, "matorral": 0.14}, "lugar": {"municipio": "Tobarra", "provincia": "Albacete", "comunidad": "Castilla-La Mancha"}, "lugar_focos": 7, "estado": "reciente", "effis": [], "effis_ha": null, "perimeter_ha": 22.7, "steps": 1, "front_km": 1.88, "front_t": "2026-10-09T12:14Z", "max_growth_ha_h": null, "progression": [{"t": "2026-10-09T12:14Z", "ha": 22.7, "pixels": 5, "frp": 25.1, "front_km": 1.88}], "perimetro_s2": {"calculado": "2026-10-10T00:51Z", "definitivo": false, "ha": 5.4, "severidad": {"baja": 1.5, "moderada": 3.9, "alta": 0.0}, "imagenes": ["2026-10-09"], "fecha_antes": "2026-10-08", "fecha_despues": "2026-10-09", "una_imagen": 1.0, "cobertura": 1.0, "natura": []}}}, {"type": "Feature", "geometry": {"type": "Polygon", "coordinates": [[[-5.69221, 37.05676], [-5.69176, 37.05779], [-5.6904, 37.05784], [-5.68857, 37.05599], [-5.68638, 37.05461], [-5.68625, 37.0536], [-5.68859, 37.05185], [-5.68987, 37.05185], [-5.69039, 37.05237], [-5.69111, 37.0551], [-5.69221, 37.05676]]]}, "properties": {"id": "IN-20261009-007", "primera": "2026-10-09T12:51Z", "ultima": "2026-10-09T13:10Z", "n_focos": 6, "n_viirs": 6, "pasadas": 2, "satelites": ["NOAA-20", "S-NPP"], "frp_max": 5.0, "frp_total": 22.4, "ha_focos": 48.6, "centro": [-5.68878, 37.05515], "bbox": [-5.69294, 37.05089, -5.68461, 37.05953], "natura": [], "cobertura": {"agricola": 1.0}, "lugar": {"municipio": "Utrera", "provincia": "Sevilla", "comunidad": "Andalucía"}, "lugar_focos": 6, "estado": "reciente", "effis": [], "effis_ha": null, "perimeter_ha": 19.7, "steps": 1, "front_km": 1.88, "front_t": "2026-10-09T12:51Z", "max_growth_ha_h": null, "progression": [{"t": "2026-10-09T12:51Z", "ha": 19.7, "pixels": 6, "frp": 22.4, "front_km": 1.88}], "perimetro_s2": {"calculado": "2026-10-09T16:12Z", "definitivo": false, "sin_imagen": true}}}, {"type": "Feature", "geometry": {"type": "MultiPolygon", "coordinates": [[[[-4.00635, 38.66488], [-4.00619, 38.66569], [-4.00525, 38.66604], [-4.00274, 38.66473], [-4.00535, 38.6643], [-4.00635, 38.66488]]], [[[-3.99767, 38.66386], [-3.99514, 38.66429], [-3.99374, 38.66408], [-3.99414, 38.66297], [-3.99504, 38.66255], [-3.99767, 38.66386]]], [[[-3.98411, 38.66874], [-3.98371, 38.67076], [-3.98397, 38.6727], [-3.98344, 38.67332], [-3.97837, 38.67325], [-3.97599, 38.67392], [-3.97373, 38.67504], [-3.973, 38.67493], [-3.97252, 38.67447], [-3.97229, 38.67274], [-3.97155, 38.67086], [-3.97209, 38.67007], [-3.97635, 38.67025], [-3.97881, 38.66976], [-3.98175, 38.66835], [-3.98411, 38.66874]]]]}, "properties": {"id": "IN-20261009-008", "primera": "2026-10-09T13:10Z", "ultima": "2026-10-09T13:10Z", "n_focos": 6, "n_viirs": 6, "pasadas": 1, "satelites": ["NOAA-20"], "frp_max": 5.9, "frp_total": 25.3, "ha_focos": 91.0, "centro": [-3.97357, 38.67418], "bbox": [-4.00766, 38.66175, -3.9703, 38.67585], "natura": [], "cobertura": {"agricola": 0.83, "matorral": 0.17}, "lugar": {"municipio": "Puertollano", "provincia": "Ciudad Real", "comunidad": "Castilla-La Mancha"}, "lugar_focos": 6, "estado": "reciente", "effis": [], "effis_ha": null, "perimeter_ha": 54.9, "steps": 1, "front_km": 4.77, "front_t": "2026-10-09T13:10Z", "max_growth_ha_h": null, "progression": [{"t": "2026-10-09T13:10Z", "ha": 54.9, "pixels": 6, "frp": 25.3, "front_km": 4.77}], "perimetro_s2": {"calculado": "2026-10-09T16:12Z", "definitivo": false, "sin_imagen": true}}}, {"type": "Feature", "geometry": {"type": "Polygon", "coordinates": [[[-5.09459, 37.55904], [-5.0945, 37.55979], [-5.09398, 37.56042], [-5.09105, 37.5614], [-5.08981, 37.56126], [-5.08904, 37.56033], [-5.08919, 37.55808], [-5.09004, 37.5574], [-5.0935, 37.55787], [-5.09423, 37.55835], [-5.09459, 37.55904]]]}, "properties": {"id": "IN-20261009-009", "primera": "2026-10-09T09:28Z", "ultima": "2026-10-09T13:10Z", "n_focos": 5, "n_viirs": 3, "pasadas": 4, "satelites": ["NOAA-20", "NOAA-21", "S-NPP", "Terra"], "frp_max": 12.1, "frp_total": 38.4, "ha_focos": 57.7, "centro": [-5.09174, 37.56013], "bbox": [-5.09635, 37.55597, -5.08714, 37.56258], "natura": [], "cobertura": {"agricola": 0.8, "artificial": 0.2}, "lugar": {"municipio": "Écija", "provincia": "Sevilla", "comunidad": "Andalucía"}, "lugar_focos": 5, "estado": "reciente", "effis": [], "effis_ha": null, "perimeter_ha": 17.2, "steps": 1, "front_km": 1.53, "front_t": "2026-10-09T12:14Z", "max_growth_ha_h": null, "progression": [{"t": "2026-10-09T12:14Z", "ha": 17.2, "pixels": 3, "frp": 21.9, "front_km": 1.53}], "perimetro_s2": {"calculado": "2026-10-10T00:51Z", "definitivo": false, "ha": 7.5, "severidad": {"baja": 2.2, "moderada": 2.6, "alta": 2.8}, "imagenes": ["2026-10-09"], "fecha_antes": "2026-10-01", "fecha_despues": "2026-10-09", "una_imagen": 1.0, "cobertura": 1.0, "natura": []}}}, {"type": "Feature", "geometry": {"type": "Polygon", "coordinates": [[[0.68915, 41.73461], [0.69058, 41.73864], [0.69119, 41.7391], [0.69219, 41.73922], [0.69315, 41.73874], [0.69451, 41.73647], [0.6952, 41.73363], [0.69454, 41.7328], [0.69322, 41.73266], [0.68979, 41.73389], [0.68915, 41.73461]]]}, "properties": {"id": "IN-20261009-010", "primera": "2026-10-09T12:14Z", "ultima": "2026-10-10T12:51Z", "n_focos": 8, "n_viirs": 8, "pasadas": 6, "satelites": ["NOAA-20", "NOAA-21", "S-NPP"], "frp_max": 9.3, "frp_total": 37.2, "ha_focos": 63.7, "centro": [0.69216, 41.73428], "bbox": [0.68755, 41.73148, 0.69678, 41.74037], "natura": [], "cobertura": {"agricola": 1.0}, "lugar": {"municipio": "Albesa", "provincia": "Lérida", "comunidad": "Cataluña"}, "lugar_focos": 5, "estado": "activo", "effis": [], "effis_ha": null, "perimeter_ha": 25.3, "steps": 2, "front_km": 1.96, "front_t": "2026-10-10T11:55Z", "max_growth_ha_h": 0.1, "progression": [{"t": "2026-10-09T12:14Z", "ha": 23.5, "pixels": 5, "frp": 28.0, "front_km": 1.97}, {"t": "2026-10-10T11:55Z", "ha": 25.3, "pixels": 3, "frp": 9.2, "front_km": 1.96, "growth_ha_h": 0.1}], "perimetro_s2": {"calculado": "2026-10-10T22:32Z", "definitivo": false, "sin_imagen": true}}}, {"type": "Feature", "geometry": {"type": "Polygon", "coordinates": [[[-6.44307, 37.39719], [-6.44307, 37.39881], [-6.45407, 37.39881], [-6.45407, 37.40785], [-6.44265, 37.40785], [-6.44265, 37.40623], [-6.43165, 37.40623], [-6.43165, 37.39719], [-6.44307, 37.39719]]]}, "properties": {"id": "IN-20261009-011", "primera": "2026-10-09T09:28Z", "ultima": "2026-10-09T09:28Z", "n_focos": 4, "n_viirs": 0, "pasadas": 1, "satelites": ["Terra"], "frp_max": 5.2, "frp_total": 20.3, "ha_focos": 198.9, "centro": [-6.44286, 37.40252], "bbox": [-6.45407, 37.39719, -6.43165, 37.40785], "natura": [], "cobertura": {"agricola": 1.0}, "lugar": {"municipio": "Manzanilla", "provincia": "Huelva", "comunidad": "Andalucía"}, "lugar_focos": 4, "estado": "reciente", "effis": [], "effis_ha": null, "perimetro_s2": {"calculado": "2026-10-09T16:12Z", "definitivo": false, "sin_imagen": true}}}, {"type": "Feature", "geometry": {"type": "Polygon", "coordinates": [[[-5.17535, 37.59731], [-5.17467, 37.60052], [-5.17387, 37.6013], [-5.17236, 37.60118], [-5.17028, 37.5991], [-5.17037, 37.59839], [-5.17134, 37.59702], [-5.17207, 37.59654], [-5.17426, 37.59644], [-5.17535, 37.59731]]]}, "properties": {"id": "IN-20261009-012", "primera": "2026-10-09T12:51Z", "ultima": "2026-10-09T13:55Z", "n_focos": 4, "n_viirs": 4, "pasadas": 3, "satelites": ["NOAA-20", "NOAA-21", "S-NPP"], "frp_max": 6.8, "frp_total": 20.6, "ha_focos": 55.1, "centro": [-5.17308, 37.5986], "bbox": [-5.17735, 37.59525, -5.1688, 37.60254], "natura": [], "cobertura": {"agricola": 1.0}, "lugar": {"municipio": "Écija", "provincia": "Sevilla", "comunidad": "Andalucía"}, "lugar_focos": 4, "estado": "reciente", "effis": [], "effis_ha": null, "perimeter_ha": 18.3, "steps": 2, "front_km": 1.59, "front_t": "2026-10-09T13:55Z", "max_growth_ha_h": 5.7, "progression": [{"t": "2026-10-09T12:51Z", "ha": 12.2, "pixels": 3, "frp": 13.7, "front_km": 1.31}, {"t": "2026-10-09T13:55Z", "ha": 18.3, "pixels": 1, "frp": 6.8, "front_km": 1.59, "growth_ha_h": 5.7}], "perimetro_s2": {"calculado": "2026-10-09T16:12Z", "definitivo": false, "sin_imagen": true}}}, {"type": "Feature", "geometry": {"type": "Polygon", "coordinates": [[[-5.42585, 37.34461], [-5.42528, 37.3457], [-5.42382, 37.34582], [-5.42304, 37.34506], [-5.42299, 37.3434], [-5.42361, 37.34285], [-5.42465, 37.34285], [-5.42517, 37.34323], [-5.42585, 37.34461]]]}, "properties": {"id": "IN-20261009-013", "primera": "2026-10-09T13:10Z", "ultima": "2026-10-09T13:55Z", "n_focos": 4, "n_viirs": 4, "pasadas": 2, "satelites": ["NOAA-20", "NOAA-21"], "frp_max": 10.2, "frp_total": 30.0, "ha_focos": 29.2, "centro": [-5.42442, 37.34403], "bbox": [-5.42737, 37.34192, -5.42147, 37.34704], "natura": [], "cobertura": {"agricola": 1.0}, "lugar": {"municipio": "Marchena", "provincia": "Sevilla", "comunidad": "Andalucía"}, "lugar_focos": 4, "estado": "reciente", "effis": [], "effis_ha": null, "perimeter_ha": 7.1, "steps": 1, "front_km": 0.98, "front_t": "2026-10-09T13:10Z", "max_growth_ha_h": null, "progression": [{"t": "2026-10-09T13:10Z", "ha": 7.1, "pixels": 4, "frp": 30.0, "front_km": 0.98}], "perimetro_s2": {"calculado": "2026-10-09T16:12Z", "definitivo": false, "sin_imagen": true}}}, {"type": "Feature", "geometry": {"type": "Polygon", "coordinates": [[[-6.09857, 38.31922], [-6.09837, 38.32004], [-6.0968, 38.3212], [-6.09351, 38.32135], [-6.09278, 38.32105], [-6.09248, 38.32054], [-6.09306, 38.31957], [-6.09707, 38.31851], [-6.09801, 38.31862], [-6.09857, 38.31922]]]}, "properties": {"id": "IN-20261009-014", "primera": "2026-10-09T12:51Z", "ultima": "2026-10-09T13:10Z", "n_focos": 3, "n_viirs": 3, "pasadas": 2, "satelites": ["NOAA-20", "S-NPP"], "frp_max": 11.5, "frp_total": 18.7, "ha_focos": 37.1, "centro": [-6.09556, 38.31993], "bbox": [-6.09932, 38.31693, -6.0918, 38.32293], "natura": [], "cobertura": {"agricola": 1.0}, "lugar": {"comunidad": "Extremadura", "municipio": "Villagarcía de la Torre", "provincia": "Badajoz"}, "lugar_focos": 3, "estado": "reciente", "effis": [], "effis_ha": null, "perimeter_ha": 11.7, "steps": 1, "front_km": 1.38, "front_t": "2026-10-09T12:51Z", "max_growth_ha_h": null, "progression": [{"t": "2026-10-09T12:51Z", "ha": 11.7, "pixels": 3, "frp": 18.7, "front_km": 1.38}], "perimetro_s2": {"calculado": "2026-10-09T16:12Z", "definitivo": false, "sin_imagen": true}}}, {"type": "Feature", "geometry": {"type": "Polygon", "coordinates": [[[-1.74631, 38.46863], [-1.75101, 38.46863], [-1.75101, 38.47415], [-1.7493, 38.47415], [-1.7493, 38.47583], [-1.74472, 38.47583], [-1.74472, 38.47185], [-1.74631, 38.47185], [-1.74631, 38.46863]]]}, "properties": {"id": "IN-20261009-015", "primera": "2026-10-09T12:14Z", "ultima": "2026-10-09T12:51Z", "n_focos": 2, "n_viirs": 2, "pasadas": 2, "satelites": ["NOAA-21", "S-NPP"], "frp_max": 2.6, "frp_total": 5.1, "ha_focos": 36.0, "centro": [-1.74786, 38.473], "bbox": [-1.75101, 38.46863, -1.74472, 38.47583], "natura": [], "cobertura": {"agricola": 1.0}, "lugar": {"municipio": "Hellín", "provincia": "Albacete", "comunidad": "Castilla-La Mancha"}, "lugar_focos": 2, "estado": "reciente", "effis": [], "effis_ha": null}}, {"type": "Feature", "geometry": {"type": "Polygon", "coordinates": [[[-5.71311, 37.52742], [-5.71685, 37.52742], [-5.71685, 37.53248], [-5.71318, 37.53248], [-5.71318, 37.53342], [-5.70944, 37.53342], [-5.70944, 37.52836], [-5.71311, 37.52836], [-5.71311, 37.52742]]]}, "properties": {"id": "IN-20261009-016", "primera": "2026-10-09T12:51Z", "ultima": "2026-10-09T12:51Z", "n_focos": 2, "n_viirs": 2, "pasadas": 1, "satelites": ["S-NPP"], "frp_max": 10.2, "frp_total": 20.4, "ha_focos": 36.7, "centro": [-5.71314, 37.53042], "bbox": [-5.71685, 37.52742, -5.70944, 37.53342], "natura": [], "cobertura": {"agricola": 1.0}, "lugar": {"municipio": "Carmona", "provincia": "Sevilla", "comunidad": "Andalucía"}, "lugar_focos": 2, "estado": "reciente", "effis": [], "effis_ha": null}}, {"type": "Feature", "geometry": {"type": "Polygon", "coordinates": [[[-4.62444, 39.93432], [-4.63042, 39.93432], [-4.63042, 39.93884], [-4.62461, 39.93884], [-4.62461, 39.94023], [-4.61863, 39.94023], [-4.61863, 39.93571], [-4.62444, 39.93571], [-4.62444, 39.93432]]]}, "properties": {"id": "IN-20261009-017", "primera": "2026-10-09T12:51Z", "ultima": "2026-10-09T12:51Z", "n_focos": 2, "n_viirs": 2, "pasadas": 1, "satelites": ["S-NPP"], "frp_max": 4.1, "frp_total": 8.1, "ha_focos": 50.5, "centro": [-4.62452, 39.93727], "bbox": [-4.63042, 39.93432, -4.61863, 39.94023], "natura": [], "cobertura": {"agua": 0.5, "agricola": 0.5}, "lugar": {"municipio": "La Pueblanueva", "provincia": "Toledo", "comunidad": "Castilla-La Mancha"}, "lugar_focos": 2, "estado": "reciente", "effis": [], "effis_ha": null}}, {"type": "Feature", "geometry": {"type": "Polygon", "coordinates": [[[0.613, 41.76816], [0.613, 41.76472], [0.60782, 41.76472], [0.60782, 41.7658], [0.60628, 41.7658], [0.60628, 41.76924], [0.61146, 41.76924], [0.61146, 41.76816], [0.613, 41.76816]]]}, "properties": {"id": "IN-20261009-018", "primera": "2026-10-09T12:51Z", "ultima": "2026-10-09T13:10Z", "n_focos": 2, "n_viirs": 2, "pasadas": 2, "satelites": ["NOAA-20", "S-NPP"], "frp_max": 13.8, "frp_total": 19.7, "ha_focos": 24.8, "centro": [0.60964, 41.76698], "bbox": [0.60628, 41.76472, 0.613, 41.76924], "natura": [], "cobertura": {"agricola": 1.0}, "lugar": {"municipio": "Almenar", "provincia": "Lérida", "comunidad": "Cataluña"}, "lugar_focos": 2, "estado": "reciente", "effis": [], "effis_ha": null}}, {"type": "Feature", "geometry": {"type": "Polygon", "coordinates": [[[-3.70152, 37.07052], [-3.70624, 37.07052], [-3.70624, 37.07386], [-3.70152, 37.07386], [-3.70152, 37.07052]]]}, "properties": {"id": "IN-20261009-019", "primera": "2026-10-09T13:10Z", "ultima": "2026-10-09T13:10Z", "n_focos": 2, "n_viirs": 2, "pasadas": 1, "satelites": ["NOAA-20"], "frp_max": 2.5, "frp_total": 5.1, "ha_focos": 15.5, "centro": [-3.70388, 37.07219], "bbox": [-3.70624, 37.07052, -3.70152, 37.07386], "natura": [], "cobertura": {"agricola": 1.0}, "lugar": {"municipio": "Alhendín", "provincia": "Granada", "comunidad": "Andalucía"}, "lugar_focos": 2, "estado": "reciente", "effis": [], "effis_ha": null}}, {"type": "Feature", "geometry": {"type": "Polygon", "coordinates": [[[-4.43865, 37.0864], [-4.44361, 37.0864], [-4.44361, 37.08984], [-4.43865, 37.08984], [-4.43865, 37.0864]]]}, "properties": {"id": "IN-20261009-020", "primera": "2026-10-09T13:10Z", "ultima": "2026-10-09T13:10Z", "n_focos": 2, "n_viirs": 2, "pasadas": 1, "satelites": ["NOAA-20"], "frp_max": 5.5, "frp_total": 10.9, "ha_focos": 16.7, "centro": [-4.44113, 37.08812], "bbox": [-4.44361, 37.0864, -4.43865, 37.08984], "natura": [], "cobertura": {"agricola": 1.0}, "lugar": {"municipio": "Archidona", "provincia": "Málaga", "comunidad": "Andalucía"}, "lugar_focos": 2, "estado": "reciente", "effis": [], "effis_ha": null}}, {"type": "Feature", "geometry": {"type": "Polygon", "coordinates": [[[-3.7806, 37.26542], [-3.78534, 37.26542], [-3.78534, 37.26876], [-3.7806, 37.26876], [-3.7806, 37.26542]]]}, "properties": {"id": "IN-20261009-021", "primera": "2026-10-09T13:10Z", "ultima": "2026-10-09T13:10Z", "n_focos": 2, "n_viirs": 2, "pasadas": 1, "satelites": ["NOAA-20"], "frp_max": 3.1, "frp_total": 6.1, "ha_focos": 15.5, "centro": [-3.78297, 37.26709], "bbox": [-3.78534, 37.26542, -3.7806, 37.26876], "natura": [], "cobertura": {"agricola": 1.0}, "lugar": {"municipio": "Pinos Puente", "provincia": "Granada", "comunidad": "Andalucía"}, "lugar_focos": 2, "estado": "reciente", "effis": [], "effis_ha": null}}, {"type": "Feature", "geometry": {"type": "Polygon", "coordinates": [[[-3.73905, 37.27269], [-3.74379, 37.27269], [-3.74379, 37.27603], [-3.73905, 37.27603], [-3.73905, 37.27269]]]}, "properties": {"id": "IN-20261009-022", "primera": "2026-10-09T13:10Z", "ultima": "2026-10-09T13:10Z", "n_focos": 2, "n_viirs": 2, "pasadas": 1, "satelites": ["NOAA-20"], "frp_max": 1.1, "frp_total": 2.2, "ha_focos": 15.5, "centro": [-3.74142, 37.27436], "bbox": [-3.74379, 37.27269, -3.73905, 37.27603], "natura": [], "cobertura": {"agricola": 1.0}, "lugar": {"municipio": "Atarfe", "provincia": "Granada", "comunidad": "Andalucía"}, "lugar_focos": 2, "estado": "reciente", "effis": [], "effis_ha": null}}, {"type": "Feature", "geometry": {"type": "Polygon", "coordinates": [[[-5.6829, 39.5264], [-5.6829, 39.52288], [-5.68814, 39.52288], [-5.68814, 39.52635], [-5.68928, 39.52635], [-5.68928, 39.52987], [-5.68404, 39.52987], [-5.68404, 39.5264], [-5.6829, 39.5264]]]}, "properties": {"id": "IN-20261009-023", "primera": "2026-10-09T13:10Z", "ultima": "2026-10-09T13:10Z", "n_focos": 2, "n_viirs": 2, "pasadas": 1, "satelites": ["NOAA-20"], "frp_max": 3.9, "frp_total": 7.7, "ha_focos": 34.9, "centro": [-5.68609, 39.52638], "bbox": [-5.68928, 39.52288, -5.6829, 39.52987], "natura": [], "cobertura": {"agroforestal": 0.5, "agricola": 0.5}, "lugar": {"municipio": "Aldeacentenera", "provincia": "Cáceres", "comunidad": "Extremadura"}, "lugar_focos": 2, "estado": "reciente", "effis": [], "effis_ha": null}}, {"type": "Feature", "geometry": {"type": "Polygon", "coordinates": [[[-4.86465, 39.97475], [-4.86957, 39.97475], [-4.86957, 39.97819], [-4.86475, 39.97819], [-4.86475, 39.97905], [-4.85983, 39.97905], [-4.85983, 39.97561], [-4.86465, 39.97561], [-4.86465, 39.97475]]]}, "properties": {"id": "IN-20261009-024", "primera": "2026-10-09T13:10Z", "ultima": "2026-10-09T13:10Z", "n_focos": 2, "n_viirs": 2, "pasadas": 1, "satelites": ["NOAA-20"], "frp_max": 4.3, "frp_total": 7.2, "ha_focos": 31.7, "centro": [-4.8647, 39.9769], "bbox": [-4.86957, 39.97475, -4.85983, 39.97905], "natura": [], "cobertura": {"agricola": 1.0}, "lugar": {"municipio": "Talavera de la Reina", "provincia": "Toledo", "comunidad": "Castilla-La Mancha"}, "lugar_focos": 2, "estado": "reciente", "effis": [], "effis_ha": null}}, {"type": "Feature", "geometry": {"type": "Polygon", "coordinates": [[[-3.80098, 40.08167], [-3.80568, 40.08167], [-3.80568, 40.08501], [-3.8011, 40.08501], [-3.8011, 40.08578], [-3.7964, 40.08578], [-3.7964, 40.08244], [-3.80098, 40.08244], [-3.80098, 40.08167]]]}, "properties": {"id": "IN-20261009-025", "primera": "2026-10-09T13:10Z", "ultima": "2026-10-09T13:10Z", "n_focos": 2, "n_viirs": 2, "pasadas": 1, "satelites": ["NOAA-20"], "frp_max": 7.3, "frp_total": 14.6, "ha_focos": 29.3, "centro": [-3.80104, 40.08373], "bbox": [-3.80568, 40.08167, -3.7964, 40.08578], "natura": [], "cobertura": {"agricola": 1.0}, "lugar": {"municipio": "Numancia de la Sagra", "provincia": "Toledo", "comunidad": "Castilla-La Mancha"}, "lugar_focos": 2, "estado": "reciente", "effis": [], "effis_ha": null}}, {"type": "Feature", "geometry": {"type": "Polygon", "coordinates": [[[-5.10195, 37.66716], [-5.10195, 37.67648], [-5.11399, 37.67648], [-5.11399, 37.66716], [-5.10195, 37.66716]]]}, "properties": {"id": "IN-20261009-026", "primera": "2026-10-09T09:28Z", "ultima": "2026-10-09T09:28Z", "n_focos": 1, "n_viirs": 0, "pasadas": 1, "satelites": ["Terra"], "frp_max": 5.1, "frp_total": 5.1, "ha_focos": 109.2, "centro": [-5.10797, 37.67182], "bbox": [-5.11399, 37.66716, -5.10195, 37.67648], "natura": [], "cobertura": {"agricola": 1.0}, "lugar": {"municipio": "Écija", "provincia": "Sevilla", "comunidad": "Andalucía"}, "lugar_focos": 1, "estado": "reciente", "effis": [], "effis_ha": null}}, {"type": "Feature", "geometry": {"type": "Polygon", "coordinates": [[[-0.92797, 38.7018], [-0.92797, 38.71302], [-0.94615, 38.71302], [-0.94615, 38.7018], [-0.92797, 38.7018]]]}, "properties": {"id": "IN-20261009-027", "primera": "2026-10-09T09:28Z", "ultima": "2026-10-09T09:28Z", "n_focos": 1, "n_viirs": 0, "pasadas": 1, "satelites": ["Terra"], "frp_max": 9.6, "frp_total": 9.6, "ha_focos": 195.9, "centro": [-0.93706, 38.70741], "bbox": [-0.94615, 38.7018, -0.92797, 38.71302], "natura": [], "cobertura": {"agroforestal": 1.0}, "lugar": {"municipio": "Caudete", "provincia": "Albacete", "comunidad": "Castilla-La Mancha"}, "lugar_focos": 1, "estado": "reciente", "effis": [], "effis_ha": null}}, {"type": "Feature", "geometry": {"type": "Polygon", "coordinates": [[[-0.43545, 41.24506], [-0.43545, 41.25592], [-0.45313, 41.25592], [-0.45313, 41.24506], [-0.43545, 41.24506]]]}, "properties": {"id": "IN-20261009-028", "primera": "2026-10-09T09:28Z", "ultima": "2026-10-09T09:28Z", "n_focos": 1, "n_viirs": 0, "pasadas": 1, "satelites": ["Terra"], "frp_max": 7.4, "frp_total": 7.4, "ha_focos": 177.6, "centro": [-0.44429, 41.25049], "bbox": [-0.45313, 41.24506, -0.43545, 41.25592], "natura": [], "cobertura": {"agricola": 1.0}, "lugar": {"municipio": "La Puebla de Híjar", "provincia": "Teruel", "comunidad": "Aragón"}, "lugar_focos": 1, "estado": "reciente", "effis": [], "effis_ha": null}}, {"type": "Feature", "geometry": {"type": "Polygon", "coordinates": [[[-0.98255, 41.61785], [-0.98255, 41.62835], [-0.99889, 41.62835], [-0.99889, 41.61785], [-0.98255, 41.61785]]]}, "properties": {"id": "IN-20261009-029", "primera": "2026-10-09T09:28Z", "ultima": "2026-10-09T09:28Z", "n_focos": 1, "n_viirs": 0, "pasadas": 1, "satelites": ["Terra"], "frp_max": 10.3, "frp_total": 10.3, "ha_focos": 157.8, "centro": [-0.99072, 41.6231], "bbox": [-0.99889, 41.61785, -0.98255, 41.62835], "natura": [], "cobertura": {"agricola": 1.0}, "lugar": {"municipio": "Zaragoza", "provincia": "Zaragoza", "comunidad": "Aragón"}, "lugar_focos": 1, "estado": "reciente", "effis": [], "effis_ha": null}}, {"type": "Feature", "geometry": {"type": "Polygon", "coordinates": [[[-3.47097, 39.03552], [-3.47097, 39.03986], [-3.47641, 39.03986], [-3.47641, 39.03552], [-3.47097, 39.03552]]]}, "properties": {"id": "IN-20261009-030", "primera": "2026-10-09T12:51Z", "ultima": "2026-10-09T12:51Z", "n_focos": 1, "n_viirs": 1, "pasadas": 1, "satelites": ["S-NPP"], "frp_max": 4.1, "frp_total": 4.1, "ha_focos": 22.6, "centro": [-3.47369, 39.03769], "bbox": [-3.47641, 39.03552, -3.47097, 39.03986], "natura": [], "cobertura": {"agricola": 1.0}, "lugar": {"municipio": "Manzanares", "provincia": "Ciudad Real", "comunidad": "Castilla-La Mancha"}, "lugar_focos": 1, "estado": "reciente", "effis": [], "effis_ha": null}}, {"type": "Feature", "geometry": {"type": "Polygon", "coordinates": [[[1.2841, 41.69354], [1.2841, 41.69688], [1.27916, 41.69688], [1.27916, 41.69354], [1.2841, 41.69354]]]}, "properties": {"id": "IN-20261009-031", "primera": "2026-10-09T12:51Z", "ultima": "2026-10-09T12:51Z", "n_focos": 1, "n_viirs": 1, "pasadas": 1, "satelites": ["S-NPP"], "frp_max": 2.0, "frp_total": 2.0, "ha_focos": 15.2, "centro": [1.28163, 41.69521], "bbox": [1.27916, 41.69354, 1.2841, 41.69688], "natura": [], "cobertura": {"agricola": 1.0}, "lugar": {"municipio": "Cervera", "provincia": "Lérida", "comunidad": "Cataluña"}, "lugar_focos": 1, "estado": "reciente", "effis": [], "effis_ha": null}}, {"type": "Feature", "geometry": {"type": "Polygon", "coordinates": [[[-5.40927, 42.03804], [-5.40927, 42.04248], [-5.41531, 42.04248], [-5.41531, 42.03804], [-5.40927, 42.03804]]]}, "properties": {"id": "IN-20261009-032", "primera": "2026-10-09T12:53Z", "ultima": "2026-10-09T12:53Z", "n_focos": 1, "n_viirs": 1, "pasadas": 1, "satelites": ["S-NPP"], "frp_max": 3.8, "frp_total": 3.8, "ha_focos": 24.5, "centro": [-5.41229, 42.04026], "bbox": [-5.41531, 42.03804, -5.40927, 42.04248], "natura": [{"codigo": "ES0000217", "nombre": "Penillanuras-Campos Norte", "tipo": "ZEPA", "ha": 24.5}], "cobertura": {"agricola": 1.0}, "lugar": {"municipio": "Valderas", "provincia": "León", "comunidad": "Castilla y León"}, "lugar_focos": 1, "estado": "reciente", "effis": [], "effis_ha": null, "perimetro_s2": {"calculado": "2026-10-10T22:32Z", "definitivo": false, "ha": 5.9, "severidad": {"baja": 4.0, "moderada": 1.9, "alta": 0.0}, "imagenes": ["2026-10-10"], "fecha_antes": "2026-10-07", "fecha_despues": "2026-10-10", "una_imagen": 1.0, "cobertura": 1.0, "natura": [{"codigo": "ES0000217", "nombre": "Penillanuras-Campos Norte", "tipo": "ZEPA", "ha": 5.9}]}}}, {"type": "Feature", "geometry": {"type": "Polygon", "coordinates": [[[-5.27512, 37.65374], [-5.27512, 37.65726], [-5.28034, 37.65726], [-5.28034, 37.65374], [-5.27512, 37.65374]]]}, "properties": {"id": "IN-20261009-033", "primera": "2026-10-09T13:10Z", "ultima": "2026-10-09T13:10Z", "n_focos": 1, "n_viirs": 1, "pasadas": 1, "satelites": ["NOAA-20"], "frp_max": 4.1, "frp_total": 4.1, "ha_focos": 17.9, "centro": [-5.27773, 37.6555], "bbox": [-5.28034, 37.65374, -5.27512, 37.65726], "natura": [], "cobertura": {"agricola": 1.0}, "lugar": {"municipio": "Palma del Río", "provincia": "Córdoba", "comunidad": "Andalucía"}, "lugar_focos": 1, "estado": "reciente", "effis": [], "effis_ha": null}}, {"type": "Feature", "geometry": {"type": "Polygon", "coordinates": [[[-3.79484, 37.8185], [-3.79484, 37.82184], [-3.7995, 37.82184], [-3.7995, 37.8185], [-3.79484, 37.8185]]]}, "properties": {"id": "IN-20261009-034", "primera": "2026-10-09T13:10Z", "ultima": "2026-10-09T13:10Z", "n_focos": 1, "n_viirs": 1, "pasadas": 1, "satelites": ["NOAA-20"], "frp_max": 2.5, "frp_total": 2.5, "ha_focos": 15.2, "centro": [-3.79717, 37.82017], "bbox": [-3.7995, 37.8185, -3.79484, 37.82184], "natura": [], "cobertura": {"agricola": 1.0}, "lugar": {"municipio": "Jaén", "provincia": "Jaén", "comunidad": "Andalucía"}, "lugar_focos": 1, "estado": "reciente", "effis": [], "effis_ha": null}}, {"type": "Feature", "geometry": {"type": "Polygon", "coordinates": [[[-5.88034, 38.21144], [-5.88034, 38.21506], [-5.88582, 38.21506], [-5.88582, 38.21144], [-5.88034, 38.21144]]]}, "properties": {"id": "IN-20261009-035", "primera": "2026-10-09T13:10Z", "ultima": "2026-10-09T13:10Z", "n_focos": 1, "n_viirs": 1, "pasadas": 1, "satelites": ["NOAA-20"], "frp_max": 2.4, "frp_total": 2.4, "ha_focos": 19.2, "centro": [-5.88308, 38.21325], "bbox": [-5.88582, 38.21144, -5.88034, 38.21506], "natura": [], "cobertura": {"agricola": 1.0}, "lugar": {"municipio": "Berlanga", "provincia": "Badajoz", "comunidad": "Extremadura"}, "lugar_focos": 1, "estado": "reciente", "effis": [], "effis_ha": null}}, {"type": "Feature", "geometry": {"type": "Polygon", "coordinates": [[[-6.79493, 38.8656], [-6.79493, 38.8693], [-6.80081, 38.8693], [-6.80081, 38.8656], [-6.79493, 38.8656]]]}, "properties": {"id": "IN-20261009-036", "primera": "2026-10-09T13:10Z", "ultima": "2026-10-09T13:10Z", "n_focos": 1, "n_viirs": 1, "pasadas": 1, "satelites": ["NOAA-20"], "frp_max": 3.2, "frp_total": 3.2, "ha_focos": 20.9, "centro": [-6.79787, 38.86745], "bbox": [-6.80081, 38.8656, -6.79493, 38.8693], "natura": [], "cobertura": {"agricola": 1.0}, "lugar": {"municipio": "Talavera la Real", "provincia": "Badajoz", "comunidad": "Extremadura"}, "lugar_focos": 1, "estado": "reciente", "effis": [], "effis_ha": null}}, {"type": "Feature", "geometry": {"type": "Polygon", "coordinates": [[[-6.0291, 38.93961], [-6.0291, 38.94323], [-6.03452, 38.94323], [-6.03452, 38.93961], [-6.0291, 38.93961]]]}, "properties": {"id": "IN-20261009-037", "primera": "2026-10-09T13:10Z", "ultima": "2026-10-09T13:10Z", "n_focos": 1, "n_viirs": 1, "pasadas": 1, "satelites": ["NOAA-20"], "frp_max": 12.7, "frp_total": 12.7, "ha_focos": 18.8, "centro": [-6.03181, 38.94142], "bbox": [-6.03452, 38.93961, -6.0291, 38.94323], "natura": [{"codigo": "ES4310026", "nombre": "Río Guadiana Alto - Zujar", "tipo": "ZEC", "ha": 2.1}], "cobertura": {"agricola": 1.0}, "lugar": {"municipio": "Valdetorres", "provincia": "Badajoz", "comunidad": "Extremadura"}, "lugar_focos": 1, "estado": "reciente", "effis": [], "effis_ha": null, "perimetro_s2": {"calculado": "2026-10-09T16:12Z", "definitivo": false, "sin_imagen": true}}}, {"type": "Feature", "geometry": {"type": "Polygon", "coordinates": [[[-6.75997, 38.94279], [-6.75997, 38.94649], [-6.76575, 38.94649], [-6.76575, 38.94279], [-6.75997, 38.94279]]]}, "properties": {"id": "IN-20261009-038", "primera": "2026-10-09T13:10Z", "ultima": "2026-10-09T13:10Z", "n_focos": 1, "n_viirs": 1, "pasadas": 1, "satelites": ["NOAA-20"], "frp_max": 2.9, "frp_total": 2.9, "ha_focos": 20.5, "centro": [-6.76286, 38.94464], "bbox": [-6.76575, 38.94279, -6.75997, 38.94649], "natura": [], "cobertura": {"agricola": 1.0}, "lugar": {"municipio": "Badajoz", "provincia": "Badajoz", "comunidad": "Extremadura"}, "lugar_focos": 1, "estado": "reciente", "effis": [], "effis_ha": null}}, {"type": "Feature", "geometry": {"type": "Polygon", "coordinates": [[[-3.50592, 39.09437], [-3.50592, 39.09771], [-3.51054, 39.09771], [-3.51054, 39.09437], [-3.50592, 39.09437]]]}, "properties": {"id": "IN-20261009-039", "primera": "2026-10-09T13:10Z", "ultima": "2026-10-09T13:10Z", "n_focos": 1, "n_viirs": 1, "pasadas": 1, "satelites": ["NOAA-20"], "frp_max": 3.7, "frp_total": 3.7, "ha_focos": 14.8, "centro": [-3.50823, 39.09604], "bbox": [-3.51054, 39.09437, -3.50592, 39.09771], "natura": [], "cobertura": {"agricola": 1.0}, "lugar": {"municipio": "Daimiel", "provincia": "Ciudad Real", "comunidad": "Castilla-La Mancha"}, "lugar_focos": 1, "estado": "reciente", "effis": [], "effis_ha": null}}, {"type": "Feature", "geometry": {"type": "Polygon", "coordinates": [[[-1.92607, 42.68296], [-1.92607, 42.68622], [-1.93083, 42.68622], [-1.93083, 42.68296], [-1.92607, 42.68296]]]}, "properties": {"id": "IN-20261009-040", "primera": "2026-10-09T13:10Z", "ultima": "2026-10-09T13:10Z", "n_focos": 1, "n_viirs": 1, "pasadas": 1, "satelites": ["NOAA-20"], "frp_max": 1.8, "frp_total": 1.8, "ha_focos": 14.0, "centro": [-1.92845, 42.68459], "bbox": [-1.93083, 42.68296, -1.92607, 42.68622], "natura": [], "cobertura": {"agricola": 1.0}, "lugar": {"municipio": "Cirauqui", "provincia": "Navarra", "comunidad": "Navarra"}, "lugar_focos": 1, "estado": "reciente", "effis": [], "effis_ha": null}}, {"type": "Feature", "geometry": {"type": "Polygon", "coordinates": [[[-5.65933, 36.89049], [-5.65925, 36.89114], [-5.65867, 36.89177], [-5.65697, 36.8919], [-5.65296, 36.88926], [-5.65257, 36.88803], [-5.65348, 36.88715], [-5.6549, 36.88715], [-5.65687, 36.88868], [-5.6588, 36.8897], [-5.65933, 36.89049]]]}, "properties": {"id": "IN-20261009-041", "primera": "2026-10-09T14:29Z", "ultima": "2026-10-09T14:29Z", "n_focos": 4, "n_viirs": 4, "pasadas": 1, "satelites": ["S-NPP"], "frp_max": 3.5, "frp_total": 12.6, "ha_focos": 62.0, "centro": [-5.65594, 36.88952], "bbox": [-5.66066, 36.88533, -5.65121, 36.89372], "natura": [], "cobertura": {"agricola": 1.0}, "lugar": {"municipio": "Villamartín", "provincia": "Cádiz", "comunidad": "Andalucía"}, "lugar_focos": 4, "estado": "reciente", "effis": [], "effis_ha": null, "perimeter_ha": 17.8, "steps": 1, "front_km": 1.74, "front_t": "2026-10-09T14:29Z", "max_growth_ha_h": null, "progression": [{"t": "2026-10-09T14:29Z", "ha": 17.8, "pixels": 4, "frp": 12.6, "front_km": 1.74}], "perimetro_s2": {"calculado": "2026-10-09T20:54Z", "definitivo": false, "sin_imagen": true}}}, {"type": "Feature", "geometry": {"type": "Polygon", "coordinates": [[[-5.69549, 36.95552], [-5.69535, 36.95629], [-5.6947, 36.95687], [-5.69376, 36.95706], [-5.69285, 36.9568], [-5.69006, 36.95321], [-5.69006, 36.95207], [-5.69117, 36.95134], [-5.69256, 36.95156], [-5.69549, 36.95552]]]}, "properties": {"id": "IN-20261009-042", "primera": "2026-10-09T14:29Z", "ultima": "2026-10-09T14:29Z", "n_focos": 4, "n_viirs": 4, "pasadas": 1, "satelites": ["S-NPP"], "frp_max": 5.8, "frp_total": 23.2, "ha_focos": 60.2, "centro": [-5.69271, 36.95418], "bbox": [-5.69682, 36.94961, -5.68859, 36.95875], "natura": [], "cobertura": {"agricola": 1.0}, "lugar": {"municipio": "Villamartín", "provincia": "Cádiz", "comunidad": "Andalucía"}, "lugar_focos": 4, "estado": "reciente", "effis": [], "effis_ha": null, "perimeter_ha": 17.6, "steps": 1, "front_km": 1.73, "front_t": "2026-10-09T14:29Z", "max_growth_ha_h": null, "progression": [{"t": "2026-10-09T14:29Z", "ha": 17.6, "pixels": 4, "frp": 23.2, "front_km": 1.73}], "perimetro_s2": {"calculado": "2026-10-09T20:54Z", "definitivo": false, "sin_imagen": true}}}, {"type": "Feature", "geometry": {"type": "MultiPolygon", "coordinates": [[[[-6.55904, 38.28594], [-6.55904, 38.2902], [-6.55378, 38.2902], [-6.55378, 38.28594], [-6.55904, 38.28594]]], [[[-6.55968, 38.29026], [-6.55968, 38.29452], [-6.55442, 38.29452], [-6.55442, 38.29026], [-6.55968, 38.29026]]]]}, "properties": {"id": "IN-20261009-043", "primera": "2026-10-09T13:53Z", "ultima": "2026-10-09T13:53Z", "n_focos": 2, "n_viirs": 2, "pasadas": 1, "satelites": ["NOAA-21"], "frp_max": 7.5, "frp_total": 10.1, "ha_focos": 43.2, "centro": [-6.55705, 38.29239], "bbox": [-6.55968, 38.28594, -6.55378, 38.29452], "natura": [{"codigo": "ES4310019", "nombre": "Río Ardila Alto", "tipo": "ZEC", "ha": 18.6}], "cobertura": {"matorral": 1.0}, "lugar": {"municipio": "Valencia del Ventoso", "provincia": "Badajoz", "comunidad": "Extremadura"}, "lugar_focos": 2, "estado": "reciente", "effis": [], "effis_ha": null, "perimetro_s2": {"calculado": "2026-10-09T20:54Z", "definitivo": false, "sin_imagen": true}}}, {"type": "Feature", "geometry": {"type": "Polygon", "coordinates": [[[-6.31645, 38.93755], [-6.31645, 38.94189], [-6.32199, 38.94189], [-6.32199, 38.93755], [-6.31645, 38.93755]]]}, "properties": {"id": "IN-20261009-044", "primera": "2026-10-09T13:53Z", "ultima": "2026-10-09T13:53Z", "n_focos": 1, "n_viirs": 1, "pasadas": 1, "satelites": ["NOAA-21"], "frp_max": 4.5, "frp_total": 4.5, "ha_focos": 23.0, "centro": [-6.31922, 38.93972], "bbox": [-6.32199, 38.93755, -6.31645, 38.94189], "natura": [], "cobertura": {"agricola": 1.0}, "lugar": {"municipio": "Mérida", "provincia": "Badajoz", "comunidad": "Extremadura"}, "lugar_focos": 1, "estado": "reciente", "effis": [], "effis_ha": null}}, {"type": "Feature", "geometry": {"type": "Polygon", "coordinates": [[[-5.90289, 39.11433], [-5.90289, 39.11877], [-5.90879, 39.11877], [-5.90879, 39.11433], [-5.90289, 39.11433]]]}, "properties": {"id": "IN-20261009-045", "primera": "2026-10-09T13:53Z", "ultima": "2026-10-09T13:53Z", "n_focos": 1, "n_viirs": 1, "pasadas": 1, "satelites": ["NOAA-21"], "frp_max": 15.4, "frp_total": 15.4, "ha_focos": 25.0, "centro": [-5.90584, 39.11655], "bbox": [-5.90879, 39.11433, -5.90289, 39.11877], "natura": [], "cobertura": {"agricola": 1.0}, "lugar": {"municipio": "Miajadas", "provincia": "Cáceres", "comunidad": "Extremadura"}, "lugar_focos": 1, "estado": "reciente", "effis": [], "effis_ha": null}}, {"type": "Feature", "geometry": {"type": "Polygon", "coordinates": [[[-6.41119, 39.48481], [-6.41119, 39.49077], [-6.41713, 39.49077], [-6.41713, 39.48481], [-6.41119, 39.48481]]]}, "properties": {"id": "IN-20261009-046", "primera": "2026-10-09T14:31Z", "ultima": "2026-10-09T14:31Z", "n_focos": 1, "n_viirs": 1, "pasadas": 1, "satelites": ["S-NPP"], "frp_max": 2.5, "frp_total": 2.5, "ha_focos": 33.7, "centro": [-6.41416, 39.48779], "bbox": [-6.41713, 39.48481, -6.41119, 39.49077], "natura": [], "cobertura": {"artificial": 1.0}, "lugar": {"municipio": "Cáceres", "provincia": "Cáceres", "comunidad": "Extremadura"}, "lugar_focos": 1, "estado": "reciente", "effis": [], "effis_ha": null}}, {"type": "Feature", "geometry": {"type": "Polygon", "coordinates": [[[-4.09779, 37.32202], [-4.09793, 37.32435], [-4.09732, 37.32484], [-4.09646, 37.32491], [-4.09574, 37.32452], [-4.09454, 37.32098], [-4.09488, 37.32007], [-4.09589, 37.31978], [-4.09681, 37.32022], [-4.09779, 37.32202]]]}, "properties": {"id": "IN-20261010-001", "primera": "2026-10-10T01:30Z", "ultima": "2026-10-10T13:33Z", "n_focos": 8, "n_viirs": 8, "pasadas": 4, "satelites": ["NOAA-20", "NOAA-21", "S-NPP"], "frp_max": 3.6, "frp_total": 10.6, "ha_focos": 40.3, "centro": [-4.09638, 37.32164], "bbox": [-4.09947, 37.3187, -4.09328, 37.32653], "natura": [], "cobertura": {"agricola": 1.0}, "lugar": {"comunidad": "Andalucía", "municipio": "Montefrío", "provincia": "Granada"}, "lugar_focos": 8, "estado": "activo", "effis": [], "effis_ha": null, "perimeter_ha": 12.1, "steps": 3, "front_km": 1.43, "front_t": "2026-10-10T13:33Z", "max_growth_ha_h": 0.9, "progression": [{"t": "2026-10-10T01:30Z", "ha": 10.1, "pixels": 4, "frp": 2.5, "front_km": 1.37}, {"t": "2026-10-10T02:49Z", "ha": 11.3, "pixels": 2, "frp": 0.9, "front_km": 1.15, "growth_ha_h": 0.9}, {"t": "2026-10-10T13:33Z", "ha": 12.1, "pixels": 2, "frp": 7.2, "front_km": 1.43, "growth_ha_h": 0.1}], "perimetro_s2": {"calculado": "2026-10-10T22:32Z", "definitivo": false, "sin_imagen": true}}}, {"type": "Feature", "geometry": {"type": "Polygon", "coordinates": [[[1.22328, 41.17323], [1.22328, 41.17821], [1.21934, 41.17821], [1.21934, 41.17323], [1.22328, 41.17323]]]}, "properties": {"id": "IN-20261010-002", "primera": "2026-10-10T02:49Z", "ultima": "2026-10-10T02:49Z", "n_focos": 1, "n_viirs": 1, "pasadas": 1, "satelites": ["S-NPP"], "frp_max": 1.0, "frp_total": 1.0, "ha_focos": 18.2, "centro": [1.22131, 41.17572], "bbox": [1.21934, 41.17323, 1.22328, 41.17821], "natura": [], "cobertura": {"artificial": 1.0}, "lugar": {"municipio": "la Pobla de Mafumet", "provincia": "Tarragona", "comunidad": "Cataluña"}, "lugar_focos": 1, "estado": "activo", "effis": [], "effis_ha": null}}, {"type": "Feature", "geometry": {"type": "Polygon", "coordinates": [[[-0.38383, 41.00565], [-0.38378, 41.00633], [-0.38312, 41.00678], [-0.3774, 41.0076], [-0.3745, 41.00586], [-0.37118, 41.00488], [-0.36986, 41.00071], [-0.37071, 41.00006], [-0.37631, 40.99927], [-0.37921, 41.00101], [-0.38254, 41.00199], [-0.38383, 41.00565]]]}, "properties": {"id": "IN-20261010-003", "primera": "2026-10-10T12:51Z", "ultima": "2026-10-10T12:51Z", "n_focos": 6, "n_viirs": 6, "pasadas": 1, "satelites": ["NOAA-20"], "frp_max": 24.4, "frp_total": 90.1, "ha_focos": 92.4, "centro": [-0.38031, 41.00637], "bbox": [-0.38523, 40.9984, -0.36849, 41.00847], "natura": [], "cobertura": {"artificial": 0.5, "desnudo": 0.33, "agricola": 0.17}, "lugar": {"municipio": "Andorra", "provincia": "Teruel", "comunidad": "Aragón"}, "lugar_focos": 6, "estado": "activo", "effis": [], "effis_ha": null, "perimeter_ha": 71.7, "steps": 1, "front_km": 3.38, "front_t": "2026-10-10T12:51Z", "max_growth_ha_h": null, "progression": [{"t": "2026-10-10T12:51Z", "ha": 71.7, "pixels": 6, "frp": 90.1, "front_km": 3.38}], "perimetro_s2": {"calculado": "2026-10-10T18:36Z", "definitivo": false, "sin_imagen": true}}}, {"type": "Feature", "geometry": {"type": "Polygon", "coordinates": [[[-2.68471, 43.10083], [-2.6846, 43.10164], [-2.68375, 43.10215], [-2.67706, 43.10252], [-2.6763, 43.10169], [-2.67656, 43.09941], [-2.67614, 43.09711], [-2.67688, 43.09651], [-2.67798, 43.09655], [-2.68041, 43.09869], [-2.68413, 43.10026], [-2.68471, 43.10083]]]}, "properties": {"id": "IN-20261010-004", "primera": "2026-10-10T12:51Z", "ultima": "2026-10-10T14:14Z", "n_focos": 5, "n_viirs": 5, "pasadas": 3, "satelites": ["NOAA-20", "NOAA-21", "S-NPP"], "frp_max": 4.8, "frp_total": 18.1, "ha_focos": 69.0, "centro": [-2.68053, 43.10137], "bbox": [-2.68622, 43.09562, -2.67454, 43.10393], "natura": [{"codigo": "ES2130009", "nombre": "Urkiola", "tipo": "ZEC", "ha": 11.6}], "cobertura": {"bosque": 0.8, "matorral": 0.2}, "lugar": {"municipio": "Dima", "provincia": "Vizcaya", "comunidad": "País Vasco"}, "lugar_focos": 5, "estado": "activo", "effis": [], "effis_ha": null, "perimeter_ha": 28.6, "steps": 2, "front_km": 1.72, "front_t": "2026-10-10T14:14Z", "max_growth_ha_h": 0.3, "progression": [{"t": "2026-10-10T12:51Z", "ha": 28.2, "pixels": 4, "frp": 14.0, "front_km": 2.3}, {"t": "2026-10-10T14:14Z", "ha": 28.6, "pixels": 1, "frp": 4.0, "front_km": 1.72, "growth_ha_h": 0.3}], "perimetro_s2": {"calculado": "2026-10-10T18:36Z", "definitivo": false, "sin_imagen": true}}}, {"type": "Feature", "geometry": {"type": "Polygon", "coordinates": [[[-5.28696, 38.47442], [-5.28672, 38.47535], [-5.28476, 38.47663], [-5.27999, 38.47704], [-5.27917, 38.47669], [-5.27882, 38.47612], [-5.279, 38.4754], [-5.2796, 38.47497], [-5.28263, 38.47458], [-5.28526, 38.47362], [-5.28632, 38.47375], [-5.28696, 38.47442]]]}, "properties": {"id": "IN-20261010-005", "primera": "2026-10-10T12:51Z", "ultima": "2026-10-10T12:51Z", "n_focos": 3, "n_viirs": 3, "pasadas": 1, "satelites": ["NOAA-20"], "frp_max": 5.9, "frp_total": 15.1, "ha_focos": 50.9, "centro": [-5.28289, 38.47535], "bbox": [-5.28841, 38.47247, -5.27738, 38.47813], "natura": [], "cobertura": {"agricola": 1.0}, "lugar": {"municipio": "Hinojosa del Duque", "provincia": "Córdoba", "comunidad": "Andalucía"}, "lugar_focos": 3, "estado": "activo", "effis": [], "effis_ha": null, "perimeter_ha": 16.8, "steps": 1, "front_km": 1.78, "front_t": "2026-10-10T12:51Z", "max_growth_ha_h": null, "progression": [{"t": "2026-10-10T12:51Z", "ha": 16.8, "pixels": 3, "frp": 15.1, "front_km": 1.78}], "perimetro_s2": {"calculado": "2026-10-10T18:36Z", "definitivo": false, "sin_imagen": true}}}, {"type": "Feature", "geometry": {"type": "Polygon", "coordinates": [[[-3.0723, 40.85032], [-3.07222, 40.85098], [-3.07172, 40.8514], [-3.0703, 40.85134], [-3.06736, 40.84825], [-3.0673, 40.84728], [-3.06795, 40.84678], [-3.06979, 40.84638], [-3.07093, 40.84656], [-3.07144, 40.84714], [-3.07165, 40.84876], [-3.0723, 40.85032]]]}, "properties": {"id": "IN-20261010-006", "primera": "2026-10-10T12:51Z", "ultima": "2026-10-10T13:36Z", "n_focos": 3, "n_viirs": 3, "pasadas": 2, "satelites": ["NOAA-20", "NOAA-21"], "frp_max": 6.2, "frp_total": 15.4, "ha_focos": 43.1, "centro": [-3.0695, 40.84905], "bbox": [-3.07355, 40.84554, -3.06544, 40.85259], "natura": [], "cobertura": {"agricola": 1.0}, "lugar": {"municipio": "Hita", "provincia": "Guadalajara", "comunidad": "Castilla-La Mancha"}, "lugar_focos": 3, "estado": "activo", "effis": [], "effis_ha": null, "perimeter_ha": 15.3, "steps": 1, "front_km": 1.59, "front_t": "2026-10-10T12:51Z", "max_growth_ha_h": null, "progression": [{"t": "2026-10-10T12:51Z", "ha": 15.3, "pixels": 3, "frp": 15.4, "front_km": 1.59}], "perimetro_s2": {"calculado": "2026-10-10T18:36Z", "definitivo": false, "sin_imagen": true}}}, {"type": "Feature", "geometry": {"type": "Polygon", "coordinates": [[[-5.59021, 38.32961], [-5.59021, 38.33023], [-5.5891, 38.33258], [-5.58881, 38.33514], [-5.58774, 38.33583], [-5.58626, 38.33554], [-5.58573, 38.33465], [-5.58601, 38.33108], [-5.58725, 38.32926], [-5.58795, 38.32876], [-5.58933, 38.32876], [-5.59021, 38.32961]]]}, "properties": {"id": "IN-20261010-007", "primera": "2026-10-10T13:33Z", "ultima": "2026-10-10T14:12Z", "n_focos": 3, "n_viirs": 3, "pasadas": 2, "satelites": ["NOAA-21", "S-NPP"], "frp_max": 8.1, "frp_total": 18.4, "ha_focos": 65.6, "centro": [-5.58799, 38.33226], "bbox": [-5.59213, 38.32752, -5.58386, 38.33699], "natura": [], "cobertura": {"agricola": 1.0}, "lugar": {"municipio": "Granja de Torrehermosa", "provincia": "Badajoz", "comunidad": "Extremadura"}, "lugar_focos": 3, "estado": "activo", "effis": [], "effis_ha": null, "perimeter_ha": 21.2, "steps": 1, "front_km": 1.97, "front_t": "2026-10-10T13:33Z", "max_growth_ha_h": null, "progression": [{"t": "2026-10-10T13:33Z", "ha": 21.2, "pixels": 3, "frp": 18.4, "front_km": 1.97}], "perimetro_s2": {"calculado": "2026-10-10T18:36Z", "definitivo": false, "sin_imagen": true}}}, {"type": "Feature", "geometry": {"type": "Polygon", "coordinates": [[[-3.78105, 38.73721], [-3.78611, 38.73721], [-3.78611, 38.74281], [-3.78505, 38.74281], [-3.78505, 38.7443], [-3.78009, 38.7443], [-3.78009, 38.7387], [-3.78105, 38.7387], [-3.78105, 38.73721]]]}, "properties": {"id": "IN-20261010-008", "primera": "2026-10-10T12:32Z", "ultima": "2026-10-10T12:32Z", "n_focos": 2, "n_viirs": 2, "pasadas": 1, "satelites": ["S-NPP"], "frp_max": 2.3, "frp_total": 3.8, "ha_focos": 38.1, "centro": [-3.7831, 38.74076], "bbox": [-3.78611, 38.73721, -3.78009, 38.7443], "natura": [], "cobertura": {"agricola": 1.0}, "lugar": {"municipio": "Calzada de Calatrava", "provincia": "Ciudad Real", "comunidad": "Castilla-La Mancha"}, "lugar_focos": 2, "estado": "activo", "effis": [], "effis_ha": null}}, {"type": "Feature", "geometry": {"type": "Polygon", "coordinates": [[[-5.70369, 37.4753], [-5.70981, 37.4753], [-5.70981, 37.47992], [-5.70369, 37.47992], [-5.70369, 37.4753]]]}, "properties": {"id": "IN-20261010-009", "primera": "2026-10-10T12:49Z", "ultima": "2026-10-10T12:49Z", "n_focos": 2, "n_viirs": 2, "pasadas": 1, "satelites": ["NOAA-20"], "frp_max": 6.6, "frp_total": 13.2, "ha_focos": 27.5, "centro": [-5.70675, 37.47761], "bbox": [-5.70981, 37.4753, -5.70369, 37.47992], "natura": [], "cobertura": {"agricola": 1.0}, "lugar": {"municipio": "Carmona", "provincia": "Sevilla", "comunidad": "Andalucía"}, "lugar_focos": 2, "estado": "activo", "effis": [], "effis_ha": null}}, {"type": "Feature", "geometry": {"type": "Polygon", "coordinates": [[[-6.15017, 38.26612], [-6.17717, 38.26612], [-6.17717, 38.2795], [-6.15263, 38.2795], [-6.15263, 38.28508], [-6.12573, 38.28508], [-6.12573, 38.2717], [-6.15017, 38.2717], [-6.15017, 38.26612]]]}, "properties": {"id": "IN-20261010-010", "primera": "2026-10-10T15:09Z", "ultima": "2026-10-10T15:09Z", "n_focos": 2, "n_viirs": 0, "pasadas": 1, "satelites": ["Aqua"], "frp_max": 46.5, "frp_total": 80.7, "ha_focos": 678.5, "centro": [-6.15145, 38.2756], "bbox": [-6.17717, 38.26612, -6.12573, 38.28508], "natura": [{"codigo": "ES4310068", "nombre": "Sierras de Bienvenida y la Capitana", "tipo": "ZEC", "ha": 293.1}], "cobertura": {"bosque": 0.5, "agricola": 0.5}, "lugar": {"municipio": "Bienvenida", "provincia": "Badajoz", "comunidad": "Extremadura"}, "lugar_focos": 2, "estado": "activo", "effis": [], "effis_ha": null, "perimetro_s2": {"calculado": "2026-10-10T18:36Z", "definitivo": false, "sin_imagen": true}}}, {"type": "Feature", "geometry": {"type": "Polygon", "coordinates": [[[-1.78759, 39.36616], [-1.78759, 39.37114], [-1.79143, 39.37114], [-1.79143, 39.36616], [-1.78759, 39.36616]]]}, "properties": {"id": "IN-20261010-011", "primera": "2026-10-10T12:32Z", "ultima": "2026-10-10T12:32Z", "n_focos": 1, "n_viirs": 1, "pasadas": 1, "satelites": ["S-NPP"], "frp_max": 1.0, "frp_total": 1.0, "ha_focos": 18.2, "centro": [-1.78951, 39.36865], "bbox": [-1.79143, 39.36616, -1.78759, 39.37114], "natura": [], "cobertura": {"agricola": 1.0}, "lugar": {"municipio": "Iniesta", "provincia": "Cuenca", "comunidad": "Castilla-La Mancha"}, "lugar_focos": 1, "estado": "activo", "effis": [], "effis_ha": null}}, {"type": "Feature", "geometry": {"type": "Polygon", "coordinates": [[[-5.99494, 38.22984], [-5.99494, 38.23446], [-6.00112, 38.23446], [-6.00112, 38.22984], [-5.99494, 38.22984]]]}, "properties": {"id": "IN-20261010-012", "primera": "2026-10-10T12:51Z", "ultima": "2026-10-10T12:51Z", "n_focos": 1, "n_viirs": 1, "pasadas": 1, "satelites": ["NOAA-20"], "frp_max": 2.2, "frp_total": 2.2, "ha_focos": 27.5, "centro": [-5.99803, 38.23215], "bbox": [-6.00112, 38.22984, -5.99494, 38.23446], "natura": [], "cobertura": {"agricola": 1.0}, "lugar": {"municipio": "Llerena", "provincia": "Badajoz", "comunidad": "Extremadura"}, "lugar_focos": 1, "estado": "activo", "effis": [], "effis_ha": null}}, {"type": "Feature", "geometry": {"type": "Polygon", "coordinates": [[[-3.97854, 39.61642], [-3.97854, 39.6204], [-3.9832, 39.6204], [-3.9832, 39.61642], [-3.97854, 39.61642]]]}, "properties": {"id": "IN-20261010-013", "primera": "2026-10-10T12:51Z", "ultima": "2026-10-10T12:51Z", "n_focos": 1, "n_viirs": 1, "pasadas": 1, "satelites": ["NOAA-20"], "frp_max": 2.1, "frp_total": 2.1, "ha_focos": 17.6, "centro": [-3.98087, 39.61841], "bbox": [-3.9832, 39.61642, -3.97854, 39.6204], "natura": [], "cobertura": {"agricola": 1.0}, "lugar": {"municipio": "Sonseca", "provincia": "Toledo", "comunidad": "Castilla-La Mancha"}, "lugar_focos": 1, "estado": "activo", "effis": [], "effis_ha": null}}, {"type": "Feature", "geometry": {"type": "Polygon", "coordinates": [[[0.00186, 40.1711], [0.00186, 40.17444], [-0.00296, 40.17444], [-0.00296, 40.1711], [0.00186, 40.1711]]]}, "properties": {"id": "IN-20261010-014", "primera": "2026-10-10T12:51Z", "ultima": "2026-10-10T12:51Z", "n_focos": 1, "n_viirs": 1, "pasadas": 1, "satelites": ["NOAA-20"], "frp_max": 3.1, "frp_total": 3.1, "ha_focos": 15.2, "centro": [-0.00055, 40.17277], "bbox": [-0.00296, 40.1711, 0.00186, 40.17444], "natura": [], "cobertura": {"agricola": 1.0}, "lugar": {"municipio": "Vall d'Alba", "provincia": "Castellón", "comunidad": "Comunidad Valenciana"}, "lugar_focos": 1, "estado": "activo", "effis": [], "effis_ha": null}}, {"type": "Feature", "geometry": {"type": "Polygon", "coordinates": [[[-3.88129, 40.01153], [-3.88129, 40.01541], [-3.88797, 40.01541], [-3.88797, 40.01153], [-3.88129, 40.01153]]]}, "properties": {"id": "IN-20261010-015", "primera": "2026-10-10T13:36Z", "ultima": "2026-10-10T13:36Z", "n_focos": 1, "n_viirs": 1, "pasadas": 1, "satelites": ["NOAA-21"], "frp_max": 2.6, "frp_total": 2.6, "ha_focos": 24.5, "centro": [-3.88463, 40.01347], "bbox": [-3.88797, 40.01153, -3.88129, 40.01541], "natura": [], "cobertura": {"agricola": 1.0}, "lugar": {"municipio": "Villaluenga de la Sagra", "provincia": "Toledo", "comunidad": "Castilla-La Mancha"}, "lugar_focos": 1, "estado": "activo", "effis": [], "effis_ha": null}}, {"type": "Feature", "geometry": {"type": "Polygon", "coordinates": [[[-4.46996, 40.04623], [-4.46996, 40.05003], [-4.47618, 40.05003], [-4.47618, 40.04623], [-4.46996, 40.04623]]]}, "properties": {"id": "IN-20261010-016", "primera": "2026-10-10T13:36Z", "ultima": "2026-10-10T13:36Z", "n_focos": 1, "n_viirs": 1, "pasadas": 1, "satelites": ["NOAA-21"], "frp_max": 12.7, "frp_total": 12.7, "ha_focos": 22.3, "centro": [-4.47307, 40.04813], "bbox": [-4.47618, 40.04623, -4.46996, 40.05003], "natura": [], "cobertura": {"agricola": 1.0}, "lugar": {"municipio": "Otero", "provincia": "Toledo", "comunidad": "Castilla-La Mancha"}, "lugar_focos": 1, "estado": "activo", "effis": [], "effis_ha": null}}, {"type": "Feature", "geometry": {"type": "Polygon", "coordinates": [[[-4.29082, 38.66021], [-4.29082, 38.66537], [-4.29496, 38.66537], [-4.29496, 38.66021], [-4.29082, 38.66021]]]}, "properties": {"id": "IN-20261010-017", "primera": "2026-10-10T14:12Z", "ultima": "2026-10-10T14:12Z", "n_focos": 1, "n_viirs": 1, "pasadas": 1, "satelites": ["S-NPP"], "frp_max": 5.6, "frp_total": 5.6, "ha_focos": 20.5, "centro": [-4.29289, 38.66279], "bbox": [-4.29496, 38.66021, -4.29082, 38.66537], "natura": [], "cobertura": {"agricola": 1.0}, "lugar": {"municipio": "Brazatortas", "provincia": "Ciudad Real", "comunidad": "Castilla-La Mancha"}, "lugar_focos": 1, "estado": "activo", "effis": [], "effis_ha": null}}, {"type": "Feature", "geometry": {"type": "Polygon", "coordinates": [[[-5.73847, 39.21043], [-5.73847, 39.21523], [-5.74555, 39.21523], [-5.74555, 39.21043], [-5.73847, 39.21043]]]}, "properties": {"id": "IN-20261010-018", "primera": "2026-10-10T14:12Z", "ultima": "2026-10-10T14:12Z", "n_focos": 1, "n_viirs": 1, "pasadas": 1, "satelites": ["S-NPP"], "frp_max": 6.2, "frp_total": 6.2, "ha_focos": 32.3, "centro": [-5.74201, 39.21283], "bbox": [-5.74555, 39.21043, -5.73847, 39.21523], "natura": [{"codigo": "ES0000333", "nombre": "Llanos de Zorita y Embalse de Sierra Brava", "tipo": "ZEPA", "ha": 32.3}], "cobertura": {"agricola": 1.0}, "lugar": {"municipio": "Alcollarín", "provincia": "Cáceres", "comunidad": "Extremadura"}, "lugar_focos": 1, "estado": "activo", "effis": [], "effis_ha": null, "perimetro_s2": {"calculado": "2026-10-10T18:36Z", "definitivo": false, "sin_imagen": true}}}, {"type": "Feature", "geometry": {"type": "Polygon", "coordinates": [[[0.03752, 40.2883], [0.03752, 40.30214], [0.0076, 40.30214], [0.0076, 40.2883], [0.03752, 40.2883]]]}, "properties": {"id": "IN-20261010-019", "primera": "2026-10-10T19:32Z", "ultima": "2026-10-10T19:32Z", "n_focos": 1, "n_viirs": 0, "pasadas": 1, "satelites": ["Terra"], "frp_max": 27.1, "frp_total": 27.1, "ha_focos": 388.6, "centro": [0.02256, 40.29522], "bbox": [0.0076, 40.2883, 0.03752, 40.30214], "natura": [{"codigo": "ES5223055", "nombre": "Serra d'en Galceràn", "tipo": "ZEC", "ha": 388.6}], "cobertura": {"matorral": 1.0}, "lugar": {"municipio": "La Serratella", "provincia": "Castellón", "comunidad": "Comunidad Valenciana"}, "lugar_focos": 1, "estado": "activo", "effis": [], "effis_ha": null, "perimetro_s2": {"calculado": "2026-10-10T22:32Z", "definitivo": false, "sin_imagen": true}}}]}