{"type": "FeatureCollection", "features": [{"type": "Feature", "geometry": {"type": "MultiPolygon", "coordinates": [[[[-4.36779, 41.8748], [-4.36945, 41.87352], [-4.37041, 41.87351], [-4.37088, 41.87278], [-4.37136, 41.87278], [-4.37137, 41.87332], [-4.37185, 41.87331], [-4.37186, 41.87367], [-4.37115, 41.87422], [-4.3709, 41.87368], [-4.37018, 41.87369], [-4.36971, 41.87442], [-4.36827, 41.87497], [-4.36779, 41.8748]]], [[[-4.36731, 41.87517], [-4.36779, 41.87498], [-4.3678, 41.87516], [-4.36731, 41.87517]]], [[[-4.3666, 41.87554], [-4.36684, 41.87535], [-4.36684, 41.87553], [-4.3666, 41.87554]]]]}, "properties": {"incendio": "IN-20260929-002", "ha": 2.5, "severidad": {"baja": 1.7, "moderada": 0.7, "alta": 0.1}, "imagenes": ["2026-10-02", "2026-10-07"], "definitivo": false, "nublado": false, "una_imagen": 1.0, "fecha_antes": "2026-09-24", "fecha_despues": "2026-10-02"}}, {"type": "Feature", "geometry": {"type": "MultiPolygon", "coordinates": [[[[-5.05895, 37.18644], [-5.05871, 37.1859], [-5.05961, 37.1857], [-5.05978, 37.18354], [-5.06136, 37.18369], [-5.06141, 37.18567], [-5.06095, 37.18532], [-5.06005, 37.18534], [-5.06029, 37.18605], [-5.05895, 37.18644]]], [[[-5.06165, 37.18603], [-5.0621, 37.18602], [-5.0621, 37.1862], [-5.06166, 37.18639], [-5.06165, 37.18603]]], [[[-5.06262, 37.1889], [-5.06149, 37.18874], [-5.06122, 37.18712], [-5.06213, 37.1871], [-5.06236, 37.18746], [-5.06262, 37.1889]]]]}, "properties": {"incendio": "IN-20260929-003", "ha": 5.3, "severidad": {"baja": 5.0, "moderada": 0.3, "alta": 0.0}, "imagenes": ["2026-10-01", "2026-10-02", "2026-10-07", "2026-10-09"], "definitivo": false, "nublado": false, "una_imagen": 1.0, "fecha_antes": "2026-09-24", "fecha_despues": "2026-10-09"}}, {"type": "Feature", "geometry": {"type": "MultiPolygon", "coordinates": [[[[-1.99836, 42.62267], [-1.99861, 42.62231], [-1.9991, 42.62249], [-1.99909, 42.62267], [-1.99836, 42.62267]]], [[[-1.99908, 42.62357], [-1.99933, 42.62321], [-1.99932, 42.62357], [-1.99908, 42.62357]]], [[[-2.00096, 42.62809], [-1.9978, 42.62752], [-1.99731, 42.62716], [-1.99561, 42.62714], [-1.99511, 42.6275], [-1.99268, 42.6273], [-1.99246, 42.62586], [-1.99197, 42.62567], [-1.99199, 42.62459], [-1.99029, 42.6244], [-1.99008, 42.62223], [-1.99203, 42.62243], [-1.9925, 42.62351], [-1.99247, 42.62495], [-1.99369, 42.62497], [-1.99417, 42.62533], [-1.99734, 42.62536], [-1.99904, 42.62591], [-2.00099, 42.62593], [-2.00147, 42.62647], [-2.00147, 42.62683], [-2.00073, 42.62683], [-2.00096, 42.62809]]]]}, "properties": {"incendio": "IN-20260929-004", "ha": 20.6, "severidad": {"baja": 20.4, "moderada": 0.2, "alta": 0.0}, "imagenes": ["2026-10-09"], "definitivo": false, "nublado": false, "una_imagen": 1.0, "fecha_antes": "2026-09-24", "fecha_despues": "2026-10-09"}}, {"type": "Feature", "geometry": {"type": "MultiPolygon", "coordinates": [[[[-4.25054, 43.0422], [-4.25078, 43.04202], [-4.25078, 43.0422], [-4.25054, 43.0422]]], [[[-4.25055, 43.04292], [-4.2508, 43.0431], [-4.25056, 43.0431], [-4.25055, 43.04292]]], [[[-4.24785, 43.04295], [-4.24835, 43.04313], [-4.24786, 43.04313], [-4.24785, 43.04295]]], [[[-4.25154, 43.04327], [-4.25204, 43.04345], [-4.25154, 43.04345], [-4.25154, 43.04327]]], [[[-4.25254, 43.04398], [-4.25254, 43.04434], [-4.25181, 43.04435], [-4.2518, 43.04399], [-4.25254, 43.04398]]], [[[-4.25156, 43.04435], [-4.25181, 43.04453], [-4.25157, 43.04453], [-4.25156, 43.04435]]], [[[-4.24842, 43.04691], [-4.24644, 43.04621], [-4.24619, 43.04567], [-4.24668, 43.04549], [-4.24666, 43.04495], [-4.24617, 43.04495], [-4.24616, 43.04441], [-4.24814, 43.04511], [-4.2484, 43.04565], [-4.24914, 43.04582], [-4.24989, 43.04653], [-4.25112, 43.0467], [-4.25113, 43.04706], [-4.25039, 43.04707], [-4.24918, 43.0478], [-4.24869, 43.0478], [-4.24842, 43.04691]]]]}, "properties": {"incendio": "IN-20260929-006", "ha": 6.2, "severidad": {"baja": 2.6, "moderada": 3.6, "alta": 0.0}, "imagenes": ["2026-10-02", "2026-10-04"], "definitivo": true, "nublado": false, "una_imagen": 0.09, "fecha_antes": "2026-09-24", "fecha_despues": "2026-10-02"}}, {"type": "Feature", "geometry": {"type": "MultiPolygon", "coordinates": [[[[-4.65326, 43.05312], [-4.65301, 43.05276], [-4.65374, 43.05239], [-4.65375, 43.05293], [-4.65326, 43.05312]]], [[[-4.65754, 43.05684], [-4.65753, 43.05648], [-4.65605, 43.05632], [-4.65603, 43.0556], [-4.6553, 43.05561], [-4.65504, 43.05508], [-4.65405, 43.05491], [-4.65599, 43.05416], [-4.65621, 43.05308], [-4.65794, 43.05341], [-4.65746, 43.05378], [-4.65725, 43.05504], [-4.65825, 43.05575], [-4.65923, 43.05574], [-4.65776, 43.05594], [-4.65778, 43.05666], [-4.65852, 43.05683], [-4.65754, 43.05684]]]]}, "properties": {"incendio": "IN-20260929-007", "ha": 6.6, "severidad": {"baja": 1.8, "moderada": 4.4, "alta": 0.4}, "imagenes": ["2026-10-02", "2026-10-04"], "definitivo": false, "nublado": false, "una_imagen": 1.0, "fecha_antes": "2026-09-24", "fecha_despues": "2026-10-02"}}, {"type": "Feature", "geometry": {"type": "MultiPolygon", "coordinates": [[[[-0.33276, 39.27531], [-0.33278, 39.27477], [-0.33373, 39.27425], [-0.33398, 39.27371], [-0.33513, 39.27392], [-0.33465, 39.27445], [-0.33418, 39.27444], [-0.33346, 39.27514], [-0.33276, 39.27531]]], [[[-0.33554, 39.27537], [-0.33578, 39.27502], [-0.33577, 39.27538], [-0.33554, 39.27537]]], [[[-0.33518, 39.27861], [-0.33452, 39.27787], [-0.33382, 39.27785], [-0.33357, 39.27839], [-0.33287, 39.27837], [-0.33335, 39.2782], [-0.33337, 39.27766], [-0.33243, 39.27782], [-0.33245, 39.27746], [-0.33338, 39.2773], [-0.33341, 39.27658], [-0.33295, 39.27639], [-0.33341, 39.2764], [-0.33366, 39.27605], [-0.33412, 39.27606], [-0.33411, 39.27642], [-0.33527, 39.27645], [-0.33621, 39.27593], [-0.33623, 39.27557], [-0.33738, 39.27577], [-0.33689, 39.27648], [-0.33685, 39.27756], [-0.33591, 39.2779], [-0.33518, 39.27861]]]]}, "properties": {"incendio": "IN-20260929-012", "ha": 8.7, "severidad": {"baja": 8.7, "moderada": 0.0, "alta": 0.0}, "imagenes": ["2026-10-01", "2026-10-08"], "definitivo": false, "nublado": false, "una_imagen": 0.81, "fecha_antes": "2026-09-11", "fecha_despues": "2026-10-08"}}, {"type": "Feature", "geometry": {"type": "MultiPolygon", "coordinates": [[[[-0.26559, 39.22024], [-0.26444, 39.22003], [-0.26419, 39.22038], [-0.2635, 39.22019], [-0.26353, 39.21965], [-0.26283, 39.21963], [-0.26259, 39.21998], [-0.26212, 39.21997], [-0.26211, 39.22033], [-0.26117, 39.22067], [-0.26113, 39.22175], [-0.26157, 39.2223], [-0.26111, 39.22229], [-0.26109, 39.22265], [-0.2604, 39.22264], [-0.26038, 39.223], [-0.25968, 39.22316], [-0.2596, 39.22532], [-0.2589, 39.22548], [-0.25892, 39.22494], [-0.25776, 39.22492], [-0.25757, 39.22383], [-0.25827, 39.22385], [-0.25829, 39.22331], [-0.25898, 39.22332], [-0.25878, 39.22242], [-0.26019, 39.22209], [-0.26022, 39.22137], [-0.25906, 39.22134], [-0.25904, 39.2217], [-0.25834, 39.22187], [-0.25772, 39.22005], [-0.2568, 39.21985], [-0.25679, 39.22021], [-0.25632, 39.22038], [-0.25587, 39.22001], [-0.25634, 39.21966], [-0.25636, 39.21912], [-0.25543, 39.21928], [-0.25546, 39.21856], [-0.25568, 39.21892], [-0.2566, 39.21894], [-0.25707, 39.21877], [-0.25709, 39.21823], [-0.2578, 39.21807], [-0.2582, 39.21952], [-0.25913, 39.21954], [-0.25911, 39.2199], [-0.26028, 39.21975], [-0.2603, 39.21921], [-0.261, 39.21905], [-0.26081, 39.21796], [-0.26175, 39.21762], [-0.2618, 39.21636], [-0.26134, 39.21635], [-0.26112, 39.21599], [-0.26182, 39.21582], [-0.26183, 39.21546], [-0.2623, 39.21547], [-0.26227, 39.21619], [-0.26413, 39.21606], [-0.26414, 39.2157], [-0.26484, 39.21553], [-0.26487, 39.21481], [-0.26558, 39.21447], [-0.2656, 39.21393], [-0.2663, 39.21377], [-0.26675, 39.21414], [-0.2679, 39.21434], [-0.26763, 39.21524], [-0.2662, 39.21629], [-0.26574, 39.21627], [-0.26552, 39.21591], [-0.2646, 39.21589], [-0.26454, 39.21733], [-0.26524, 39.21734], [-0.26548, 39.21699], [-0.26569, 39.21754], [-0.26523, 39.21752], [-0.2652, 39.21824], [-0.2659, 39.21826], [-0.26656, 39.219], [-0.26726, 39.21901], [-0.26775, 39.2183], [-0.26821, 39.21831], [-0.26841, 39.21904], [-0.26702, 39.21919], [-0.267, 39.21955], [-0.26561, 39.21952], [-0.26559, 39.22024]], [[-0.26564, 39.21898], [-0.26494, 39.21896], [-0.26496, 39.2186], [-0.26426, 39.21858], [-0.26424, 39.21912], [-0.26493, 39.21914], [-0.26492, 39.2195], [-0.26561, 39.21952], [-0.26564, 39.21898]]], [[[-0.26998, 39.22034], [-0.26907, 39.22014], [-0.26932, 39.2196], [-0.27, 39.2198], [-0.26998, 39.22034]]], [[[-0.26709, 39.22333], [-0.26691, 39.22189], [-0.26738, 39.22172], [-0.2674, 39.22136], [-0.2681, 39.2212], [-0.26858, 39.22067], [-0.26973, 39.22087], [-0.26993, 39.22178], [-0.26923, 39.22194], [-0.26897, 39.22248], [-0.26851, 39.22247], [-0.26827, 39.22282], [-0.26734, 39.2228], [-0.26709, 39.22333]]]]}, "properties": {"incendio": "IN-20260929-013", "ha": 41.0, "severidad": {"baja": 37.8, "moderada": 3.0, "alta": 0.0}, "imagenes": ["2026-10-08"], "definitivo": false, "nublado": false, "una_imagen": 1.0, "fecha_antes": "2026-09-26", "fecha_despues": "2026-10-08"}}, {"type": "Feature", "geometry": {"type": "MultiPolygon", "coordinates": [[[[-5.61676, 38.32035], [-5.6149, 38.31949], [-5.61489, 38.31913], [-5.61442, 38.31896], [-5.61461, 38.31788], [-5.61392, 38.31771], [-5.61344, 38.31718], [-5.61276, 38.3172], [-5.61278, 38.31774], [-5.61371, 38.31826], [-5.61373, 38.3188], [-5.61327, 38.31881], [-5.61326, 38.31845], [-5.6128, 38.31846], [-5.6121, 38.31793], [-5.61207, 38.31721], [-5.61116, 38.31741], [-5.61069, 38.31706], [-5.61158, 38.31632], [-5.6113, 38.31471], [-5.6129, 38.31485], [-5.61291, 38.31521], [-5.61384, 38.31537], [-5.61571, 38.31659], [-5.61799, 38.31654], [-5.61846, 38.31689], [-5.6185, 38.31779], [-5.61918, 38.31777], [-5.62027, 38.31613], [-5.62095, 38.31593], [-5.62142, 38.31628], [-5.62144, 38.317], [-5.6219, 38.31699], [-5.62191, 38.31735], [-5.62284, 38.31769], [-5.62175, 38.31934], [-5.61989, 38.31848], [-5.61921, 38.31849], [-5.61791, 38.32051], [-5.61676, 38.32035]]], [[[-5.61723, 38.33332], [-5.61629, 38.3328], [-5.61603, 38.3319], [-5.61533, 38.33138], [-5.61531, 38.33102], [-5.61576, 38.33083], [-5.61713, 38.33079], [-5.61715, 38.33133], [-5.61784, 38.33132], [-5.61806, 38.33095], [-5.61899, 38.33147], [-5.61947, 38.33218], [-5.61993, 38.33217], [-5.61994, 38.33253], [-5.61949, 38.33272], [-5.61902, 38.33237], [-5.61811, 38.33239], [-5.61721, 38.33296], [-5.61723, 38.33332]]], [[[-5.61747, 38.33367], [-5.6177, 38.33385], [-5.61747, 38.33385], [-5.61747, 38.33367]]], [[[-5.61228, 38.33577], [-5.61252, 38.33594], [-5.61229, 38.33595], [-5.61228, 38.33577]]], [[[-5.61206, 38.33595], [-5.61229, 38.33613], [-5.61206, 38.33613], [-5.61206, 38.33595]]], [[[-5.62225, 38.33933], [-5.62248, 38.33951], [-5.62225, 38.33951], [-5.62225, 38.33933]]], [[[-5.61996, 38.34569], [-5.61995, 38.34533], [-5.62063, 38.34513], [-5.62065, 38.34567], [-5.61996, 38.34569]]], [[[-5.62349, 38.34831], [-5.62277, 38.34761], [-5.62323, 38.34742], [-5.62321, 38.34688], [-5.62206, 38.34672], [-5.62111, 38.34584], [-5.62132, 38.34548], [-5.62178, 38.34547], [-5.62176, 38.34493], [-5.62383, 38.34524], [-5.62387, 38.34614], [-5.62456, 38.34649], [-5.62485, 38.34792], [-5.62346, 38.34759], [-5.62349, 38.34831]]]]}, "properties": {"incendio": "IN-20260930-001", "ha": 41.0, "severidad": {"baja": 18.7, "moderada": 22.3, "alta": 0.0}, "imagenes": ["2026-10-02", "2026-10-07"], "definitivo": false, "nublado": false, "una_imagen": 0.95, "fecha_antes": "2026-09-24", "fecha_despues": "2026-10-02"}}, {"type": "Feature", "geometry": {"type": "Polygon", "coordinates": [[[-5.79637, 38.32756], [-5.79538, 38.3256], [-5.79326, 38.32403], [-5.79234, 38.32405], [-5.79168, 38.32478], [-5.79101, 38.32498], [-5.79126, 38.3257], [-5.79172, 38.32568], [-5.79173, 38.32604], [-5.79267, 38.32674], [-5.79311, 38.32619], [-5.79402, 38.32617], [-5.79473, 38.32669], [-5.79477, 38.32759], [-5.79637, 38.32756]]]}, "properties": {"incendio": "IN-20260930-008", "ha": 8.6, "severidad": {"baja": 8.6, "moderada": 0.0, "alta": 0.0}, "imagenes": ["2026-10-02", "2026-10-07"], "definitivo": false, "nublado": false, "una_imagen": 0.74, "fecha_antes": "2026-09-27", "fecha_despues": "2026-10-07"}}, {"type": "Feature", "geometry": {"type": "MultiPolygon", "coordinates": [[[[-5.79449, 38.35625], [-5.79197, 38.35613], [-5.79195, 38.35541], [-5.7908, 38.35526], [-5.79078, 38.3549], [-5.79307, 38.35484], [-5.79445, 38.35517], [-5.79449, 38.35625]]], [[[-5.78949, 38.35691], [-5.78925, 38.35674], [-5.78948, 38.35673], [-5.78949, 38.35691]]]]}, "properties": {"incendio": "IN-20260930-009", "ha": 3.6, "severidad": {"baja": 3.6, "moderada": 0.0, "alta": 0.0}, "imagenes": ["2026-10-02", "2026-10-07"], "definitivo": false, "nublado": false, "una_imagen": 1.0, "fecha_antes": "2026-09-27", "fecha_despues": "2026-10-07"}}, {"type": "Feature", "geometry": {"type": "Polygon", "coordinates": [[[-5.84099, 38.3281], [-5.84187, 38.32718], [-5.84184, 38.32628], [-5.8425, 38.32555], [-5.84202, 38.32502], [-5.84197, 38.32376], [-5.84078, 38.3227], [-5.83987, 38.32273], [-5.83989, 38.32327], [-5.83853, 38.32348], [-5.83952, 38.32562], [-5.83884, 38.32563], [-5.83835, 38.32493], [-5.83767, 38.32494], [-5.83747, 38.32567], [-5.83701, 38.32568], [-5.83747, 38.32585], [-5.83751, 38.32675], [-5.83521, 38.32644], [-5.8343, 38.32664], [-5.83455, 38.327], [-5.83752, 38.32693], [-5.83753, 38.32729], [-5.83799, 38.32728], [-5.838, 38.32764], [-5.83846, 38.32763], [-5.8387, 38.32798], [-5.84099, 38.3281]]]}, "properties": {"incendio": "IN-20260930-010", "ha": 18.6, "severidad": {"baja": 8.2, "moderada": 10.4, "alta": 0.0}, "imagenes": ["2026-10-02", "2026-10-07"], "definitivo": false, "nublado": false, "una_imagen": 0.97, "fecha_antes": "2026-09-24", "fecha_despues": "2026-10-07"}}, {"type": "Feature", "geometry": {"type": "MultiPolygon", "coordinates": [[[[-1.61995, 42.61855], [-1.619, 42.61746], [-1.61827, 42.61745], [-1.61825, 42.61799], [-1.61751, 42.61834], [-1.61678, 42.61833], [-1.61655, 42.61797], [-1.61777, 42.6178], [-1.61803, 42.61727], [-1.61851, 42.61727], [-1.61852, 42.61691], [-1.61901, 42.61692], [-1.62025, 42.61603], [-1.6217, 42.61641], [-1.62169, 42.61713], [-1.62217, 42.61714], [-1.62216, 42.61768], [-1.62289, 42.61769], [-1.62289, 42.61805], [-1.62167, 42.61803], [-1.62092, 42.61856], [-1.61995, 42.61855]]], [[[-1.62408, 42.61896], [-1.62506, 42.61897], [-1.6253, 42.61934], [-1.62456, 42.61933], [-1.62408, 42.61896]]], [[[-1.61993, 42.61927], [-1.6231, 42.61931], [-1.62384, 42.61914], [-1.62285, 42.61985], [-1.62138, 42.61983], [-1.62138, 42.62019], [-1.6204, 42.62018], [-1.62041, 42.61964], [-1.61992, 42.61963], [-1.61993, 42.61927]]], [[[-1.61845, 42.61997], [-1.61869, 42.62034], [-1.61845, 42.62033], [-1.61845, 42.61997]]], [[[-1.62355, 42.6213], [-1.62305, 42.62147], [-1.62306, 42.62129], [-1.62355, 42.6213]]], [[[-1.62619, 42.62313], [-1.6257, 42.62312], [-1.62597, 42.62205], [-1.62573, 42.62168], [-1.62524, 42.62168], [-1.62525, 42.62132], [-1.62746, 42.6208], [-1.62791, 42.62261], [-1.62839, 42.62261], [-1.62835, 42.6246], [-1.6264, 42.62457], [-1.62619, 42.62313]]], [[[-1.61784, 42.62573], [-1.6176, 42.62537], [-1.61663, 42.62536], [-1.61639, 42.62499], [-1.6159, 42.62499], [-1.61591, 42.62463], [-1.61617, 42.62391], [-1.61666, 42.62391], [-1.61762, 42.62465], [-1.61761, 42.62501], [-1.61859, 42.62502], [-1.61886, 42.62358], [-1.62056, 42.62378], [-1.62034, 42.62306], [-1.61911, 42.62322], [-1.61864, 42.62268], [-1.61866, 42.62178], [-1.61915, 42.6216], [-1.61916, 42.62106], [-1.61965, 42.62107], [-1.61964, 42.62143], [-1.62037, 42.62144], [-1.62038, 42.6209], [-1.62062, 42.62144], [-1.62305, 42.62147], [-1.6235, 42.62346], [-1.62228, 42.62326], [-1.62202, 42.62398], [-1.62105, 42.62397], [-1.62078, 42.62523], [-1.62004, 42.62522], [-1.61979, 42.62575], [-1.61784, 42.62573]]], [[[-1.61626, 42.61977], [-1.6165, 42.61995], [-1.61625, 42.62031], [-1.61626, 42.61977]]], [[[-1.616, 42.62048], [-1.61576, 42.62066], [-1.61576, 42.62048], [-1.616, 42.62048]]], [[[-1.61722, 42.6205], [-1.61771, 42.62069], [-1.61696, 42.62122], [-1.61697, 42.62086], [-1.61722, 42.6205]]], [[[-1.61526, 42.62102], [-1.61501, 42.62119], [-1.61502, 42.62101], [-1.61526, 42.62102]]], [[[-1.61574, 42.62156], [-1.61549, 42.62174], [-1.61549, 42.62156], [-1.61574, 42.62156]]], [[[-1.61435, 42.62893], [-1.61242, 42.62819], [-1.61243, 42.62765], [-1.61024, 42.62726], [-1.61026, 42.62636], [-1.61075, 42.62636], [-1.61074, 42.62672], [-1.61172, 42.62674], [-1.61221, 42.62656], [-1.61247, 42.62585], [-1.61345, 42.62586], [-1.6137, 42.6255], [-1.61369, 42.62586], [-1.61418, 42.62587], [-1.61441, 42.62641], [-1.6146, 42.62857], [-1.61435, 42.62893]]]]}, "properties": {"incendio": "IN-20261001-003", "ha": 37.4, "severidad": {"baja": 35.1, "moderada": 2.4, "alta": 0.0}, "imagenes": ["2026-10-04", "2026-10-09"], "definitivo": false, "nublado": false, "una_imagen": 1.0, "fecha_antes": "2026-09-24", "fecha_despues": "2026-10-09"}}, {"type": "Feature", "geometry": {"type": "MultiPolygon", "coordinates": [[[[-1.48484, 38.24875], [-1.48418, 38.24766], [-1.48464, 38.24748], [-1.48465, 38.24694], [-1.48556, 38.24695], [-1.48578, 38.24732], [-1.48624, 38.24732], [-1.48691, 38.24823], [-1.48553, 38.24876], [-1.48484, 38.24875]]], [[[-1.48658, 38.25328], [-1.48681, 38.2531], [-1.4868, 38.25328], [-1.48658, 38.25328]]], [[[-1.48818, 38.25312], [-1.48864, 38.25312], [-1.48863, 38.25348], [-1.48817, 38.25348], [-1.48818, 38.25312]]], [[[-1.48612, 38.25327], [-1.48658, 38.25328], [-1.48657, 38.25346], [-1.48611, 38.25345], [-1.48612, 38.25327]]]]}, "properties": {"incendio": "IN-20261001-004", "ha": 3.3, "severidad": {"baja": 2.4, "moderada": 0.7, "alta": 0.2}, "imagenes": ["2026-10-01", "2026-10-08"], "definitivo": false, "nublado": false, "una_imagen": 1.0, "fecha_antes": "2026-09-26", "fecha_despues": "2026-10-08"}}, {"type": "Feature", "geometry": {"type": "MultiPolygon", "coordinates": [[[[-4.91578, 39.92257], [-4.91506, 39.92222], [-4.91505, 39.92186], [-4.91574, 39.92131], [-4.91646, 39.92184], [-4.91716, 39.92182], [-4.91738, 39.92146], [-4.91763, 39.922], [-4.91693, 39.92201], [-4.91671, 39.92255], [-4.91578, 39.92257]]], [[[-4.92214, 39.92426], [-4.92258, 39.92318], [-4.92349, 39.92244], [-4.92465, 39.92206], [-4.92444, 39.92278], [-4.92397, 39.92279], [-4.92375, 39.92334], [-4.92282, 39.92353], [-4.92284, 39.92425], [-4.92214, 39.92426]]]]}, "properties": {"incendio": "IN-20261001-005", "ha": 3.2, "severidad": {"baja": 3.2, "moderada": 0.0, "alta": 0.0}, "imagenes": ["2026-10-02", "2026-10-07"], "definitivo": false, "nublado": false, "una_imagen": 1.0, "fecha_antes": "2026-09-24", "fecha_despues": "2026-10-02"}}, {"type": "Feature", "geometry": {"type": "Polygon", "coordinates": [[[-1.04981, 38.17582], [-1.05004, 38.17564], [-1.04981, 38.17564], [-1.04981, 38.17582]]]}, "properties": {"incendio": "IN-20261001-007", "ha": 0.0, "severidad": {"baja": 0.0, "moderada": 0.0, "alta": 0.0}, "imagenes": ["2026-10-01", "2026-10-08"], "definitivo": false, "nublado": false, "una_imagen": 1.0, "fecha_antes": "2026-09-26", "fecha_despues": "2026-10-08"}}, {"type": "Feature", "geometry": {"type": "MultiPolygon", "coordinates": [[[[-4.86926, 39.9763], [-4.86924, 39.9754], [-4.86854, 39.97541], [-4.869, 39.97504], [-4.86946, 39.97504], [-4.86948, 39.97558], [-4.87018, 39.97557], [-4.87066, 39.97592], [-4.87067, 39.97628], [-4.87021, 39.97647], [-4.86926, 39.9763]]], [[[-4.85783, 39.97775], [-4.85828, 39.97702], [-4.85898, 39.97701], [-4.85877, 39.97791], [-4.85783, 39.97775]]], [[[-4.86135, 39.97805], [-4.86134, 39.97769], [-4.8618, 39.9775], [-4.86205, 39.97804], [-4.86135, 39.97805]]], [[[-4.86909, 39.97847], [-4.86906, 39.97757], [-4.86976, 39.97719], [-4.86979, 39.97845], [-4.86909, 39.97847]]], [[[-4.85997, 39.97897], [-4.85971, 39.97808], [-4.85993, 39.97771], [-4.86064, 39.9777], [-4.86068, 39.97914], [-4.85997, 39.97897]]], [[[-4.86278, 39.97911], [-4.86277, 39.97857], [-4.86323, 39.97838], [-4.86326, 39.97928], [-4.86278, 39.97911]]], [[[-4.85953, 39.97988], [-4.85952, 39.97952], [-4.86022, 39.97951], [-4.86023, 39.98005], [-4.85953, 39.97988]]], [[[-4.86093, 39.98004], [-4.86117, 39.98021], [-4.86094, 39.98022], [-4.86093, 39.98004]]]]}, "properties": {"incendio": "IN-20261001-008", "ha": 4.5, "severidad": {"baja": 3.5, "moderada": 1.0, "alta": 0.0}, "imagenes": ["2026-10-02", "2026-10-07"], "definitivo": false, "nublado": false, "una_imagen": 0.99, "fecha_antes": "2026-09-24", "fecha_despues": "2026-10-02"}}, {"type": "Feature", "geometry": {"type": "Polygon", "coordinates": [[[-5.06595, 37.60665], [-5.06797, 37.60571], [-5.07201, 37.60456], [-5.0729, 37.604], [-5.07426, 37.6038], [-5.0733, 37.60183], [-5.07171, 37.60186], [-5.0715, 37.60222], [-5.07082, 37.60224], [-5.06948, 37.60298], [-5.0679, 37.60337], [-5.06746, 37.60392], [-5.06633, 37.60376], [-5.06588, 37.60413], [-5.06431, 37.60451], [-5.06456, 37.60541], [-5.06411, 37.60542], [-5.06412, 37.60578], [-5.0648, 37.60577], [-5.06527, 37.60666], [-5.06595, 37.60665]]]}, "properties": {"incendio": "IN-20261001-009", "ha": 21.6, "severidad": {"baja": 4.8, "moderada": 16.8, "alta": 0.0}, "imagenes": ["2026-10-01", "2026-10-02", "2026-10-07", "2026-10-09"], "definitivo": true, "nublado": false, "una_imagen": 0.0, "fecha_antes": "2026-09-29", "fecha_despues": "2026-10-09"}}, {"type": "Feature", "geometry": {"type": "MultiPolygon", "coordinates": [[[[-1.34552, 37.74778], [-1.3453, 37.74742], [-1.34553, 37.74742], [-1.34552, 37.74778]]], [[[-1.34435, 37.74921], [-1.34392, 37.74848], [-1.34437, 37.74849], [-1.34461, 37.74795], [-1.3446, 37.74831], [-1.34528, 37.74832], [-1.34549, 37.74904], [-1.34435, 37.74921]]]]}, "properties": {"incendio": "IN-20261001-010", "ha": 1.2, "severidad": {"baja": 0.5, "moderada": 0.5, "alta": 0.2}, "imagenes": ["2026-10-01"], "definitivo": false, "nublado": false, "una_imagen": 1.0, "fecha_antes": "2026-09-26", "fecha_despues": "2026-10-01"}}, {"type": "Feature", "geometry": {"type": "MultiPolygon", "coordinates": [[[[-1.48876, 38.40128], [-1.48877, 38.40091], [-1.48785, 38.4009], [-1.48786, 38.40036], [-1.48741, 38.40036], [-1.48764, 38.4], [-1.48879, 38.40001], [-1.489, 38.40074], [-1.48876, 38.40128]]], [[[-1.48644, 38.40287], [-1.48621, 38.40268], [-1.48644, 38.40269], [-1.48644, 38.40287]]]]}, "properties": {"incendio": "IN-20261001-011", "ha": 1.1, "severidad": {"baja": 0.7, "moderada": 0.3, "alta": 0.1}, "imagenes": ["2026-10-01", "2026-10-08"], "definitivo": false, "nublado": false, "una_imagen": 1.0, "fecha_antes": "2026-09-26", "fecha_despues": "2026-10-08"}}, {"type": "Feature", "geometry": {"type": "MultiPolygon", "coordinates": [[[[-5.86683, 38.29864], [-5.86793, 38.29754], [-5.86834, 38.29644], [-5.87086, 38.29656], [-5.87138, 38.29817], [-5.87117, 38.29854], [-5.8682, 38.29879], [-5.86823, 38.29951], [-5.86778, 38.29952], [-5.86753, 38.29899], [-5.86684, 38.299], [-5.86683, 38.29864]]], [[[-5.86662, 38.29919], [-5.86684, 38.299], [-5.86685, 38.29918], [-5.86662, 38.29919]]], [[[-5.86985, 38.30001], [-5.8703, 38.29982], [-5.87031, 38.3], [-5.86985, 38.30001]]]]}, "properties": {"incendio": "IN-20261001-014", "ha": 8.2, "severidad": {"baja": 4.4, "moderada": 3.8, "alta": 0.0}, "imagenes": ["2026-10-02", "2026-10-07"], "definitivo": false, "nublado": false, "una_imagen": 0.62, "fecha_antes": "2026-09-27", "fecha_despues": "2026-10-07"}}, {"type": "Feature", "geometry": {"type": "Polygon", "coordinates": [[[-5.95152, 38.35168], [-5.95403, 38.35144], [-5.95512, 38.35015], [-5.95461, 38.34872], [-5.95415, 38.34873], [-5.95413, 38.34819], [-5.95344, 38.34821], [-5.95294, 38.34714], [-5.95406, 38.34657], [-5.95566, 38.34653], [-5.95728, 38.34703], [-5.95748, 38.34631], [-5.9568, 38.34632], [-5.95678, 38.34578], [-5.95814, 38.34557], [-5.95813, 38.34521], [-5.96011, 38.34336], [-5.96281, 38.34239], [-5.96413, 38.34109], [-5.96401, 38.33803], [-5.96266, 38.33861], [-5.96151, 38.33846], [-5.96148, 38.33774], [-5.96217, 38.33772], [-5.96215, 38.33736], [-5.9617, 38.33737], [-5.96167, 38.33683], [-5.96258, 38.33663], [-5.96254, 38.33573], [-5.96208, 38.33556], [-5.96196, 38.33268], [-5.96285, 38.33193], [-5.96283, 38.33157], [-5.96419, 38.33118], [-5.9635, 38.33102], [-5.96347, 38.3303], [-5.96279, 38.33049], [-5.96282, 38.33121], [-5.96213, 38.33123], [-5.96097, 38.33072], [-5.96078, 38.33163], [-5.9594, 38.33166], [-5.95993, 38.33327], [-5.95901, 38.33311], [-5.95881, 38.33384], [-5.95907, 38.33473], [-5.96045, 38.33488], [-5.96052, 38.3365], [-5.95987, 38.33742], [-5.96078, 38.33739], [-5.9608, 38.33793], [-5.95968, 38.33832], [-5.95947, 38.33887], [-5.95878, 38.33888], [-5.9588, 38.33924], [-5.95676, 38.33966], [-5.95678, 38.3402], [-5.95609, 38.34021], [-5.95566, 38.34095], [-5.95615, 38.34165], [-5.95757, 38.3427], [-5.95802, 38.34269], [-5.95805, 38.34341], [-5.95537, 38.3451], [-5.95492, 38.34511], [-5.9547, 38.34547], [-5.9538, 38.34568], [-5.95381, 38.34604], [-5.9529, 38.34624], [-5.95113, 38.34773], [-5.95115, 38.34809], [-5.94871, 38.34995], [-5.94873, 38.35049], [-5.94989, 38.35082], [-5.95037, 38.35135], [-5.95152, 38.35168]], [[-5.96088, 38.33973], [-5.95973, 38.33958], [-5.95947, 38.33887], [-5.96061, 38.33884], [-5.96088, 38.33973]], [[-5.96021, 38.33452], [-5.95929, 38.33455], [-5.95925, 38.33347], [-5.95993, 38.33345], [-5.96021, 38.33452]]]}, "properties": {"incendio": "IN-20261001-019", "ha": 72.8, "severidad": {"baja": 35.0, "moderada": 37.6, "alta": 0.0}, "imagenes": ["2026-10-02", "2026-10-07"], "definitivo": false, "nublado": false, "una_imagen": 0.91, "fecha_antes": "2026-09-24", "fecha_despues": "2026-10-07"}}, {"type": "Feature", "geometry": {"type": "MultiPolygon", "coordinates": [[[[-0.29256, 39.24177], [-0.29232, 39.24194], [-0.29232, 39.24176], [-0.29256, 39.24177]]], [[[-0.29208, 39.24212], [-0.29232, 39.24194], [-0.29231, 39.24212], [-0.29208, 39.24212]]], [[[-0.29021, 39.24261], [-0.29043, 39.2428], [-0.2902, 39.24279], [-0.29021, 39.24261]]], [[[-0.29154, 39.24409], [-0.29112, 39.24281], [-0.29159, 39.24264], [-0.29162, 39.2421], [-0.29208, 39.24212], [-0.29202, 39.24356], [-0.29247, 39.24393], [-0.29154, 39.24409]]], [[[-0.28983, 39.24639], [-0.28986, 39.24549], [-0.28871, 39.24546], [-0.28797, 39.24652], [-0.28751, 39.24651], [-0.28729, 39.24615], [-0.28732, 39.24543], [-0.28667, 39.24415], [-0.28713, 39.24416], [-0.28739, 39.24363], [-0.28855, 39.24347], [-0.28858, 39.24275], [-0.2902, 39.24279], [-0.29017, 39.24351], [-0.28971, 39.2435], [-0.28918, 39.24511], [-0.2908, 39.24533], [-0.29078, 39.24569], [-0.29052, 39.2464], [-0.28983, 39.24639]]], [[[-0.2915, 39.24517], [-0.29172, 39.24535], [-0.29149, 39.24535], [-0.2915, 39.24517]]], [[[-0.30191, 39.25153], [-0.30259, 39.25191], [-0.30302, 39.25282], [-0.30165, 39.25225], [-0.30168, 39.25153], [-0.30122, 39.25152], [-0.30056, 39.25042], [-0.29988, 39.25022], [-0.2999, 39.24968], [-0.29899, 39.2493], [-0.29903, 39.24822], [-0.2981, 39.2482], [-0.29669, 39.24871], [-0.29685, 39.25051], [-0.29941, 39.25039], [-0.29937, 39.25129], [-0.30026, 39.25222], [-0.29998, 39.25347], [-0.29951, 39.25364], [-0.29886, 39.25254], [-0.2984, 39.25253], [-0.2982, 39.25163], [-0.29751, 39.25143], [-0.29753, 39.25089], [-0.29638, 39.25086], [-0.29642, 39.2496], [-0.29573, 39.24959], [-0.29525, 39.24994], [-0.29522, 39.25084], [-0.29568, 39.25085], [-0.29612, 39.25158], [-0.29474, 39.25137], [-0.29501, 39.25029], [-0.29455, 39.2501], [-0.29457, 39.24956], [-0.29388, 39.24954], [-0.29348, 39.24773], [-0.29282, 39.247], [-0.29144, 39.24679], [-0.29195, 39.24536], [-0.29266, 39.24519], [-0.29335, 39.24521], [-0.294, 39.24648], [-0.29469, 39.2465], [-0.29471, 39.24596], [-0.29404, 39.2454], [-0.29405, 39.24504], [-0.29359, 39.24503], [-0.29361, 39.24449], [-0.29268, 39.24447], [-0.29247, 39.24393], [-0.29315, 39.2443], [-0.29408, 39.24432], [-0.29479, 39.2438], [-0.29595, 39.24383], [-0.29602, 39.24203], [-0.29556, 39.24184], [-0.29558, 39.24148], [-0.29604, 39.24149], [-0.29584, 39.24058], [-0.29768, 39.24098], [-0.29789, 39.24153], [-0.29928, 39.24156], [-0.30108, 39.24305], [-0.29991, 39.2432], [-0.30031, 39.24501], [-0.2966, 39.24492], [-0.29635, 39.24546], [-0.29614, 39.24491], [-0.29498, 39.24507], [-0.29538, 39.24652], [-0.2951, 39.24777], [-0.29557, 39.24778], [-0.296, 39.24851], [-0.2967, 39.24853], [-0.29671, 39.24817], [-0.29717, 39.24818], [-0.2972, 39.24746], [-0.2979, 39.24748], [-0.29792, 39.24676], [-0.29909, 39.2466], [-0.29993, 39.24896], [-0.30084, 39.24917], [-0.30111, 39.24827], [-0.30001, 39.2468], [-0.30096, 39.24611], [-0.30077, 39.2452], [-0.30123, 39.24521], [-0.30166, 39.24594], [-0.30282, 39.24597], [-0.30235, 39.24614], [-0.30209, 39.24703], [-0.30117, 39.24683], [-0.30115, 39.24737], [-0.3016, 39.24756], [-0.30134, 39.24846], [-0.3018, 39.24847], [-0.30245, 39.24956], [-0.30291, 39.24957], [-0.30313, 39.24994], [-0.30219, 39.25046], [-0.30191, 39.25153]], [[-0.30222, 39.24956], [-0.3013, 39.24936], [-0.30126, 39.25044], [-0.30219, 39.25046], [-0.30222, 39.24956]], [[-0.2971, 39.24403], [-0.2978, 39.24387], [-0.29761, 39.24278], [-0.29692, 39.24277], [-0.29644, 39.24312], [-0.29615, 39.24473], [-0.29684, 39.24475], [-0.2971, 39.24403]]], [[[-0.29073, 39.24695], [-0.2905, 39.24712], [-0.2905, 39.24694], [-0.29073, 39.24695]]], [[[-0.28782, 39.25048], [-0.28667, 39.25028], [-0.28599, 39.24972], [-0.28601, 39.24918], [-0.28765, 39.24868], [-0.28857, 39.24888], [-0.28859, 39.24852], [-0.28975, 39.24855], [-0.28976, 39.24819], [-0.29022, 39.2482], [-0.29003, 39.24729], [-0.29049, 39.2473], [-0.29046, 39.24802], [-0.29138, 39.24823], [-0.29137, 39.24859], [-0.29205, 39.24878], [-0.29181, 39.24914], [-0.29135, 39.24913], [-0.29113, 39.24858], [-0.29021, 39.24856], [-0.29019, 39.24892], [-0.28904, 39.24871], [-0.28803, 39.25103], [-0.28782, 39.25048]]]]}, "properties": {"incendio": "IN-20261001-022", "ha": 59.9, "severidad": {"baja": 45.4, "moderada": 13.7, "alta": 0.4}, "imagenes": ["2026-10-08"], "definitivo": false, "nublado": false, "una_imagen": 1.0, "fecha_antes": "2026-09-11", "fecha_despues": "2026-10-08"}}, {"type": "Feature", "geometry": {"type": "MultiPolygon", "coordinates": [[[[-7.66067, 43.55445], [-7.66047, 43.55265], [-7.66121, 43.55248], [-7.66169, 43.5532], [-7.66219, 43.55321], [-7.66218, 43.55375], [-7.66167, 43.55446], [-7.66067, 43.55445]]], [[[-7.66759, 43.55507], [-7.66787, 43.55382], [-7.66861, 43.55382], [-7.66887, 43.55329], [-7.67134, 43.55368], [-7.67108, 43.55421], [-7.66886, 43.55401], [-7.66884, 43.55473], [-7.66834, 43.5549], [-7.66833, 43.55526], [-7.66759, 43.55507]]], [[[-7.66339, 43.55502], [-7.66364, 43.55467], [-7.66439, 43.5545], [-7.66438, 43.55504], [-7.66339, 43.55502]]], [[[-7.66857, 43.5558], [-7.66882, 43.55563], [-7.66882, 43.55581], [-7.66857, 43.5558]]], [[[-7.65438, 43.57022], [-7.65443, 43.56824], [-7.65493, 43.56771], [-7.65522, 43.56591], [-7.65425, 43.56518], [-7.65428, 43.56374], [-7.65527, 43.56357], [-7.6553, 43.56249], [-7.65605, 43.56214], [-7.65683, 43.56053], [-7.66055, 43.56021], [-7.66081, 43.55968], [-7.66156, 43.55932], [-7.66309, 43.557], [-7.66409, 43.55683], [-7.66399, 43.56151], [-7.66349, 43.56169], [-7.66322, 43.56259], [-7.66247, 43.56276], [-7.66215, 43.56617], [-7.66115, 43.5667], [-7.65891, 43.56686], [-7.65841, 43.56739], [-7.65864, 43.56811], [-7.65788, 43.56865], [-7.65787, 43.56919], [-7.65688, 43.56917], [-7.65689, 43.56881], [-7.65615, 43.5688], [-7.65589, 43.56934], [-7.65539, 43.56934], [-7.65512, 43.57041], [-7.65438, 43.57022]]], [[[-7.66964, 43.56356], [-7.66889, 43.56355], [-7.66841, 43.56319], [-7.66842, 43.56247], [-7.66892, 43.56247], [-7.66893, 43.56193], [-7.66797, 43.56048], [-7.66847, 43.56049], [-7.66898, 43.55977], [-7.66997, 43.55942], [-7.67146, 43.55962], [-7.67146, 43.55926], [-7.67221, 43.55927], [-7.67245, 43.55963], [-7.67294, 43.55964], [-7.67293, 43.56018], [-7.67342, 43.56036], [-7.67168, 43.56052], [-7.67168, 43.56088], [-7.67044, 43.56069], [-7.66992, 43.56212], [-7.6709, 43.56231], [-7.67088, 43.56321], [-7.67162, 43.56322], [-7.67163, 43.56286], [-7.67287, 43.56306], [-7.67384, 43.56361], [-7.67408, 43.56415], [-7.67557, 43.56417], [-7.67583, 43.56363], [-7.67579, 43.56525], [-7.67528, 43.56597], [-7.67428, 43.56614], [-7.67427, 43.56668], [-7.67476, 43.56686], [-7.67154, 43.567], [-7.67153, 43.56754], [-7.67202, 43.56755], [-7.672, 43.56845], [-7.67126, 43.56862], [-7.67124, 43.56952], [-7.67173, 43.56953], [-7.67173, 43.56989], [-7.67048, 43.57005], [-7.6702, 43.57149], [-7.66971, 43.57166], [-7.66969, 43.57256], [-7.67118, 43.5724], [-7.6709, 43.57348], [-7.67139, 43.57367], [-7.6709, 43.57366], [-7.67063, 43.57456], [-7.67016, 43.57347], [-7.66769, 43.57308], [-7.66745, 43.57272], [-7.66748, 43.57164], [-7.66798, 43.57128], [-7.66826, 43.57003], [-7.66975, 43.5695], [-7.67002, 43.56879], [-7.66903, 43.5686], [-7.66905, 43.56788], [-7.66781, 43.56786], [-7.66782, 43.56732], [-7.66633, 43.5673], [-7.66634, 43.56694], [-7.66684, 43.56695], [-7.66662, 43.56569], [-7.66785, 43.56588], [-7.6691, 43.56553], [-7.66887, 43.56445], [-7.66987, 43.56428], [-7.66964, 43.56356]], [[-7.66986, 43.56446], [-7.66936, 43.56464], [-7.66957, 43.56644], [-7.67031, 43.56681], [-7.67155, 43.56682], [-7.67255, 43.5663], [-7.67283, 43.5645], [-7.67358, 43.56451], [-7.67359, 43.56397], [-7.67335, 43.5636], [-7.67261, 43.56359], [-7.67259, 43.56432], [-7.6721, 43.56431], [-7.67186, 43.56395], [-7.67037, 43.56393], [-7.66986, 43.56446]]]]}, "properties": {"incendio": "IN-20261002-001", "ha": 102.4, "severidad": {"baja": 33.3, "moderada": 36.1, "alta": 31.7}, "imagenes": ["2026-10-05", "2026-10-07"], "definitivo": false, "nublado": false, "una_imagen": 1.0, "fecha_antes": "2026-09-25", "fecha_despues": "2026-10-05"}}, {"type": "Feature", "geometry": {"type": "MultiPolygon", "coordinates": [[[[-3.66258, 37.14785], [-3.66213, 37.14804], [-3.66213, 37.14786], [-3.66258, 37.14785]]], [[[-3.66213, 37.14804], [-3.66169, 37.14858], [-3.66168, 37.14804], [-3.66213, 37.14804]]], [[[-3.66214, 37.1493], [-3.66215, 37.15002], [-3.66148, 37.15002], [-3.66147, 37.1493], [-3.66214, 37.1493]]], [[[-3.66216, 37.15092], [-3.66239, 37.15128], [-3.66216, 37.15128], [-3.66216, 37.15092]]], [[[-3.65927, 37.15508], [-3.65903, 37.15346], [-3.6606, 37.15327], [-3.66037, 37.15183], [-3.66081, 37.15129], [-3.6608, 37.15039], [-3.6599, 37.15057], [-3.65945, 37.14967], [-3.65832, 37.1495], [-3.65854, 37.14896], [-3.65899, 37.14896], [-3.65899, 37.14932], [-3.65989, 37.14913], [-3.66035, 37.15021], [-3.66148, 37.15002], [-3.66148, 37.15093], [-3.66103, 37.15111], [-3.66128, 37.15291], [-3.66083, 37.15309], [-3.66083, 37.15381], [-3.66151, 37.15381], [-3.66152, 37.15471], [-3.65994, 37.15472], [-3.65972, 37.15508], [-3.65927, 37.15508]]], [[[-3.664, 37.15506], [-3.66331, 37.15344], [-3.66218, 37.15363], [-3.66195, 37.15236], [-3.66239, 37.15164], [-3.66352, 37.15182], [-3.66329, 37.1511], [-3.66418, 37.15073], [-3.66375, 37.15254], [-3.66511, 37.15325], [-3.66511, 37.15379], [-3.66399, 37.15398], [-3.664, 37.15506]]], [[[-3.66151, 37.15363], [-3.66173, 37.15381], [-3.66151, 37.15381], [-3.66151, 37.15363]]], [[[-3.664, 37.15506], [-3.66445, 37.15542], [-3.664, 37.1556], [-3.664, 37.15506]]]]}, "properties": {"incendio": "IN-20261002-002", "ha": 12.5, "severidad": {"baja": 9.8, "moderada": 2.6, "alta": 0.0}, "imagenes": ["2026-10-09"], "definitivo": false, "nublado": false, "una_imagen": 1.0, "fecha_antes": "2026-09-24", "fecha_despues": "2026-10-09"}}, {"type": "Feature", "geometry": {"type": "Polygon", "coordinates": [[[-5.71766, 38.43717], [-5.71764, 38.43681], [-5.7181, 38.4368], [-5.71809, 38.43644], [-5.71943, 38.4355], [-5.71941, 38.43514], [-5.72009, 38.43495], [-5.72007, 38.43441], [-5.72076, 38.43439], [-5.72074, 38.43385], [-5.72143, 38.43384], [-5.72141, 38.43348], [-5.72277, 38.4329], [-5.72275, 38.43254], [-5.72229, 38.43255], [-5.72158, 38.43185], [-5.72025, 38.43296], [-5.72005, 38.43369], [-5.71914, 38.43389], [-5.71871, 38.43462], [-5.71803, 38.43482], [-5.71625, 38.4363], [-5.7165, 38.43683], [-5.71766, 38.43717]]]}, "properties": {"incendio": "IN-20261002-006", "ha": 8.3, "severidad": {"baja": 6.8, "moderada": 1.4, "alta": 0.0}, "imagenes": ["2026-10-02", "2026-10-07"], "definitivo": true, "nublado": false, "una_imagen": 0.37, "fecha_antes": "2026-09-24", "fecha_despues": "2026-10-02"}}, {"type": "Feature", "geometry": {"type": "MultiPolygon", "coordinates": [[[[-6.16096, 38.27211], [-6.16143, 38.27194], [-6.16142, 38.27212], [-6.16096, 38.27211]]], [[[-6.15774, 38.27257], [-6.15797, 38.27276], [-6.15774, 38.27275], [-6.15774, 38.27257]]], [[[-6.15944, 38.27586], [-6.15969, 38.2755], [-6.16014, 38.27551], [-6.1599, 38.27587], [-6.15944, 38.27586]]], [[[-6.16104, 38.27608], [-6.16127, 38.2759], [-6.16126, 38.27608], [-6.16104, 38.27608]]], [[[-6.15944, 38.27586], [-6.15944, 38.27604], [-6.15921, 38.27603], [-6.15922, 38.27585], [-6.15944, 38.27586]]], [[[-6.15851, 38.27638], [-6.15941, 38.27676], [-6.15849, 38.27692], [-6.15851, 38.27638]]]]}, "properties": {"incendio": "IN-20261002-011", "ha": 0.7, "severidad": {"baja": 0.6, "moderada": 0.1, "alta": 0.0}, "imagenes": ["2026-10-02", "2026-10-07"], "definitivo": false, "nublado": false, "una_imagen": 1.0, "fecha_antes": "2026-09-27", "fecha_despues": "2026-10-02"}}, {"type": "Feature", "geometry": {"type": "MultiPolygon", "coordinates": [[[[-6.98183, 42.98513], [-6.98139, 42.9835], [-6.9809, 42.9835], [-6.98117, 42.9826], [-6.98167, 42.98243], [-6.98146, 42.98152], [-6.98317, 42.98173], [-6.98315, 42.98209], [-6.98266, 42.98227], [-6.98258, 42.98479], [-6.98183, 42.98513]]], [[[-6.98597, 43.00087], [-6.98574, 43.00069], [-6.98599, 43.00051], [-6.98597, 43.00087]]], [[[-6.99672, 43.0025], [-6.99651, 43.00142], [-6.99578, 43.00123], [-6.99555, 43.00068], [-6.99483, 43.00031], [-6.99439, 42.9985], [-6.99391, 42.99831], [-6.99393, 42.99777], [-6.99491, 42.99761], [-6.99471, 42.99634], [-6.99373, 42.99633], [-6.99346, 42.99704], [-6.9915, 42.99701], [-6.99171, 42.99791], [-6.99072, 42.99844], [-6.99068, 42.99952], [-6.99163, 43.00043], [-6.99136, 43.00115], [-6.99184, 43.00152], [-6.99155, 43.00295], [-6.99129, 43.00349], [-6.99055, 43.00366], [-6.99053, 43.0042], [-6.9898, 43.004], [-6.9901, 43.00239], [-6.98912, 43.00237], [-6.98913, 43.00201], [-6.98962, 43.00202], [-6.98964, 43.0013], [-6.98794, 43.00091], [-6.98822, 42.99965], [-6.98749, 42.99964], [-6.98672, 43.00053], [-6.98599, 43.00051], [-6.98601, 42.99979], [-6.98675, 42.99981], [-6.98676, 42.99927], [-6.98603, 42.99925], [-6.98652, 42.99908], [-6.98632, 42.99782], [-6.9851, 42.99762], [-6.98512, 42.9969], [-6.98463, 42.99689], [-6.98513, 42.99672], [-6.98516, 42.99582], [-6.98687, 42.99603], [-6.98734, 42.99658], [-6.98807, 42.99677], [-6.98806, 42.99713], [-6.98928, 42.99733], [-6.9893, 42.99661], [-6.99126, 42.99664], [-6.99105, 42.99574], [-6.99131, 42.99538], [-6.99204, 42.9954], [-6.99206, 42.99468], [-6.99159, 42.99431], [-6.99209, 42.99378], [-6.99212, 42.99306], [-6.99407, 42.99327], [-6.99459, 42.99256], [-6.99508, 42.99257], [-6.99531, 42.99311], [-6.99629, 42.99313], [-6.99654, 42.99277], [-6.99703, 42.99278], [-6.99706, 42.99206], [-6.99533, 42.99221], [-6.99437, 42.99166], [-6.99339, 42.99164], [-6.99341, 42.9911], [-6.99269, 42.99055], [-6.99271, 42.98983], [-6.99174, 42.98963], [-6.99153, 42.98854], [-6.99006, 42.98852], [-6.99008, 42.98798], [-6.9896, 42.98761], [-6.98886, 42.9876], [-6.98884, 42.98832], [-6.98933, 42.98833], [-6.98979, 42.98905], [-6.98925, 42.99085], [-6.98875, 42.99102], [-6.98872, 42.99192], [-6.98822, 42.99209], [-6.98725, 42.99171], [-6.98776, 42.99136], [-6.98779, 42.99046], [-6.98705, 42.99045], [-6.98707, 42.98973], [-6.98634, 42.98971], [-6.98611, 42.98917], [-6.98661, 42.989], [-6.98689, 42.98792], [-6.98812, 42.98776], [-6.98862, 42.98741], [-6.98842, 42.98597], [-6.98795, 42.9856], [-6.98797, 42.98488], [-6.98724, 42.98469], [-6.98751, 42.98397], [-6.98677, 42.98396], [-6.98558, 42.98304], [-6.98559, 42.9825], [-6.98488, 42.98194], [-6.98317, 42.98173], [-6.9837, 42.9803], [-6.98542, 42.98033], [-6.98539, 42.98123], [-6.98588, 42.98124], [-6.98586, 42.98178], [-6.98635, 42.98197], [-6.98733, 42.98199], [-6.98762, 42.98055], [-6.98959, 42.98041], [-6.98931, 42.98148], [-6.99053, 42.9815], [-6.99052, 42.98186], [-6.991, 42.98205], [-6.98978, 42.98203], [-6.98999, 42.98312], [-6.99047, 42.98348], [-6.99043, 42.98456], [-6.99114, 42.98548], [-6.99112, 42.98602], [-6.9916, 42.98621], [-6.99158, 42.9871], [-6.99254, 42.98766], [-6.99427, 42.98733], [-6.99428, 42.98679], [-6.99527, 42.98663], [-6.99505, 42.98591], [-6.99554, 42.98591], [-6.99553, 42.98627], [-6.99626, 42.98629], [-6.99678, 42.98558], [-6.99752, 42.98523], [-6.99733, 42.98378], [-6.99782, 42.98379], [-6.99785, 42.98289], [-6.99762, 42.98235], [-6.99713, 42.98234], [-6.99692, 42.98108], [-6.99619, 42.98106], [-6.99645, 42.98053], [-7.00356, 42.98065], [-7.00352, 42.98191], [-7.00278, 42.9819], [-7.00277, 42.98244], [-7.0035, 42.98263], [-7.00343, 42.98479], [-7.00294, 42.98478], [-7.00264, 42.9864], [-7.00215, 42.98639], [-7.00188, 42.98693], [-7.0009, 42.98691], [-7.00108, 42.98907], [-7.00012, 42.98852], [-6.99989, 42.98779], [-6.99916, 42.98778], [-6.99958, 42.98977], [-7.00054, 42.99068], [-7.00073, 42.99231], [-7.00195, 42.99233], [-7.00216, 42.99341], [-7.00314, 42.99361], [-7.00313, 42.99397], [-7.00239, 42.99414], [-7.00238, 42.9945], [-7.00188, 42.99467], [-7.00186, 42.99539], [-7.00306, 42.99613], [-7.00301, 42.99757], [-7.00278, 42.99721], [-7.00204, 42.99719], [-7.00153, 42.99772], [-7.0008, 42.99771], [-7.00054, 42.99825], [-6.99955, 42.99841], [-7.0, 42.9995], [-7.00099, 42.99952], [-7.00076, 42.99879], [-7.00223, 42.999], [-7.00219, 43.00026], [-7.00292, 43.00027], [-7.00291, 43.00063], [-7.00193, 43.00061], [-7.00192, 43.00097], [-7.00142, 43.00114], [-7.00141, 43.00168], [-7.00189, 43.00187], [-7.00283, 43.00333], [-7.00247, 43.01413], [-7.001, 43.0141], [-7.00102, 43.01356], [-7.00004, 43.01355], [-7.00048, 43.01518], [-7.00242, 43.01593], [-7.00117, 43.01663], [-7.00114, 43.01735], [-7.00237, 43.01737], [-7.00223, 43.02169], [-6.99119, 43.0215], [-6.99147, 43.0206], [-6.9905, 43.02022], [-6.99054, 43.01896], [-6.99129, 43.01844], [-6.99228, 43.01827], [-6.9923, 43.01755], [-6.98985, 43.01733], [-6.98813, 43.01748], [-6.98811, 43.01802], [-6.98958, 43.01823], [-6.98956, 43.01895], [-6.98832, 43.0191], [-6.98805, 43.01982], [-6.98756, 43.01981], [-6.98755, 43.02017], [-6.98655, 43.02087], [-6.98606, 43.02087], [-6.98604, 43.02141], [-6.97868, 43.02128], [-6.97897, 43.01984], [-6.97726, 43.01981], [-6.97678, 43.01944], [-6.9758, 43.01942], [-6.97553, 43.01996], [-6.97551, 43.0205], [-6.97625, 43.02051], [-6.97598, 43.02123], [-6.96789, 43.02108], [-6.96716, 43.02071], [-6.96697, 43.01927], [-6.96599, 43.01907], [-6.96601, 43.01835], [-6.96651, 43.01818], [-6.96656, 43.01674], [-6.96583, 43.01637], [-6.96585, 43.01601], [-6.96388, 43.01615], [-6.9636, 43.01705], [-6.96188, 43.0172], [-6.96233, 43.01828], [-6.96135, 43.01827], [-6.96136, 43.01791], [-6.96063, 43.01789], [-6.96061, 43.01843], [-6.95938, 43.01841], [-6.95937, 43.01895], [-6.96008, 43.0195], [-6.95959, 43.0195], [-6.95884, 43.02002], [-6.9579, 43.01893], [-6.95791, 43.01857], [-6.95865, 43.0184], [-6.95844, 43.01731], [-6.95894, 43.01714], [-6.95895, 43.01678], [-6.96015, 43.01753], [-6.96113, 43.01754], [-6.96115, 43.017], [-6.96189, 43.01684], [-6.9619, 43.01648], [-6.96264, 43.01649], [-6.96266, 43.01595], [-6.96339, 43.01596], [-6.96365, 43.01561], [-6.96414, 43.01562], [-6.96416, 43.01508], [-6.96564, 43.01474], [-6.96567, 43.01402], [-6.96616, 43.01403], [-6.96617, 43.01349], [-6.96666, 43.0135], [-6.96694, 43.0126], [-6.96865, 43.01281], [-6.96863, 43.01335], [-6.96937, 43.01337], [-6.96964, 43.01265], [-6.96987, 43.0132], [-6.9706, 43.01321], [-6.97043, 43.01104], [-6.96969, 43.01103], [-6.96943, 43.01157], [-6.96699, 43.01116], [-6.96695, 43.01242], [-6.96672, 43.01188], [-6.96598, 43.01187], [-6.96597, 43.01223], [-6.9645, 43.01202], [-6.96449, 43.01238], [-6.964, 43.01255], [-6.96278, 43.01235], [-6.96227, 43.0127], [-6.9623, 43.0118], [-6.96181, 43.01179], [-6.96211, 43.01036], [-6.96162, 43.01035], [-6.96213, 43.00964], [-6.96194, 43.00801], [-6.96464, 43.00788], [-6.96485, 43.00914], [-6.96656, 43.00935], [-6.96703, 43.0099], [-6.967, 43.01062], [-6.96799, 43.01064], [-6.96802, 43.00974], [-6.96875, 43.00975], [-6.96902, 43.00904], [-6.97049, 43.00906], [-6.97076, 43.00835], [-6.97027, 43.00834], [-6.97032, 43.00672], [-6.96984, 43.00653], [-6.96964, 43.00527], [-6.9689, 43.00525], [-6.96888, 43.00579], [-6.96838, 43.00615], [-6.9674, 43.00613], [-6.9677, 43.00433], [-6.96673, 43.00414], [-6.96677, 43.00288], [-6.96381, 43.00336], [-6.96399, 43.00517], [-6.96473, 43.00518], [-6.96477, 43.0041], [-6.96648, 43.00413], [-6.96647, 43.00449], [-6.96597, 43.00466], [-6.96568, 43.0061], [-6.96545, 43.00555], [-6.96472, 43.00554], [-6.9642, 43.00625], [-6.96322, 43.00623], [-6.9632, 43.00695], [-6.96026, 43.0069], [-6.96004, 43.00618], [-6.95954, 43.00617], [-6.95956, 43.00581], [-6.95883, 43.00562], [-6.95886, 43.00472], [-6.95813, 43.00452], [-6.95792, 43.00326], [-6.95743, 43.00325], [-6.95842, 43.00309], [-6.95844, 43.00255], [-6.95673, 43.00234], [-6.95553, 43.00141], [-6.95557, 43.00033], [-6.95508, 43.00033], [-6.95485, 42.99978], [-6.95436, 42.99977], [-6.95439, 42.99887], [-6.95536, 42.99907], [-6.95559, 42.99961], [-6.95732, 42.99929], [-6.95731, 42.99965], [-6.95828, 43.00002], [-6.95926, 43.00004], [-6.95927, 42.9995], [-6.95782, 42.99911], [-6.95783, 42.99875], [-6.95734, 42.99875], [-6.9571, 42.99838], [-6.9554, 42.99799], [-6.95639, 42.99783], [-6.9564, 42.99729], [-6.95493, 42.99726], [-6.95492, 42.99762], [-6.95392, 42.99814], [-6.95295, 42.99795], [-6.95247, 42.9974], [-6.95251, 42.99632], [-6.95203, 42.99595], [-6.95207, 42.99469], [-6.9531, 42.99327], [-6.95382, 42.99382], [-6.95554, 42.99367], [-6.95556, 42.99313], [-6.9546, 42.99257], [-6.95437, 42.99203], [-6.95388, 42.99202], [-6.95414, 42.99166], [-6.95512, 42.99168], [-6.9551, 42.99222], [-6.95633, 42.99224], [-6.95634, 42.9917], [-6.95561, 42.99169], [-6.95562, 42.99133], [-6.95685, 42.99135], [-6.95711, 42.99082], [-6.9576, 42.99083], [-6.95786, 42.99047], [-6.95908, 42.99049], [-6.95934, 42.99014], [-6.95983, 42.99015], [-6.95982, 42.99051], [-6.96055, 42.99052], [-6.96083, 42.98944], [-6.96182, 42.98928], [-6.96304, 42.98948], [-6.96348, 42.99093], [-6.96471, 42.99095], [-6.9647, 42.99131], [-6.96225, 42.99109], [-6.96222, 42.99199], [-6.96394, 42.99202], [-6.96392, 42.99256], [-6.96441, 42.99257], [-6.9644, 42.99293], [-6.96513, 42.99294], [-6.96515, 42.9924], [-6.96466, 42.99239], [-6.96469, 42.99167], [-6.96591, 42.99169], [-6.96571, 42.99025], [-6.96332, 42.98859], [-6.96312, 42.98714], [-6.96263, 42.98713], [-6.96264, 42.98677], [-6.96141, 42.98675], [-6.9614, 42.98729], [-6.95967, 42.98744], [-6.95821, 42.98705], [-6.95819, 42.98777], [-6.95721, 42.98776], [-6.95799, 42.98651], [-6.95873, 42.98634], [-6.95875, 42.98562], [-6.96022, 42.98565], [-6.96021, 42.98601], [-6.96144, 42.98603], [-6.96146, 42.98531], [-6.96195, 42.98532], [-6.96174, 42.98424], [-6.96247, 42.98443], [-6.96244, 42.98533], [-6.96367, 42.98517], [-6.9637, 42.98427], [-6.96322, 42.98408], [-6.96252, 42.98299], [-6.96302, 42.98282], [-6.96324, 42.98336], [-6.96397, 42.98356], [-6.96396, 42.98392], [-6.96567, 42.98413], [-6.96538, 42.98538], [-6.96488, 42.98573], [-6.96483, 42.98717], [-6.96557, 42.98719], [-6.96558, 42.98683], [-6.9668, 42.98703], [-6.96683, 42.98631], [-6.96732, 42.98632], [-6.96729, 42.98722], [-6.96827, 42.98723], [-6.96849, 42.98796], [-6.96922, 42.98815], [-6.96921, 42.98851], [-6.96872, 42.9885], [-6.96869, 42.9894], [-6.96915, 42.99031], [-6.96964, 42.99032], [-6.96961, 42.99104], [-6.97085, 42.99088], [-6.97156, 42.99143], [-6.97126, 42.99305], [-6.97077, 42.99304], [-6.97168, 42.99522], [-6.97167, 42.99558], [-6.97118, 42.99575], [-6.97115, 42.99665], [-6.97188, 42.99666], [-6.97214, 42.99631], [-6.97262, 42.99668], [-6.9736, 42.99669], [-6.97363, 42.99579], [-6.97314, 42.99578], [-6.9729, 42.99542], [-6.97344, 42.99417], [-6.97323, 42.99308], [-6.9742, 42.99328], [-6.97375, 42.99201], [-6.97326, 42.992], [-6.97376, 42.99165], [-6.97399, 42.9922], [-6.97496, 42.99258], [-6.97494, 42.9933], [-6.97445, 42.99329], [-6.97443, 42.99383], [-6.97491, 42.99402], [-6.97369, 42.99399], [-6.97367, 42.99453], [-6.97538, 42.99474], [-6.97464, 42.99491], [-6.97461, 42.99563], [-6.97757, 42.99532], [-6.97759, 42.99478], [-6.97832, 42.99498], [-6.97804, 42.99587], [-6.97902, 42.99589], [-6.97925, 42.99643], [-6.97974, 42.99644], [-6.97996, 42.99735], [-6.98045, 42.99735], [-6.98067, 42.99808], [-6.98116, 42.99809], [-6.98113, 42.99881], [-6.98186, 42.99918], [-6.98185, 42.99954], [-6.98258, 42.99955], [-6.98233, 42.99991], [-6.98159, 42.9999], [-6.98157, 43.00062], [-6.98204, 43.00098], [-6.98376, 43.00119], [-6.98367, 43.00389], [-6.98412, 43.00498], [-6.98461, 43.00517], [-6.98479, 43.00698], [-6.98597, 43.00844], [-6.98695, 43.00845], [-6.98746, 43.0081], [-6.98702, 43.0063], [-6.98777, 43.00595], [-6.9878, 43.00505], [-6.98828, 43.00542], [-6.99073, 43.00546], [-6.99099, 43.0051], [-6.99172, 43.00512], [-6.99174, 43.00476], [-6.99223, 43.00477], [-6.99249, 43.00423], [-6.9923, 43.00261], [-6.99303, 43.0028], [-6.99301, 43.00334], [-6.99571, 43.00339], [-6.99598, 43.00267], [-6.99672, 43.0025]], [[-6.99672, 43.0025], [-6.99644, 43.0034], [-6.99768, 43.00324], [-6.99769, 43.00288], [-6.99842, 43.00289], [-6.99845, 43.00217], [-6.99771, 43.00216], [-6.9977, 43.00252], [-6.99672, 43.0025]], [[-6.9964, 43.01979], [-6.9959, 43.02014], [-6.99588, 43.02068], [-6.99759, 43.02089], [-6.99763, 43.01981], [-6.9964, 43.01979]], [[-6.98734, 43.01927], [-6.98761, 43.01837], [-6.98638, 43.01853], [-6.9866, 43.01925], [-6.98734, 43.01927]], [[-7.00083, 43.01932], [-7.00043, 43.01662], [-6.99921, 43.01641], [-6.99914, 43.01857], [-7.00012, 43.01859], [-7.0001, 43.01931], [-7.00083, 43.01932]], [[-6.99693, 43.01872], [-6.99745, 43.01764], [-6.99598, 43.01762], [-6.9962, 43.01834], [-6.99547, 43.01833], [-6.99545, 43.01887], [-6.99693, 43.01872]], [[-6.97167, 43.01791], [-6.97218, 43.01756], [-6.97219, 43.01702], [-6.97269, 43.01685], [-6.97274, 43.01541], [-6.972, 43.01539], [-6.97199, 43.01575], [-6.9715, 43.01575], [-6.97124, 43.01628], [-6.97002, 43.01608], [-6.9695, 43.01679], [-6.9697, 43.01806], [-6.97167, 43.01791]], [[-6.96902, 43.0166], [-6.9678, 43.0164], [-6.96777, 43.01712], [-6.969, 43.01714], [-6.96902, 43.0166]], [[-6.99722, 43.0171], [-6.99845, 43.0173], [-6.99849, 43.01604], [-6.99972, 43.01588], [-6.99976, 43.01462], [-6.9968, 43.01511], [-6.99624, 43.01726], [-6.99721, 43.01746], [-6.99722, 43.0171]], [[-6.98645, 43.01637], [-6.98667, 43.01727], [-6.9874, 43.01729], [-6.98743, 43.01639], [-6.98645, 43.01637]], [[-6.9808, 43.01663], [-6.98351, 43.01632], [-6.98355, 43.01506], [-6.98404, 43.01507], [-6.98405, 43.01471], [-6.98454, 43.01472], [-6.98554, 43.01401], [-6.98539, 43.01131], [-6.98465, 43.0113], [-6.98464, 43.01166], [-6.98416, 43.01147], [-6.98417, 43.01111], [-6.98294, 43.01127], [-6.98264, 43.0127], [-6.98214, 43.01305], [-6.98209, 43.01449], [-6.98038, 43.01428], [-6.98036, 43.015], [-6.98134, 43.01502], [-6.9808, 43.01663]], [[-6.98981, 43.01121], [-6.98908, 43.01083], [-6.98886, 43.01011], [-6.98813, 43.0101], [-6.98718, 43.00918], [-6.98644, 43.00917], [-6.98663, 43.01079], [-6.98876, 43.01317], [-6.98843, 43.01586], [-6.99061, 43.01662], [-6.99233, 43.01665], [-6.99242, 43.01377], [-6.99147, 43.01286], [-6.99, 43.01283], [-6.98981, 43.01121]], [[-6.97644, 43.01475], [-6.97571, 43.01456], [-6.97593, 43.01546], [-6.97666, 43.01548], [-6.97644, 43.01475]], [[-6.97325, 43.0147], [-6.97323, 43.01542], [-6.97421, 43.01543], [-6.97423, 43.01471], [-6.97325, 43.0147]], [[-6.9777, 43.01369], [-6.97671, 43.01386], [-6.97648, 43.01349], [-6.97575, 43.01348], [-6.97578, 43.01258], [-6.97504, 43.01257], [-6.97505, 43.01221], [-6.97579, 43.01222], [-6.97582, 43.01132], [-6.97508, 43.01131], [-6.97509, 43.01095], [-6.97558, 43.01096], [-6.97587, 43.0097], [-6.97661, 43.00953], [-6.97664, 43.00863], [-6.97591, 43.00862], [-6.97644, 43.00719], [-6.97573, 43.00664], [-6.97574, 43.0061], [-6.97452, 43.00607], [-6.97398, 43.00733], [-6.97276, 43.0073], [-6.97274, 43.00784], [-6.97372, 43.00804], [-6.97321, 43.00839], [-6.97315, 43.01037], [-6.97266, 43.01018], [-6.97269, 43.00946], [-6.97195, 43.00945], [-6.97189, 43.01125], [-6.97233, 43.01288], [-6.97331, 43.0129], [-6.9733, 43.01326], [-6.97501, 43.01347], [-6.975, 43.01383], [-6.97549, 43.01384], [-6.97572, 43.01438], [-6.97767, 43.01459], [-6.9777, 43.01369]], [[-6.99388, 43.01434], [-6.99366, 43.01344], [-6.99268, 43.01342], [-6.99289, 43.0145], [-6.99388, 43.01434]], [[-6.98063, 43.01411], [-6.98065, 43.01357], [-6.98114, 43.01358], [-6.98118, 43.0125], [-6.97872, 43.01245], [-6.97869, 43.01335], [-6.97918, 43.01354], [-6.97844, 43.01353], [-6.97843, 43.01407], [-6.98063, 43.01411]], [[-6.99614, 43.01276], [-6.99664, 43.01259], [-6.99668, 43.01115], [-6.99645, 43.01078], [-6.99547, 43.01077], [-6.99471, 43.01129], [-6.99442, 43.01291], [-6.99491, 43.01292], [-6.99489, 43.01328], [-6.99637, 43.0133], [-6.99614, 43.01276]], [[-6.99375, 43.01074], [-6.99378, 43.00984], [-6.99304, 43.00982], [-6.99301, 43.01072], [-6.99227, 43.01089], [-6.99223, 43.01215], [-6.99321, 43.01217], [-6.99326, 43.01073], [-6.99375, 43.01074]], [[-6.99672, 43.01007], [-6.99771, 43.00972], [-6.99773, 43.00918], [-6.99871, 43.00902], [-6.99827, 43.00757], [-6.99754, 43.00738], [-6.99631, 43.00736], [-6.9963, 43.00772], [-6.99581, 43.00771], [-6.99579, 43.00825], [-6.9953, 43.00824], [-6.99505, 43.0086], [-6.99433, 43.00804], [-6.99384, 43.00804], [-6.99385, 43.00768], [-6.99311, 43.00766], [-6.99313, 43.0073], [-6.99239, 43.00729], [-6.99185, 43.00872], [-6.99112, 43.00871], [-6.9911, 43.00925], [-6.99036, 43.00924], [-6.99035, 43.00978], [-6.99082, 43.01014], [-6.99181, 43.01016], [-6.99183, 43.00944], [-6.99257, 43.00945], [-6.99283, 43.00892], [-6.99479, 43.00895], [-6.996, 43.00933], [-6.9955, 43.00969], [-6.99547, 43.01059], [-6.99645, 43.0106], [-6.99672, 43.01007]], [[-6.99992, 43.00958], [-6.99971, 43.0085], [-6.99898, 43.00849], [-6.99919, 43.00957], [-6.99992, 43.00958]], [[-6.98844, 43.00794], [-6.98842, 43.00866], [-6.98965, 43.00868], [-6.98967, 43.00796], [-6.98844, 43.00794]], [[-6.97202, 43.00747], [-6.97278, 43.00676], [-6.97257, 43.00568], [-6.97159, 43.00566], [-6.97156, 43.00638], [-6.97083, 43.00637], [-6.97103, 43.00763], [-6.97202, 43.00747]], [[-7.00245, 43.00729], [-7.00179, 43.00511], [-6.99884, 43.00506], [-6.99883, 43.0056], [-7.00005, 43.00562], [-7.00073, 43.00726], [-7.00245, 43.00729]], [[-6.96374, 43.00552], [-6.96377, 43.00462], [-6.96279, 43.00461], [-6.9628, 43.00407], [-6.96183, 43.00387], [-6.96203, 43.00513], [-6.96252, 43.00514], [-6.96275, 43.00569], [-6.96374, 43.00552]], [[-6.96132, 43.0044], [-6.96059, 43.00421], [-6.96057, 43.00475], [-6.96155, 43.00494], [-6.96132, 43.0044]], [[-6.97507, 43.00428], [-6.97437, 43.00301], [-6.97388, 43.003], [-6.97389, 43.00264], [-6.97316, 43.00245], [-6.97346, 43.00101], [-6.97301, 42.99974], [-6.97005, 43.00023], [-6.96948, 43.00256], [-6.97021, 43.00276], [-6.97017, 43.00402], [-6.97189, 43.00387], [-6.97191, 43.00333], [-6.9707, 43.00276], [-6.97121, 43.00223], [-6.97151, 43.00062], [-6.972, 43.00063], [-6.97194, 43.00225], [-6.97291, 43.00262], [-6.97311, 43.00407], [-6.97507, 43.00428]], [[-6.96017, 43.00222], [-6.95988, 43.00347], [-6.96062, 43.00349], [-6.9609, 43.00223], [-6.96017, 43.00222]], [[-6.96286, 43.00227], [-6.9631, 43.00263], [-6.96383, 43.00264], [-6.96387, 43.00138], [-6.96435, 43.00175], [-6.96533, 43.00177], [-6.96586, 43.0007], [-6.96519, 42.99871], [-6.96764, 42.99875], [-6.96766, 42.99821], [-6.96619, 42.99818], [-6.96546, 42.99799], [-6.96548, 42.99745], [-6.9645, 42.99743], [-6.96439, 43.00049], [-6.9639, 43.00048], [-6.96347, 42.99867], [-6.96275, 42.9983], [-6.96331, 42.99615], [-6.96209, 42.99613], [-6.96156, 42.9972], [-6.96158, 42.99648], [-6.95987, 42.99627], [-6.9599, 42.99555], [-6.95942, 42.99518], [-6.95795, 42.99515], [-6.95744, 42.99551], [-6.95671, 42.99549], [-6.95641, 42.99711], [-6.95715, 42.99712], [-6.95716, 42.99658], [-6.95765, 42.99659], [-6.95837, 42.99714], [-6.95911, 42.99716], [-6.95934, 42.99752], [-6.96203, 42.99793], [-6.96223, 42.99919], [-6.96294, 42.99993], [-6.96245, 42.99992], [-6.96216, 43.00117], [-6.96167, 43.00116], [-6.96166, 43.00152], [-6.96093, 43.00151], [-6.9609, 43.00223], [-6.96286, 43.00227]], [[-6.96898, 43.00291], [-6.9693, 43.00058], [-6.96783, 43.00055], [-6.96732, 43.00108], [-6.96729, 43.00198], [-6.96824, 43.0029], [-6.96898, 43.00291]], [[-6.96073, 42.99989], [-6.95951, 42.99968], [-6.9595, 43.00022], [-6.96096, 43.00061], [-6.96073, 42.99989]], [[-6.97569, 43.00015], [-6.97645, 42.99963], [-6.97646, 42.99909], [-6.97474, 42.99923], [-6.97398, 42.99994], [-6.97396, 43.00048], [-6.97518, 43.00068], [-6.9752, 43.00014], [-6.97569, 43.00015]], [[-6.97747, 42.99838], [-6.97798, 42.99785], [-6.97775, 42.99713], [-6.97702, 42.99711], [-6.97679, 42.99657], [-6.97483, 42.99653], [-6.97481, 42.99707], [-6.97652, 42.99747], [-6.97625, 42.99818], [-6.97527, 42.99816], [-6.97549, 42.99889], [-6.97622, 42.9989], [-6.97624, 42.99836], [-6.97747, 42.99838]], [[-6.9704, 42.997], [-6.97121, 42.99485], [-6.97048, 42.99448], [-6.97055, 42.99232], [-6.96982, 42.9923], [-6.96944, 42.99626], [-6.96845, 42.9966], [-6.96842, 42.9975], [-6.96915, 42.99751], [-6.96917, 42.99697], [-6.9704, 42.997]], [[-6.95618, 42.99674], [-6.9562, 42.99602], [-6.95497, 42.996], [-6.95494, 42.9969], [-6.95618, 42.99674]], [[-6.99912, 42.99642], [-6.99943, 42.99445], [-6.9987, 42.99443], [-6.99871, 42.99407], [-6.99798, 42.99388], [-6.99776, 42.99298], [-6.99703, 42.99296], [-6.99701, 42.9935], [-6.99603, 42.99349], [-6.99601, 42.99421], [-6.99674, 42.9944], [-6.99623, 42.99475], [-6.99622, 42.99529], [-6.99769, 42.99514], [-6.99818, 42.99532], [-6.99814, 42.99658], [-6.99912, 42.99642]], [[-6.96161, 42.99558], [-6.96335, 42.99507], [-6.96337, 42.99435], [-6.96389, 42.99364], [-6.96438, 42.99365], [-6.96439, 42.99311], [-6.96317, 42.99309], [-6.96316, 42.99345], [-6.96266, 42.99344], [-6.96215, 42.99415], [-6.96093, 42.99395], [-6.95972, 42.99356], [-6.95979, 42.99123], [-6.95734, 42.99136], [-6.95725, 42.99406], [-6.95872, 42.99409], [-6.95993, 42.99465], [-6.96066, 42.99466], [-6.96064, 42.9952], [-6.96138, 42.99522], [-6.96161, 42.99558]], [[-6.96923, 42.99535], [-6.96902, 42.99427], [-6.96804, 42.99425], [-6.96849, 42.99534], [-6.96923, 42.99535]], [[-6.99351, 42.99542], [-6.99353, 42.99488], [-6.99255, 42.99487], [-6.99253, 42.99559], [-6.99351, 42.99542]], [[-6.96683, 42.99369], [-6.9671, 42.9928], [-6.96562, 42.99313], [-6.96584, 42.99385], [-6.96683, 42.99369]], [[-6.98995, 42.98419], [-6.98947, 42.98401], [-6.9895, 42.98293], [-6.98853, 42.98273], [-6.98855, 42.98219], [-6.98732, 42.98235], [-6.98729, 42.98325], [-6.98778, 42.98326], [-6.98775, 42.98398], [-6.98922, 42.984], [-6.98921, 42.98454], [-6.98872, 42.98453], [-6.9887, 42.98507], [-6.98919, 42.98508], [-6.98918, 42.98544], [-6.99016, 42.98546], [-6.98995, 42.98419]]], [[[-6.98976, 43.01283], [-6.99, 43.01301], [-6.98975, 43.01301], [-6.98976, 43.01283]]], [[[-6.96217, 43.01594], [-6.96242, 43.01576], [-6.96266, 43.01595], [-6.96217, 43.01594]]]]}, "properties": {"incendio": "IN-20261003-001", "ha": 883.1, "severidad": {"baja": 460.3, "moderada": 419.7, "alta": 0.0}, "imagenes": ["2026-10-05", "2026-10-10"], "definitivo": false, "nublado": false, "una_imagen": 0.95, "fecha_antes": "2026-09-25", "fecha_despues": "2026-10-10"}}, {"type": "Feature", "geometry": {"type": "MultiPolygon", "coordinates": [[[[0.88063, 41.48277], [0.88039, 41.48295], [0.88063, 41.48295], [0.88063, 41.48277]]], [[[0.866, 41.49799], [0.86624, 41.49818], [0.86624, 41.498], [0.866, 41.49799]]], [[[0.86205, 41.50873], [0.86229, 41.50891], [0.86229, 41.50873], [0.86205, 41.50873]]], [[[0.86388, 41.51147], [0.86412, 41.51165], [0.86412, 41.51147], [0.86388, 41.51147]]], [[[0.8552, 41.5131], [0.85543, 41.51347], [0.85544, 41.51311], [0.8552, 41.5131]]], [[[0.87674, 41.51387], [0.87698, 41.51405], [0.87698, 41.51387], [0.87674, 41.51387]]], [[[0.86357, 41.5138], [0.8638, 41.51399], [0.8638, 41.51381], [0.86357, 41.5138]]], [[[0.86109, 41.5161], [0.86157, 41.51629], [0.86157, 41.51611], [0.86109, 41.5161]]], [[[0.88295, 41.48534], [0.88197, 41.48586], [0.8834, 41.48625], [0.88342, 41.48553], [0.88295, 41.48534]]], [[[0.90692, 41.49226], [0.90739, 41.49245], [0.9074, 41.49227], [0.90692, 41.49226]]], [[[0.88123, 41.50134], [0.88146, 41.50152], [0.88147, 41.50134], [0.88123, 41.50134]]], [[[0.8904, 41.52132], [0.89038, 41.52186], [0.89158, 41.52206], [0.89179, 41.52279], [0.89083, 41.52277], [0.89082, 41.52331], [0.88912, 41.52382], [0.88861, 41.52471], [0.8879, 41.5247], [0.88792, 41.52398], [0.88671, 41.52432], [0.88669, 41.52486], [0.88837, 41.52489], [0.88811, 41.5256], [0.88691, 41.5254], [0.8869, 41.52594], [0.88762, 41.52595], [0.8876, 41.52649], [0.88712, 41.52649], [0.8871, 41.52703], [0.88661, 41.52738], [0.88805, 41.5274], [0.88783, 41.52668], [0.88855, 41.52669], [0.88853, 41.52723], [0.89429, 41.52716], [0.89476, 41.52753], [0.89474, 41.52807], [0.89161, 41.52837], [0.89232, 41.52856], [0.89253, 41.52947], [0.89182, 41.52945], [0.8918, 41.52981], [0.89085, 41.5298], [0.89086, 41.52944], [0.89038, 41.52943], [0.8906, 41.52997], [0.89372, 41.53003], [0.894, 41.52877], [0.89495, 41.52897], [0.89491, 41.53005], [0.89539, 41.53006], [0.89541, 41.52952], [0.89709, 41.52955], [0.89707, 41.53009], [0.90162, 41.53017], [0.90115, 41.52998], [0.90117, 41.52944], [0.90045, 41.52943], [0.90048, 41.52853], [0.90098, 41.52782], [0.90289, 41.52804], [0.90287, 41.52858], [0.90238, 41.52893], [0.90234, 41.53019], [0.91049, 41.53034], [0.91078, 41.52115], [0.90934, 41.52131], [0.90935, 41.52095], [0.90839, 41.52093], [0.90793, 41.52038], [0.90791, 41.5211], [0.90646, 41.52126], [0.90552, 41.5207], [0.9053, 41.52015], [0.90558, 41.5189], [0.90749, 41.51911], [0.9075, 41.51875], [0.90798, 41.51876], [0.90801, 41.51804], [0.90897, 41.51788], [0.90947, 41.51717], [0.91091, 41.51719], [0.91113, 41.51035], [0.91043, 41.5098], [0.90995, 41.50979], [0.90969, 41.51033], [0.90657, 41.51063], [0.90684, 41.50955], [0.90877, 41.50923], [0.90925, 41.50906], [0.90926, 41.5087], [0.90999, 41.50853], [0.91071, 41.50854], [0.9107, 41.5089], [0.91117, 41.50891], [0.91139, 41.50225], [0.9102, 41.50187], [0.90999, 41.50096], [0.91002, 41.50024], [0.9105, 41.50007], [0.91054, 41.49899], [0.90958, 41.49898], [0.90957, 41.49934], [0.90814, 41.49895], [0.90817, 41.49805], [0.90865, 41.49806], [0.90916, 41.49717], [0.90987, 41.49718], [0.90983, 41.49844], [0.91079, 41.49846], [0.91059, 41.49737], [0.91155, 41.49739], [0.91162, 41.49505], [0.91089, 41.4954], [0.91017, 41.49538], [0.90994, 41.49502], [0.90996, 41.49448], [0.91068, 41.49449], [0.91094, 41.49396], [0.91166, 41.49397], [0.91187, 41.48713], [0.91116, 41.48712], [0.91117, 41.48658], [0.91189, 41.48659], [0.91191, 41.48605], [0.91048, 41.48566], [0.91051, 41.48494], [0.91123, 41.48495], [0.91125, 41.48423], [0.9115, 41.48388], [0.91198, 41.48389], [0.91205, 41.48155], [0.90463, 41.48141], [0.90367, 41.48157], [0.90366, 41.48193], [0.90247, 41.48173], [0.90221, 41.48227], [0.90101, 41.48243], [0.90099, 41.48297], [0.9005, 41.48314], [0.89979, 41.48313], [0.8998, 41.48277], [0.89836, 41.48274], [0.89889, 41.48131], [0.8953, 41.48124], [0.89505, 41.4816], [0.8936, 41.48175], [0.89265, 41.48173], [0.89266, 41.48137], [0.89218, 41.48118], [0.88811, 41.48129], [0.88713, 41.48181], [0.88712, 41.48235], [0.88805, 41.48309], [0.88803, 41.48363], [0.88636, 41.4836], [0.88682, 41.48397], [0.88922, 41.48401], [0.88923, 41.48365], [0.88971, 41.48366], [0.88998, 41.48259], [0.89166, 41.48244], [0.89168, 41.4819], [0.89432, 41.48194], [0.89453, 41.48267], [0.89405, 41.48266], [0.89404, 41.4832], [0.89233, 41.48407], [0.89207, 41.48479], [0.89063, 41.48476], [0.89061, 41.48548], [0.88918, 41.48527], [0.88896, 41.48473], [0.88869, 41.48562], [0.88964, 41.48564], [0.88963, 41.48618], [0.88914, 41.48635], [0.88912, 41.48689], [0.88841, 41.48688], [0.88815, 41.48724], [0.88837, 41.48814], [0.88667, 41.48865], [0.88524, 41.48862], [0.88544, 41.48971], [0.88496, 41.4897], [0.88495, 41.49006], [0.88375, 41.49022], [0.88446, 41.49041], [0.88445, 41.49077], [0.8854, 41.49079], [0.88538, 41.49151], [0.88443, 41.49131], [0.8837, 41.49166], [0.88202, 41.49181], [0.8813, 41.49179], [0.88111, 41.49035], [0.88302, 41.49038], [0.88304, 41.48984], [0.88401, 41.4895], [0.88428, 41.48843], [0.885, 41.48844], [0.88502, 41.4879], [0.88575, 41.48755], [0.88578, 41.48647], [0.88553, 41.48701], [0.88434, 41.4868], [0.88411, 41.48626], [0.8834, 41.48625], [0.88338, 41.48679], [0.88265, 41.48695], [0.88122, 41.48675], [0.88076, 41.4862], [0.88131, 41.48423], [0.8801, 41.48439], [0.87918, 41.48329], [0.87776, 41.4829], [0.87777, 41.48236], [0.87802, 41.48201], [0.87874, 41.48202], [0.87896, 41.48256], [0.87944, 41.48257], [0.87946, 41.48203], [0.88018, 41.48204], [0.88065, 41.48223], [0.88063, 41.48277], [0.8809, 41.48206], [0.88232, 41.48244], [0.88281, 41.48227], [0.88285, 41.48101], [0.87974, 41.48096], [0.87923, 41.48167], [0.8778, 41.48164], [0.87758, 41.48092], [0.87567, 41.48088], [0.87637, 41.48125], [0.87634, 41.48215], [0.87585, 41.48251], [0.87489, 41.48249], [0.87492, 41.48159], [0.87445, 41.4814], [0.87447, 41.48086], [0.86896, 41.48076], [0.86751, 41.48127], [0.86676, 41.48234], [0.86747, 41.48235], [0.86774, 41.48145], [0.86967, 41.48113], [0.86964, 41.48203], [0.86916, 41.48202], [0.86866, 41.48255], [0.86795, 41.48254], [0.86793, 41.4829], [0.87081, 41.48295], [0.87128, 41.48314], [0.87126, 41.48368], [0.86959, 41.48365], [0.86979, 41.48474], [0.86931, 41.48491], [0.86879, 41.48616], [0.86807, 41.48614], [0.86835, 41.48489], [0.86883, 41.48472], [0.86884, 41.48436], [0.86787, 41.48488], [0.86784, 41.48578], [0.86712, 41.48577], [0.86733, 41.48667], [0.86612, 41.48719], [0.8661, 41.48773], [0.86562, 41.48772], [0.86657, 41.48792], [0.867, 41.48955], [0.86554, 41.49006], [0.86483, 41.49005], [0.86485, 41.48933], [0.86558, 41.48898], [0.86559, 41.48862], [0.86607, 41.48863], [0.8656, 41.48844], [0.86561, 41.48808], [0.86465, 41.48824], [0.86442, 41.48788], [0.86393, 41.48823], [0.86273, 41.48821], [0.86275, 41.48767], [0.86347, 41.48768], [0.86397, 41.48697], [0.86376, 41.48588], [0.86472, 41.4859], [0.865, 41.48483], [0.86548, 41.48484], [0.86574, 41.48412], [0.8643, 41.48409], [0.86361, 41.48318], [0.86289, 41.48335], [0.86263, 41.48406], [0.86167, 41.48386], [0.86166, 41.48422], [0.86118, 41.48439], [0.85878, 41.48453], [0.85972, 41.48509], [0.85971, 41.48545], [0.86116, 41.48494], [0.86212, 41.48495], [0.86329, 41.48588], [0.86251, 41.48766], [0.86203, 41.48765], [0.86178, 41.48801], [0.85867, 41.48777], [0.85865, 41.48849], [0.85674, 41.4881], [0.85676, 41.48756], [0.85749, 41.48721], [0.858, 41.48632], [0.85897, 41.48598], [0.85898, 41.48562], [0.85684, 41.48521], [0.85686, 41.48467], [0.85565, 41.48483], [0.85538, 41.48573], [0.85443, 41.48571], [0.8544, 41.48643], [0.85296, 41.48658], [0.85294, 41.48712], [0.85439, 41.48679], [0.85436, 41.48787], [0.85483, 41.48788], [0.85431, 41.48913], [0.85548, 41.49005], [0.85596, 41.49006], [0.85598, 41.48934], [0.85718, 41.48936], [0.85697, 41.48846], [0.85769, 41.48847], [0.8579, 41.48938], [0.85862, 41.48939], [0.85912, 41.48868], [0.86008, 41.4887], [0.86054, 41.48925], [0.86172, 41.48963], [0.86218, 41.49036], [0.86266, 41.49037], [0.86239, 41.49126], [0.86191, 41.49125], [0.86141, 41.49196], [0.86069, 41.49195], [0.85971, 41.49265], [0.85969, 41.49319], [0.86017, 41.4932], [0.86067, 41.49249], [0.86164, 41.49233], [0.8619, 41.49161], [0.86262, 41.49145], [0.86288, 41.49091], [0.8636, 41.49092], [0.86358, 41.49146], [0.86569, 41.49277], [0.86568, 41.49331], [0.86495, 41.49347], [0.86493, 41.49401], [0.86661, 41.49404], [0.8664, 41.49314], [0.86712, 41.49315], [0.86733, 41.49406], [0.86685, 41.49405], [0.86683, 41.49459], [0.86753, 41.49532], [0.86801, 41.49533], [0.86799, 41.49569], [0.86871, 41.4957], [0.8687, 41.49606], [0.86966, 41.49608], [0.86968, 41.49554], [0.8692, 41.49535], [0.86972, 41.49428], [0.8702, 41.49429], [0.87021, 41.49393], [0.87141, 41.49395], [0.87139, 41.49449], [0.87066, 41.49466], [0.87065, 41.49502], [0.87113, 41.49503], [0.87111, 41.49575], [0.87063, 41.49574], [0.87062, 41.4961], [0.8699, 41.49609], [0.86963, 41.49698], [0.86983, 41.49825], [0.87054, 41.49844], [0.87052, 41.49898], [0.8698, 41.49897], [0.86958, 41.49842], [0.8691, 41.49841], [0.86909, 41.49895], [0.86956, 41.49914], [0.87, 41.50023], [0.87048, 41.50024], [0.87028, 41.49915], [0.87099, 41.49917], [0.87166, 41.5008], [0.87214, 41.50081], [0.87306, 41.50191], [0.87302, 41.50317], [0.87253, 41.50352], [0.87226, 41.50442], [0.87106, 41.50439], [0.87134, 41.50314], [0.87063, 41.50312], [0.8704, 41.50276], [0.868, 41.50272], [0.86867, 41.50417], [0.86864, 41.50507], [0.86793, 41.50506], [0.86791, 41.5056], [0.86719, 41.50558], [0.86721, 41.50486], [0.86769, 41.50487], [0.86726, 41.50342], [0.86658, 41.50233], [0.86611, 41.50196], [0.86515, 41.50194], [0.86494, 41.50122], [0.864, 41.50048], [0.86402, 41.49994], [0.86475, 41.49959], [0.86476, 41.49923], [0.86549, 41.49907], [0.8655, 41.49871], [0.86598, 41.49871], [0.866, 41.49817], [0.86504, 41.49816], [0.86506, 41.49762], [0.86555, 41.49727], [0.86461, 41.49653], [0.86365, 41.49651], [0.86322, 41.49524], [0.86201, 41.4954], [0.86127, 41.49611], [0.86031, 41.49609], [0.85986, 41.49536], [0.85817, 41.49587], [0.85861, 41.49678], [0.85957, 41.49697], [0.85954, 41.49769], [0.85858, 41.49786], [0.85879, 41.49858], [0.85973, 41.49932], [0.85994, 41.50004], [0.86066, 41.50024], [0.86064, 41.5006], [0.8616, 41.50061], [0.86181, 41.50152], [0.86229, 41.50153], [0.86226, 41.50261], [0.86177, 41.50278], [0.86105, 41.50277], [0.86039, 41.50113], [0.85967, 41.50112], [0.85941, 41.50165], [0.85821, 41.50181], [0.85864, 41.50326], [0.85838, 41.50398], [0.85933, 41.504], [0.8598, 41.50436], [0.85928, 41.5058], [0.85999, 41.50599], [0.8602, 41.50671], [0.86161, 41.50782], [0.86183, 41.50836], [0.86326, 41.50839], [0.86347, 41.5093], [0.86322, 41.50965], [0.8625, 41.50964], [0.86203, 41.50945], [0.86205, 41.50891], [0.86157, 41.5089], [0.86108, 41.50907], [0.86107, 41.50943], [0.86059, 41.50942], [0.86057, 41.51014], [0.85985, 41.51013], [0.85987, 41.50959], [0.85842, 41.50992], [0.85772, 41.50937], [0.85722, 41.51008], [0.8565, 41.51007], [0.85651, 41.50971], [0.8551, 41.50878], [0.85512, 41.50842], [0.85464, 41.50841], [0.85394, 41.50786], [0.85414, 41.50894], [0.85365, 41.50911], [0.85413, 41.5093], [0.85411, 41.50984], [0.85243, 41.50981], [0.85146, 41.51015], [0.85094, 41.5114], [0.85214, 41.51143], [0.85213, 41.51179], [0.85376, 41.51326], [0.85374, 41.5138], [0.85158, 41.51394], [0.8516, 41.51322], [0.85089, 41.51302], [0.85084, 41.51464], [0.85155, 41.51466], [0.85176, 41.51574], [0.85224, 41.51575], [0.85249, 41.51522], [0.85345, 41.51541], [0.85371, 41.5147], [0.85443, 41.51471], [0.85464, 41.51562], [0.85415, 41.51597], [0.85383, 41.5183], [0.85525, 41.51887], [0.85645, 41.51889], [0.85667, 41.51944], [0.85787, 41.51946], [0.85832, 41.52019], [0.86, 41.52004], [0.86071, 41.52059], [0.86118, 41.5206], [0.8614, 41.52133], [0.86066, 41.52185], [0.86113, 41.52222], [0.86186, 41.52206], [0.86241, 41.5199], [0.8612, 41.52006], [0.86097, 41.5197], [0.85954, 41.51949], [0.85956, 41.51895], [0.86005, 41.51878], [0.85957, 41.51877], [0.8582, 41.51658], [0.85795, 41.51694], [0.85675, 41.5171], [0.85672, 41.51782], [0.85694, 41.51836], [0.85742, 41.51837], [0.85741, 41.51891], [0.85669, 41.5189], [0.8567, 41.51836], [0.85434, 41.51741], [0.85436, 41.51669], [0.85557, 41.51653], [0.85558, 41.51599], [0.85654, 41.51601], [0.85633, 41.51529], [0.85778, 41.51495], [0.85776, 41.51531], [0.8592, 41.51534], [0.85915, 41.51678], [0.86055, 41.51789], [0.86076, 41.51879], [0.86124, 41.5188], [0.86127, 41.5179], [0.86058, 41.51699], [0.85987, 41.51697], [0.85989, 41.51625], [0.86109, 41.5161], [0.86111, 41.51556], [0.86279, 41.51541], [0.86252, 41.5163], [0.86299, 41.51667], [0.86396, 41.51651], [0.86466, 41.51706], [0.86463, 41.51778], [0.86633, 41.51727], [0.86636, 41.51619], [0.86564, 41.51618], [0.86543, 41.51546], [0.86495, 41.51527], [0.86375, 41.51543], [0.86402, 41.51453], [0.86354, 41.51452], [0.86356, 41.51398], [0.8626, 41.51396], [0.86239, 41.51306], [0.86191, 41.51305], [0.86165, 41.51377], [0.85949, 41.51373], [0.85951, 41.51319], [0.85809, 41.51262], [0.8581, 41.51226], [0.85646, 41.51133], [0.85647, 41.51079], [0.85743, 41.5108], [0.85744, 41.51044], [0.85816, 41.51046], [0.85815, 41.511], [0.85766, 41.51117], [0.85838, 41.51118], [0.85837, 41.51154], [0.85885, 41.51155], [0.85907, 41.51192], [0.85956, 41.51175], [0.85861, 41.51137], [0.85863, 41.51083], [0.85982, 41.51103], [0.86004, 41.51157], [0.86173, 41.51143], [0.86168, 41.51287], [0.86194, 41.51233], [0.86265, 41.51234], [0.86263, 41.51306], [0.86407, 41.51309], [0.86405, 41.51363], [0.86524, 41.51401], [0.8657, 41.51456], [0.86666, 41.51458], [0.86664, 41.51494], [0.86736, 41.51495], [0.86732, 41.51621], [0.86852, 41.51623], [0.86875, 41.5166], [0.86946, 41.51661], [0.86925, 41.51589], [0.86973, 41.5159], [0.86975, 41.51518], [0.86927, 41.51517], [0.86928, 41.51481], [0.86881, 41.51462], [0.86785, 41.5146], [0.86813, 41.51353], [0.86765, 41.51352], [0.86792, 41.51244], [0.8677, 41.51208], [0.86722, 41.51207], [0.86724, 41.51135], [0.86796, 41.51136], [0.86794, 41.5119], [0.86865, 41.51209], [0.8694, 41.51121], [0.87036, 41.51123], [0.87082, 41.51177], [0.8713, 41.51178], [0.87128, 41.51232], [0.87056, 41.51231], [0.87055, 41.51267], [0.87176, 41.51251], [0.87178, 41.51179], [0.87322, 41.51182], [0.87347, 41.51146], [0.87419, 41.51148], [0.87536, 41.51222], [0.87608, 41.51223], [0.87609, 41.51187], [0.87778, 41.51154], [0.87777, 41.5119], [0.87825, 41.51191], [0.87844, 41.51318], [0.877, 41.51351], [0.87698, 41.51387], [0.8777, 41.51388], [0.87744, 41.5146], [0.87672, 41.51459], [0.8765, 41.51404], [0.87648, 41.51476], [0.87599, 41.51493], [0.87572, 41.51601], [0.87522, 41.51636], [0.87543, 41.51744], [0.87471, 41.51743], [0.87493, 41.51797], [0.87541, 41.51798], [0.8754, 41.51834], [0.87566, 41.51763], [0.87638, 41.51764], [0.87635, 41.51854], [0.87587, 41.51853], [0.87584, 41.51943], [0.8744, 41.51959], [0.87436, 41.52067], [0.87389, 41.52066], [0.87387, 41.5212], [0.87339, 41.52119], [0.87289, 41.5219], [0.87384, 41.52192], [0.87407, 41.52246], [0.87455, 41.52247], [0.87553, 41.52159], [0.87649, 41.52161], [0.87699, 41.52089], [0.87747, 41.5209], [0.87822, 41.5202], [0.87918, 41.52003], [0.87919, 41.51967], [0.8811, 41.51989], [0.88111, 41.51953], [0.88015, 41.51951], [0.87995, 41.51843], [0.8802, 41.51807], [0.88141, 41.51791], [0.88142, 41.51755], [0.88261, 41.51758], [0.88259, 41.51848], [0.88162, 41.51864], [0.88112, 41.51935], [0.88208, 41.51937], [0.88209, 41.51901], [0.88281, 41.51902], [0.8833, 41.51849], [0.88569, 41.51871], [0.8859, 41.51962], [0.88638, 41.51963], [0.88636, 41.52035], [0.88684, 41.52036], [0.88681, 41.52108], [0.88538, 41.52087], [0.88582, 41.52232], [0.88653, 41.52251], [0.88651, 41.52305], [0.88748, 41.52289], [0.88749, 41.52253], [0.88891, 41.52292], [0.88964, 41.52275], [0.88965, 41.52239], [0.88893, 41.52238], [0.88872, 41.52147], [0.88776, 41.52145], [0.88778, 41.52091], [0.88826, 41.52074], [0.88828, 41.52038], [0.88923, 41.5204], [0.88993, 41.52095], [0.88995, 41.52059], [0.88947, 41.5204], [0.8895, 41.51968], [0.89047, 41.51916], [0.89119, 41.51917], [0.89117, 41.51971], [0.89188, 41.52009], [0.89187, 41.52045], [0.89259, 41.52046], [0.89279, 41.52155], [0.8904, 41.52132]], [[0.90884, 41.49968], [0.90955, 41.4997], [0.90977, 41.50042], [0.90905, 41.50041], [0.90883, 41.49986], [0.90642, 41.50036], [0.90622, 41.49909], [0.9079, 41.49894], [0.90788, 41.49948], [0.90885, 41.49932], [0.90884, 41.49968]], [[0.85877, 41.51371], [0.86021, 41.51392], [0.85994, 41.51463], [0.85898, 41.51462], [0.85877, 41.51371]], [[0.89283, 41.52029], [0.89379, 41.52048], [0.89376, 41.52138], [0.89304, 41.52137], [0.89283, 41.52029]], [[0.90838, 41.52886], [0.90835, 41.52976], [0.90715, 41.52973], [0.90717, 41.52919], [0.90765, 41.5292], [0.90766, 41.52884], [0.90838, 41.52886]], [[0.89764, 41.5274], [0.89765, 41.52686], [0.89909, 41.52689], [0.89907, 41.52743], [0.89764, 41.5274]], [[0.89866, 41.52526], [0.8984, 41.52597], [0.89624, 41.52611], [0.89626, 41.52539], [0.89866, 41.52526]], [[0.89912, 41.52598], [0.89914, 41.52544], [0.90034, 41.52547], [0.90032, 41.52601], [0.89912, 41.52598]], [[0.89242, 41.5255], [0.89054, 41.52457], [0.89056, 41.52385], [0.89128, 41.52368], [0.8913, 41.52332], [0.89322, 41.52317], [0.89338, 41.52552], [0.89242, 41.5255]], [[0.90057, 41.52565], [0.90063, 41.52367], [0.90111, 41.52368], [0.90161, 41.52297], [0.90234, 41.5228], [0.90167, 41.52117], [0.90097, 41.52079], [0.90098, 41.52025], [0.90194, 41.52027], [0.90285, 41.52173], [0.90333, 41.52192], [0.9033, 41.52282], [0.90281, 41.52299], [0.903, 41.52461], [0.90252, 41.52461], [0.90299, 41.52497], [0.90297, 41.52551], [0.90057, 41.52565]], [[0.89714, 41.52054], [0.89742, 41.51911], [0.89814, 41.51912], [0.89813, 41.51948], [0.89884, 41.51986], [0.8991, 41.51932], [0.90054, 41.51917], [0.90025, 41.5206], [0.89929, 41.52076], [0.89879, 41.5213], [0.89807, 41.52128], [0.89809, 41.52092], [0.89714, 41.52054]], [[0.90385, 41.52049], [0.90436, 41.5196], [0.90508, 41.51961], [0.9048, 41.52068], [0.90432, 41.52068], [0.90431, 41.52104], [0.90336, 41.52102], [0.90337, 41.52048], [0.90385, 41.52049]], [[0.89622, 41.51927], [0.89644, 41.51981], [0.89692, 41.51982], [0.8969, 41.52036], [0.89547, 41.52033], [0.89548, 41.51997], [0.89476, 41.51996], [0.89478, 41.51924], [0.89622, 41.51927]], [[0.90128, 41.51846], [0.90057, 41.51827], [0.90059, 41.51755], [0.90131, 41.51756], [0.9013, 41.51792], [0.9025, 41.51794], [0.90247, 41.51884], [0.90175, 41.51883], [0.90222, 41.5192], [0.90219, 41.51992], [0.90123, 41.5199], [0.90128, 41.51846]], [[0.89339, 41.51777], [0.89364, 41.51742], [0.8946, 41.51744], [0.89482, 41.51816], [0.8941, 41.51815], [0.89384, 41.51886], [0.89241, 41.51866], [0.89244, 41.51776], [0.89339, 41.51777]], [[0.89869, 41.51697], [0.89896, 41.51625], [0.89967, 41.51627], [0.89986, 41.51807], [0.89817, 41.51822], [0.89797, 41.51696], [0.89869, 41.51697]], [[0.88792, 41.51659], [0.88818, 41.51588], [0.88937, 41.51608], [0.88936, 41.51662], [0.88888, 41.51661], [0.88909, 41.51734], [0.88838, 41.51732], [0.88815, 41.51678], [0.8879, 41.51731], [0.88646, 41.51729], [0.88648, 41.51675], [0.88792, 41.51659]], [[0.90062, 41.51665], [0.9004, 41.5161], [0.89872, 41.51607], [0.89874, 41.51535], [0.89946, 41.51536], [0.89971, 41.51501], [0.8995, 41.51428], [0.90093, 41.51449], [0.90115, 41.51521], [0.9033, 41.51525], [0.90324, 41.51723], [0.90275, 41.51758], [0.90179, 41.51757], [0.90158, 41.51666], [0.90062, 41.51665]], [[0.90733, 41.51659], [0.90707, 41.5173], [0.90611, 41.51729], [0.90637, 41.51657], [0.90733, 41.51659]], [[0.88627, 41.51566], [0.88677, 41.51513], [0.88797, 41.51497], [0.88794, 41.51587], [0.88697, 41.51622], [0.88696, 41.51658], [0.88624, 41.51656], [0.88627, 41.51566]], [[0.88413, 41.51508], [0.88416, 41.51418], [0.8837, 41.51381], [0.88226, 41.51379], [0.88227, 41.51343], [0.88155, 41.51341], [0.88157, 41.51287], [0.88205, 41.51288], [0.88211, 41.51108], [0.88308, 41.51056], [0.88309, 41.5102], [0.88357, 41.51021], [0.88359, 41.50985], [0.88431, 41.50968], [0.8836, 41.50949], [0.88363, 41.50859], [0.88531, 41.50844], [0.88554, 41.5088], [0.88697, 41.50883], [0.88746, 41.50848], [0.88818, 41.50849], [0.88817, 41.50885], [0.88889, 41.50886], [0.88842, 41.50868], [0.88845, 41.50778], [0.88916, 41.50779], [0.88939, 41.50815], [0.89011, 41.50817], [0.89009, 41.50871], [0.89152, 41.50891], [0.89201, 41.50874], [0.89154, 41.50855], [0.89157, 41.50765], [0.89277, 41.5075], [0.89304, 41.5066], [0.89424, 41.50644], [0.89451, 41.50555], [0.89523, 41.50556], [0.8952, 41.50646], [0.89568, 41.50647], [0.8954, 41.50772], [0.89611, 41.50792], [0.89633, 41.50864], [0.89704, 41.50883], [0.89701, 41.50973], [0.89629, 41.50972], [0.89676, 41.50991], [0.89674, 41.51063], [0.89433, 41.51095], [0.89435, 41.51041], [0.89508, 41.51024], [0.89509, 41.5097], [0.89461, 41.50969], [0.89464, 41.50897], [0.89537, 41.50862], [0.89538, 41.50826], [0.89345, 41.50859], [0.89288, 41.51146], [0.89214, 41.51199], [0.89212, 41.51271], [0.8914, 41.51269], [0.8921, 41.51343], [0.8926, 41.51254], [0.89332, 41.51255], [0.89376, 41.51382], [0.89183, 41.51414], [0.89016, 41.51411], [0.88946, 41.51356], [0.88682, 41.51369], [0.88653, 41.51513], [0.88604, 41.51548], [0.88484, 41.51546], [0.88461, 41.51509], [0.88413, 41.51508]], [[0.85516, 41.51419], [0.85446, 41.51381], [0.8545, 41.51255], [0.85546, 41.51257], [0.85544, 41.51311], [0.8564, 41.51295], [0.85663, 41.51331], [0.85735, 41.51333], [0.85853, 41.51389], [0.85851, 41.51461], [0.85516, 41.51419]], [[0.89807, 41.5139], [0.89806, 41.51444], [0.89685, 41.5146], [0.89687, 41.51405], [0.89807, 41.5139]], [[0.90333, 41.51435], [0.90337, 41.51327], [0.90408, 41.51329], [0.90405, 41.51437], [0.90333, 41.51435]], [[0.86674, 41.51188], [0.86719, 41.51297], [0.86622, 41.51313], [0.86576, 41.51258], [0.86528, 41.51257], [0.8653, 41.51203], [0.86674, 41.51188]], [[0.86603, 41.51169], [0.86412, 41.51165], [0.86409, 41.51255], [0.86337, 41.51254], [0.86267, 41.51198], [0.86269, 41.51126], [0.86221, 41.51125], [0.86223, 41.51071], [0.86151, 41.5107], [0.86153, 41.50998], [0.86225, 41.50999], [0.86248, 41.51036], [0.8625, 41.50982], [0.86346, 41.50984], [0.86368, 41.51038], [0.8637, 41.50966], [0.8649, 41.50968], [0.86488, 41.5104], [0.86679, 41.51044], [0.86677, 41.51116], [0.86629, 41.51115], [0.86603, 41.51169]], [[0.87918, 41.51265], [0.87991, 41.51248], [0.87989, 41.51284], [0.88037, 41.51285], [0.88035, 41.51339], [0.87916, 41.51337], [0.87918, 41.51265]], [[0.89858, 41.51301], [0.89835, 41.51264], [0.89763, 41.51263], [0.89765, 41.51209], [0.89983, 41.51159], [0.89984, 41.51123], [0.89841, 41.51084], [0.89839, 41.51138], [0.89768, 41.51137], [0.89819, 41.5103], [0.90057, 41.51088], [0.90078, 41.5116], [0.90126, 41.51161], [0.90124, 41.51215], [0.90053, 41.51214], [0.90024, 41.51358], [0.89952, 41.51356], [0.89953, 41.5132], [0.89858, 41.51301]], [[0.90963, 41.51213], [0.90961, 41.51285], [0.90793, 41.51282], [0.90795, 41.51228], [0.90963, 41.51213]], [[0.87904, 41.50976], [0.87925, 41.51067], [0.87972, 41.51068], [0.87995, 41.51104], [0.87993, 41.51158], [0.87945, 41.51175], [0.87849, 41.51174], [0.87832, 41.50975], [0.87904, 41.50976]], [[0.86874, 41.50939], [0.86851, 41.50903], [0.86637, 41.50881], [0.86638, 41.50827], [0.8671, 41.50828], [0.86714, 41.5072], [0.86905, 41.50724], [0.86927, 41.50796], [0.87022, 41.50816], [0.87002, 41.5069], [0.87074, 41.50691], [0.87073, 41.50727], [0.8712, 41.50746], [0.87118, 41.50818], [0.87045, 41.50834], [0.87044, 41.5087], [0.87116, 41.5089], [0.8716, 41.50999], [0.87016, 41.50996], [0.86994, 41.50942], [0.86874, 41.50939]], [[0.87308, 41.50875], [0.87353, 41.50948], [0.87473, 41.5095], [0.87471, 41.51004], [0.87351, 41.51002], [0.87353, 41.50966], [0.87281, 41.50947], [0.87256, 41.51], [0.87184, 41.50999], [0.87187, 41.50891], [0.87308, 41.50875]], [[0.8999, 41.50925], [0.89872, 41.50886], [0.89873, 41.50832], [0.89968, 41.50852], [0.9002, 41.50745], [0.90164, 41.50748], [0.9021, 41.50803], [0.90282, 41.50804], [0.9026, 41.50731], [0.90212, 41.50731], [0.90214, 41.50677], [0.90262, 41.50677], [0.90241, 41.50569], [0.90338, 41.50535], [0.90339, 41.50499], [0.90388, 41.50482], [0.90389, 41.50446], [0.90342, 41.50427], [0.90344, 41.50355], [0.90416, 41.50356], [0.90437, 41.50446], [0.90508, 41.50466], [0.90556, 41.50467], [0.90583, 41.50377], [0.9075, 41.50398], [0.90697, 41.50559], [0.90769, 41.50561], [0.90767, 41.50615], [0.90695, 41.50613], [0.90672, 41.50577], [0.90671, 41.50631], [0.90575, 41.50629], [0.90577, 41.50575], [0.90457, 41.50555], [0.90459, 41.50501], [0.90336, 41.50589], [0.90383, 41.50644], [0.90527, 41.5061], [0.90523, 41.50754], [0.90427, 41.50753], [0.90446, 41.50915], [0.9035, 41.50913], [0.90353, 41.50805], [0.90306, 41.50804], [0.90325, 41.50931], [0.90254, 41.50929], [0.90228, 41.50965], [0.90109, 41.50945], [0.90061, 41.50962], [0.9006, 41.50998], [0.89964, 41.50996], [0.8999, 41.50925]], [[0.87576, 41.50736], [0.87578, 41.50682], [0.8765, 41.50666], [0.87628, 41.50593], [0.87676, 41.50594], [0.87678, 41.50558], [0.87749, 41.50559], [0.87745, 41.50703], [0.87673, 41.50702], [0.87694, 41.50792], [0.87622, 41.50791], [0.87572, 41.50862], [0.875, 41.50861], [0.87503, 41.50771], [0.87623, 41.50773], [0.87624, 41.50737], [0.87576, 41.50736]], [[0.8978, 41.50759], [0.89777, 41.50831], [0.89682, 41.50829], [0.89685, 41.50739], [0.8978, 41.50759]], [[0.8722, 41.50622], [0.8724, 41.50748], [0.87168, 41.50747], [0.87148, 41.5062], [0.8722, 41.50622]], [[0.88271, 41.50731], [0.88274, 41.50641], [0.88346, 41.50642], [0.88343, 41.50732], [0.88271, 41.50731]], [[0.89759, 41.5065], [0.89834, 41.5058], [0.89978, 41.50546], [0.90024, 41.50619], [0.90096, 41.5062], [0.90094, 41.50674], [0.90022, 41.50673], [0.89997, 41.50709], [0.89901, 41.50725], [0.89757, 41.50722], [0.89759, 41.5065]], [[0.86624, 41.50538], [0.86622, 41.50592], [0.86526, 41.50591], [0.86529, 41.50519], [0.86624, 41.50538]], [[0.90815, 41.50615], [0.90866, 41.50508], [0.91009, 41.50529], [0.9101, 41.50493], [0.91106, 41.50495], [0.91103, 41.50585], [0.91008, 41.50565], [0.91006, 41.50619], [0.90957, 41.50654], [0.90862, 41.50652], [0.90815, 41.50615]], [[0.86221, 41.50405], [0.86266, 41.50496], [0.86169, 41.50512], [0.86149, 41.50404], [0.86221, 41.50405]], [[0.86077, 41.50402], [0.86078, 41.50366], [0.85911, 41.50363], [0.85914, 41.50273], [0.86009, 41.50275], [0.86032, 41.50311], [0.8608, 41.50312], [0.86079, 41.50348], [0.86127, 41.50349], [0.86128, 41.50313], [0.86248, 41.50315], [0.86249, 41.50279], [0.86321, 41.50281], [0.86319, 41.50335], [0.86247, 41.50333], [0.86245, 41.50387], [0.8615, 41.50368], [0.86149, 41.50404], [0.86077, 41.50402]], [[0.88209, 41.50424], [0.88206, 41.50514], [0.88086, 41.50511], [0.88089, 41.50439], [0.88209, 41.50424]], [[0.86938, 41.50454], [0.86941, 41.50364], [0.87013, 41.50366], [0.8701, 41.50456], [0.86938, 41.50454]], [[0.87636, 41.50377], [0.87468, 41.50356], [0.87446, 41.50302], [0.87376, 41.50264], [0.87358, 41.50084], [0.87429, 41.50085], [0.87426, 41.50175], [0.87498, 41.50176], [0.87497, 41.5023], [0.87592, 41.50232], [0.87709, 41.50324], [0.87706, 41.50414], [0.87634, 41.50413], [0.87636, 41.50377]], [[0.88906, 41.50364], [0.88908, 41.5031], [0.88981, 41.50276], [0.88982, 41.50222], [0.88887, 41.50202], [0.8889, 41.5013], [0.88985, 41.50132], [0.88984, 41.50186], [0.89055, 41.50187], [0.89053, 41.50277], [0.89099, 41.50314], [0.89242, 41.50335], [0.89216, 41.50406], [0.89144, 41.50405], [0.89121, 41.50368], [0.88906, 41.50364]], [[0.89483, 41.50303], [0.89607, 41.50161], [0.89511, 41.50177], [0.89461, 41.50249], [0.89389, 41.50247], [0.89343, 41.50174], [0.8937, 41.50085], [0.89322, 41.50084], [0.893, 41.50029], [0.8918, 41.50027], [0.89186, 41.49847], [0.89237, 41.49776], [0.895, 41.49781], [0.89529, 41.49637], [0.89624, 41.49639], [0.89669, 41.49748], [0.89885, 41.49716], [0.89884, 41.4977], [0.89836, 41.49769], [0.89834, 41.49823], [0.8976, 41.49894], [0.89712, 41.49893], [0.89662, 41.49946], [0.89567, 41.49926], [0.89566, 41.49962], [0.89709, 41.49983], [0.89707, 41.50037], [0.8961, 41.50071], [0.89609, 41.50107], [0.89778, 41.50074], [0.898, 41.50147], [0.89751, 41.50164], [0.8975, 41.502], [0.89798, 41.50201], [0.89898, 41.50058], [0.8997, 41.5006], [0.89943, 41.50167], [0.8999, 41.50186], [0.89988, 41.5024], [0.89916, 41.50257], [0.89915, 41.50293], [0.89843, 41.50292], [0.89818, 41.50327], [0.89627, 41.50288], [0.89579, 41.50305], [0.89553, 41.50376], [0.89481, 41.50375], [0.89483, 41.50303]], [[0.88118, 41.50278], [0.88098, 41.50151], [0.88026, 41.50168], [0.88024, 41.50222], [0.87952, 41.50221], [0.87932, 41.50112], [0.88028, 41.50114], [0.88029, 41.50078], [0.88126, 41.50044], [0.88221, 41.50064], [0.88223, 41.5001], [0.88294, 41.50011], [0.88344, 41.49958], [0.88464, 41.4996], [0.88484, 41.50086], [0.8834, 41.50084], [0.88384, 41.50193], [0.88287, 41.50227], [0.88285, 41.50299], [0.88118, 41.50278]], [[0.90228, 41.50245], [0.90327, 41.50138], [0.90399, 41.5014], [0.90397, 41.50194], [0.90589, 41.50179], [0.90588, 41.50233], [0.9054, 41.50232], [0.90514, 41.50286], [0.90394, 41.50284], [0.90371, 41.50247], [0.90251, 41.50263], [0.9025, 41.50299], [0.90178, 41.50298], [0.9018, 41.50244], [0.90228, 41.50245]], [[0.87623, 41.50017], [0.87668, 41.50125], [0.87643, 41.50161], [0.87571, 41.5016], [0.87552, 41.50015], [0.87623, 41.50017]], [[0.8913, 41.50098], [0.89128, 41.50152], [0.89008, 41.50168], [0.8901, 41.50114], [0.8913, 41.50098]], [[0.88582, 41.50016], [0.88488, 41.4996], [0.88514, 41.49889], [0.88706, 41.49874], [0.88705, 41.4991], [0.88753, 41.49911], [0.8885, 41.49877], [0.8897, 41.49879], [0.88968, 41.49933], [0.88872, 41.49931], [0.8887, 41.49985], [0.88775, 41.49966], [0.88702, 41.50018], [0.88699, 41.5009], [0.88508, 41.50069], [0.8851, 41.50015], [0.88582, 41.50016]], [[0.86114, 41.50007], [0.86071, 41.49862], [0.86191, 41.49846], [0.8619, 41.499], [0.8626, 41.49937], [0.86258, 41.50009], [0.86114, 41.50007]], [[0.90333, 41.49958], [0.90432, 41.4987], [0.90527, 41.49872], [0.90525, 41.49944], [0.90573, 41.49945], [0.90571, 41.49999], [0.9033, 41.50048], [0.90333, 41.49958]], [[0.87604, 41.4989], [0.87605, 41.49836], [0.87535, 41.49781], [0.87537, 41.49727], [0.87632, 41.49747], [0.87654, 41.49819], [0.87747, 41.49893], [0.87745, 41.49947], [0.87674, 41.49945], [0.87651, 41.49891], [0.87604, 41.4989]], [[0.88994, 41.4988], [0.88996, 41.49808], [0.8914, 41.4981], [0.89136, 41.49918], [0.8904, 41.49917], [0.88994, 41.4988]], [[0.88184, 41.49739], [0.88206, 41.49793], [0.88325, 41.49795], [0.88323, 41.49867], [0.88179, 41.49883], [0.8818, 41.49847], [0.88108, 41.49845], [0.88112, 41.49737], [0.88184, 41.49739]], [[0.88567, 41.49728], [0.88473, 41.4969], [0.88428, 41.49581], [0.88525, 41.49547], [0.88504, 41.49456], [0.88649, 41.49423], [0.88651, 41.49351], [0.8858, 41.4935], [0.88607, 41.49242], [0.88681, 41.49189], [0.88776, 41.49191], [0.88827, 41.4912], [0.88947, 41.49104], [0.88973, 41.49051], [0.8902, 41.49052], [0.89071, 41.4898], [0.89119, 41.48981], [0.8912, 41.48945], [0.89193, 41.48893], [0.8905, 41.4889], [0.89051, 41.48836], [0.89124, 41.48819], [0.89126, 41.48747], [0.89174, 41.48748], [0.89201, 41.48659], [0.89273, 41.4866], [0.89271, 41.48714], [0.89343, 41.48715], [0.89298, 41.48606], [0.89394, 41.48608], [0.89395, 41.48572], [0.89515, 41.48574], [0.89561, 41.48647], [0.89564, 41.48539], [0.89613, 41.48522], [0.89614, 41.48486], [0.8971, 41.48488], [0.89804, 41.48543], [0.89802, 41.4858], [0.89898, 41.48581], [0.89896, 41.48635], [0.89848, 41.48652], [0.89796, 41.48778], [0.89673, 41.48865], [0.89768, 41.48903], [0.89789, 41.48994], [0.89886, 41.48959], [0.90054, 41.48962], [0.90007, 41.48925], [0.90012, 41.48763], [0.90061, 41.48728], [0.90181, 41.48713], [0.90206, 41.48677], [0.90302, 41.48679], [0.90324, 41.48733], [0.90372, 41.48734], [0.90442, 41.48789], [0.90441, 41.48843], [0.90345, 41.48842], [0.90176, 41.48893], [0.90271, 41.48912], [0.90316, 41.48985], [0.9046, 41.48988], [0.90456, 41.49096], [0.90431, 41.49131], [0.90383, 41.49131], [0.90332, 41.49238], [0.90284, 41.49237], [0.90304, 41.49363], [0.90376, 41.49365], [0.90469, 41.49438], [0.90733, 41.49425], [0.90754, 41.49516], [0.9061, 41.49531], [0.90539, 41.49494], [0.9056, 41.49602], [0.9044, 41.496], [0.90389, 41.49707], [0.90293, 41.49705], [0.90246, 41.49668], [0.90126, 41.49684], [0.90104, 41.49612], [0.90009, 41.49592], [0.90061, 41.49485], [0.90063, 41.49395], [0.90016, 41.49376], [0.8992, 41.49392], [0.89822, 41.49463], [0.89678, 41.4946], [0.8968, 41.49388], [0.89729, 41.49353], [0.89707, 41.49316], [0.89609, 41.49387], [0.89513, 41.49367], [0.89509, 41.49493], [0.89413, 41.49491], [0.89418, 41.49365], [0.89082, 41.49359], [0.8908, 41.49431], [0.89248, 41.49416], [0.89267, 41.4956], [0.8922, 41.4956], [0.89218, 41.49596], [0.8929, 41.49597], [0.89287, 41.49687], [0.89239, 41.49686], [0.89238, 41.49722], [0.89072, 41.49683], [0.8895, 41.49735], [0.88783, 41.49732], [0.88758, 41.49767], [0.8871, 41.49766], [0.88684, 41.4982], [0.88542, 41.49781], [0.88567, 41.49728]], [[0.88118, 41.49557], [0.88045, 41.49574], [0.88047, 41.49502], [0.88143, 41.49504], [0.88118, 41.49557]], [[0.87624, 41.4926], [0.87718, 41.49316], [0.87717, 41.49352], [0.87813, 41.49354], [0.87812, 41.4939], [0.87883, 41.49409], [0.87881, 41.49463], [0.87761, 41.49461], [0.87715, 41.49424], [0.87716, 41.4937], [0.87645, 41.49368], [0.87598, 41.49314], [0.87527, 41.49312], [0.87506, 41.49204], [0.87625, 41.49224], [0.87624, 41.4926]], [[0.8741, 41.49202], [0.87413, 41.4913], [0.87485, 41.49131], [0.87506, 41.49204], [0.8741, 41.49202]], [[0.8963, 41.49477], [0.89557, 41.49494], [0.8956, 41.49404], [0.89656, 41.49405], [0.8963, 41.49477]], [[0.87936, 41.49248], [0.87958, 41.4932], [0.87886, 41.49319], [0.87864, 41.49246], [0.87936, 41.49248]], [[0.90548, 41.49242], [0.90549, 41.49188], [0.90645, 41.49189], [0.9067, 41.49154], [0.90791, 41.49138], [0.90789, 41.49192], [0.9074, 41.49227], [0.90859, 41.49247], [0.90857, 41.49319], [0.90593, 41.49314], [0.90595, 41.4926], [0.90691, 41.49244], [0.90548, 41.49242]], [[0.87219, 41.4918], [0.8734, 41.49147], [0.87337, 41.49237], [0.87218, 41.49234], [0.87219, 41.4918]], [[0.87891, 41.49157], [0.87889, 41.49229], [0.87817, 41.49228], [0.87795, 41.49155], [0.87891, 41.49157]], [[0.86624, 41.49079], [0.86621, 41.49151], [0.86525, 41.49168], [0.86527, 41.49096], [0.86624, 41.49079]], [[0.9094, 41.48961], [0.90937, 41.49051], [0.90817, 41.49048], [0.9082, 41.48976], [0.9094, 41.48961]], [[0.88092, 41.48872], [0.88089, 41.48962], [0.87849, 41.48976], [0.87852, 41.48886], [0.88092, 41.48872]], [[0.8716, 41.48801], [0.87158, 41.48873], [0.8711, 41.48872], [0.87108, 41.48926], [0.87036, 41.48925], [0.87039, 41.48853], [0.87086, 41.48854], [0.87088, 41.488], [0.8716, 41.48801]], [[0.87325, 41.48876], [0.87279, 41.48821], [0.87231, 41.4882], [0.87234, 41.48748], [0.87281, 41.48749], [0.87308, 41.48678], [0.8738, 41.48679], [0.87421, 41.48878], [0.87469, 41.48879], [0.87467, 41.48933], [0.87395, 41.48932], [0.87396, 41.48896], [0.87325, 41.48876]], [[0.87757, 41.48848], [0.8773, 41.48938], [0.87659, 41.48936], [0.87662, 41.48846], [0.87757, 41.48848]], [[0.88166, 41.4882], [0.88285, 41.4884], [0.88258, 41.48929], [0.88114, 41.48927], [0.88116, 41.48855], [0.88164, 41.48856], [0.88166, 41.4882]], [[0.90416, 41.48861], [0.90584, 41.48846], [0.90582, 41.48918], [0.90438, 41.48933], [0.90416, 41.48861]], [[0.87759, 41.48794], [0.87761, 41.4874], [0.87881, 41.48742], [0.87879, 41.48796], [0.87759, 41.48794]], [[0.87788, 41.48651], [0.8779, 41.48597], [0.87839, 41.48561], [0.87958, 41.48564], [0.88006, 41.48583], [0.88025, 41.48727], [0.87857, 41.48724], [0.87788, 41.48651]], [[0.87694, 41.48577], [0.87692, 41.48649], [0.8762, 41.48647], [0.87599, 41.48575], [0.87694, 41.48577]], [[0.90233, 41.48605], [0.90188, 41.48496], [0.90092, 41.48513], [0.90094, 41.48441], [0.90143, 41.48406], [0.90215, 41.48407], [0.90214, 41.48443], [0.90333, 41.48463], [0.90303, 41.48643], [0.90159, 41.48658], [0.90161, 41.48604], [0.90233, 41.48605]], [[0.87098, 41.48512], [0.87123, 41.48458], [0.87244, 41.48442], [0.87242, 41.48496], [0.87144, 41.48549], [0.87143, 41.48585], [0.86976, 41.48564], [0.86978, 41.4851], [0.87098, 41.48512]], [[0.87911, 41.48545], [0.87913, 41.48491], [0.88056, 41.48493], [0.88055, 41.48547], [0.87911, 41.48545]], [[0.9055, 41.48431], [0.90578, 41.48287], [0.9065, 41.48289], [0.90649, 41.48325], [0.90769, 41.48327], [0.90768, 41.48363], [0.90839, 41.48364], [0.90838, 41.48418], [0.90715, 41.48506], [0.90476, 41.48502], [0.90477, 41.48448], [0.9055, 41.48431]]], [[[0.88576, 41.50935], [0.88457, 41.50915], [0.88527, 41.5097], [0.88525, 41.51024], [0.88477, 41.51041], [0.88548, 41.51042], [0.88576, 41.50935]]], [[[0.88993, 41.52113], [0.89017, 41.52096], [0.88993, 41.52095], [0.88993, 41.52113]]], [[[0.89041, 41.52114], [0.89016, 41.52132], [0.8904, 41.52132], [0.89041, 41.52114]]]]}, "properties": {"incendio": "IN-20261005-001", "ha": 1370.0, "severidad": {"baja": 1038.3, "moderada": 330.6, "alta": 0.8}, "imagenes": ["2026-10-08"], "definitivo": false, "nublado": false, "una_imagen": 1.0, "fecha_antes": "2026-09-26", "fecha_despues": "2026-10-08"}}, {"type": "Feature", "geometry": {"type": "Polygon", "coordinates": [[[-6.1023, 38.32185], [-6.1021, 38.32113], [-6.10095, 38.3211], [-6.10074, 38.32073], [-6.10077, 38.32001], [-6.10145, 38.32003], [-6.10189, 38.32058], [-6.1017, 38.31967], [-6.10056, 38.31947], [-6.10054, 38.32001], [-6.09963, 38.31998], [-6.0996, 38.3207], [-6.10003, 38.32125], [-6.10186, 38.3213], [-6.10185, 38.32166], [-6.1023, 38.32185]]]}, "properties": {"incendio": "IN-20261005-002", "ha": 2.5, "severidad": {"baja": 2.4, "moderada": 0.1, "alta": 0.0}, "imagenes": ["2026-10-07"], "definitivo": false, "nublado": true, "una_imagen": 1.0, "fecha_antes": "2026-09-27", "fecha_despues": "2026-10-07"}}, {"type": "Feature", "geometry": {"type": "MultiPolygon", "coordinates": [[[[-6.98936, 39.63681], [-6.99006, 39.63683], [-6.99005, 39.63719], [-6.98911, 39.63735], [-6.98936, 39.63681]]], [[[-6.99561, 39.63836], [-6.99469, 39.63799], [-6.99515, 39.63799], [-6.9954, 39.63764], [-6.99561, 39.63836]]], [[[-6.96716, 39.63877], [-6.96786, 39.63878], [-6.96809, 39.63915], [-6.96806, 39.63987], [-6.96736, 39.64003], [-6.96734, 39.64057], [-6.96804, 39.64059], [-6.96829, 39.64023], [-6.96875, 39.64024], [-6.96898, 39.6406], [-6.96991, 39.64062], [-6.97064, 39.63955], [-6.97135, 39.63902], [-6.97182, 39.63903], [-6.97183, 39.63867], [-6.97229, 39.63868], [-6.97278, 39.63815], [-6.9728, 39.63743], [-6.97188, 39.63705], [-6.97094, 39.63703], [-6.96999, 39.63774], [-6.96929, 39.63773], [-6.96857, 39.63843], [-6.96812, 39.63807], [-6.96791, 39.63734], [-6.96908, 39.637], [-6.96937, 39.6352], [-6.96891, 39.63484], [-6.96985, 39.63449], [-6.96967, 39.63287], [-6.96874, 39.63285], [-6.96826, 39.6332], [-6.96797, 39.635], [-6.96728, 39.63499], [-6.96725, 39.63571], [-6.96679, 39.6357], [-6.96654, 39.63606], [-6.9666, 39.63425], [-6.96706, 39.63426], [-6.96708, 39.63354], [-6.96755, 39.63355], [-6.96757, 39.63301], [-6.96898, 39.63249], [-6.969, 39.63177], [-6.96924, 39.63142], [-6.96994, 39.63143], [-6.96996, 39.63089], [-6.97018, 39.63143], [-6.97064, 39.63144], [-6.97036, 39.63306], [-6.97082, 39.63343], [-6.9708, 39.63397], [-6.97194, 39.63489], [-6.9738, 39.63492], [-6.97479, 39.63296], [-6.97522, 39.63423], [-6.97443, 39.63727], [-6.97536, 39.63729], [-6.97539, 39.63639], [-6.97609, 39.63622], [-6.97677, 39.63714], [-6.9777, 39.63697], [-6.97767, 39.63805], [-6.97931, 39.63772], [-6.9793, 39.63826], [-6.98, 39.63827], [-6.98025, 39.63774], [-6.98023, 39.63828], [-6.98163, 39.63812], [-6.98186, 39.63849], [-6.98278, 39.63868], [-6.98277, 39.63904], [-6.98184, 39.63903], [-6.98185, 39.63867], [-6.98092, 39.63847], [-6.97929, 39.63862], [-6.97927, 39.63934], [-6.9802, 39.63936], [-6.98041, 39.64008], [-6.97948, 39.64007], [-6.97946, 39.64079], [-6.97992, 39.64097], [-6.97828, 39.64113], [-6.97713, 39.64075], [-6.97714, 39.6402], [-6.97645, 39.64001], [-6.97647, 39.63929], [-6.97601, 39.63928], [-6.97579, 39.63856], [-6.97533, 39.63855], [-6.97534, 39.63801], [-6.97395, 39.63799], [-6.97369, 39.63888], [-6.97438, 39.63908], [-6.97458, 39.64034], [-6.97504, 39.64035], [-6.97503, 39.64071], [-6.97433, 39.64088], [-6.97406, 39.64195], [-6.97453, 39.64196], [-6.97452, 39.64232], [-6.97592, 39.64217], [-6.97591, 39.64271], [-6.97543, 39.64288], [-6.97541, 39.64378], [-6.97495, 39.64341], [-6.97521, 39.64269], [-6.97358, 39.64267], [-6.97354, 39.64393], [-6.97424, 39.64394], [-6.97375, 39.64465], [-6.97282, 39.64463], [-6.97284, 39.64391], [-6.97214, 39.6439], [-6.97146, 39.64335], [-6.96912, 39.64349], [-6.96913, 39.64313], [-6.96844, 39.64312], [-6.96818, 39.64383], [-6.96724, 39.64418], [-6.96702, 39.64381], [-6.96655, 39.6438], [-6.96684, 39.64201], [-6.96614, 39.64199], [-6.96613, 39.64235], [-6.9652, 39.64216], [-6.96592, 39.64145], [-6.96594, 39.64091], [-6.96477, 39.64089], [-6.9643, 39.64124], [-6.96431, 39.6407], [-6.96524, 39.64072], [-6.96525, 39.64036], [-6.96572, 39.64037], [-6.96574, 39.63965], [-6.96623, 39.63893], [-6.96669, 39.63894], [-6.96649, 39.63804], [-6.96695, 39.63804], [-6.96716, 39.63877]], [[-6.96892, 39.6424], [-6.96964, 39.64188], [-6.96966, 39.64098], [-6.9685, 39.64095], [-6.96802, 39.64131], [-6.96799, 39.64239], [-6.96892, 39.6424]], [[-6.97178, 39.64047], [-6.97152, 39.64119], [-6.97245, 39.64138], [-6.97248, 39.6403], [-6.97178, 39.64047]], [[-6.97722, 39.63768], [-6.97628, 39.63785], [-6.97625, 39.63875], [-6.97695, 39.63876], [-6.97722, 39.63768]]], [[[-6.96719, 39.63787], [-6.96695, 39.63804], [-6.96696, 39.63786], [-6.96719, 39.63787]]], [[[-6.99398, 39.63833], [-6.99351, 39.63833], [-6.9935, 39.63887], [-6.99279, 39.63903], [-6.99282, 39.63813], [-6.99398, 39.63833]]], [[[-6.99045, 39.63935], [-6.99072, 39.6381], [-6.99143, 39.63793], [-6.99185, 39.63956], [-6.99115, 39.63955], [-6.9909, 39.6399], [-6.99092, 39.63936], [-6.99045, 39.63935]]], [[[-6.99881, 39.64058], [-6.99836, 39.63985], [-6.9984, 39.63841], [-6.99771, 39.6384], [-6.99774, 39.63732], [-6.99844, 39.63733], [-6.99841, 39.63805], [-6.99935, 39.63807], [-6.99931, 39.63915], [-6.99978, 39.63934], [-6.99973, 39.64078], [-6.99926, 39.64095], [-6.99927, 39.64059], [-6.99881, 39.64058]]], [[[-6.99696, 39.64001], [-6.99675, 39.63928], [-6.99721, 39.63929], [-6.99746, 39.63894], [-6.9979, 39.63966], [-6.99765, 39.6402], [-6.99696, 39.64001]]], [[[-6.99488, 39.63925], [-6.99558, 39.63926], [-6.99557, 39.63962], [-6.9951, 39.6398], [-6.99488, 39.63925]]], [[[-6.95792, 39.64419], [-6.95698, 39.64436], [-6.95677, 39.64363], [-6.95724, 39.64346], [-6.95725, 39.64292], [-6.95795, 39.64293], [-6.95774, 39.64221], [-6.95821, 39.64222], [-6.95822, 39.64186], [-6.95914, 39.64205], [-6.9594, 39.64116], [-6.95987, 39.64116], [-6.95962, 39.64188], [-6.95984, 39.64224], [-6.9603, 39.64225], [-6.96052, 39.6428], [-6.96122, 39.64281], [-6.96218, 39.64193], [-6.9624, 39.64229], [-6.9631, 39.6423], [-6.96359, 39.64141], [-6.9643, 39.64124], [-6.96401, 39.64286], [-6.96331, 39.64303], [-6.96329, 39.64375], [-6.96189, 39.6439], [-6.95933, 39.6435], [-6.95935, 39.64314], [-6.95841, 39.64312], [-6.95814, 39.64438], [-6.95908, 39.64439], [-6.95933, 39.64368], [-6.95905, 39.64529], [-6.95812, 39.64528], [-6.95792, 39.64419]]]]}, "properties": {"incendio": "IN-20261006-001", "ha": 88.9, "severidad": {"baja": 66.6, "moderada": 22.1, "alta": 0.0}, "imagenes": ["2026-10-07", "2026-10-10"], "definitivo": false, "nublado": false, "una_imagen": 1.0, "fecha_antes": "2026-09-24", "fecha_despues": "2026-10-10"}}, {"type": "Feature", "geometry": {"type": "MultiPolygon", "coordinates": [[[[-3.47276, 40.43115], [-3.47276, 40.43043], [-3.47323, 40.43025], [-3.47323, 40.43115], [-3.47276, 40.43115]]], [[[-3.4749, 40.43277], [-3.47489, 40.4324], [-3.47584, 40.43222], [-3.47537, 40.43276], [-3.4749, 40.43277]]]]}, "properties": {"incendio": "IN-20261007-002", "ha": 0.6, "severidad": {"baja": 0.6, "moderada": 0.0, "alta": 0.0}, "imagenes": ["2026-10-07", "2026-10-09"], "definitivo": false, "nublado": false, "una_imagen": 1.0, "fecha_antes": "2026-09-24", "fecha_despues": "2026-10-09"}}, {"type": "Feature", "geometry": {"type": "Polygon", "coordinates": [[[-5.04685, 37.38041], [-5.0482, 37.38021], [-5.04909, 37.37965], [-5.04908, 37.37929], [-5.04953, 37.37929], [-5.04928, 37.37839], [-5.04792, 37.37823], [-5.04794, 37.37877], [-5.04684, 37.38005], [-5.04685, 37.38041]]]}, "properties": {"incendio": "IN-20261007-003", "ha": 3.1, "severidad": {"baja": 0.4, "moderada": 2.7, "alta": 0.0}, "imagenes": ["2026-10-07", "2026-10-09"], "definitivo": false, "nublado": false, "una_imagen": 0.78, "fecha_antes": "2026-10-02", "fecha_despues": "2026-10-09"}}, {"type": "Feature", "geometry": {"type": "MultiPolygon", "coordinates": [[[[-7.46994, 39.60396], [-7.46971, 39.60377], [-7.46994, 39.60378], [-7.46994, 39.60396]]], [[[-7.46993, 39.60414], [-7.47017, 39.60396], [-7.47017, 39.60414], [-7.46993, 39.60414]]], [[[-7.47271, 39.60507], [-7.47295, 39.60454], [-7.47294, 39.60508], [-7.47271, 39.60507]]], [[[-7.46031, 39.60743], [-7.46055, 39.60726], [-7.46054, 39.60744], [-7.46031, 39.60743]]], [[[-7.46427, 39.60749], [-7.46451, 39.60731], [-7.4645, 39.60749], [-7.46427, 39.60749]]], [[[-7.47172, 39.60758], [-7.47196, 39.60741], [-7.47195, 39.60759], [-7.47172, 39.60758]]], [[[-7.47359, 39.60725], [-7.47428, 39.60798], [-7.47334, 39.60797], [-7.47359, 39.60725]]], [[[-7.4603, 39.60779], [-7.45961, 39.6076], [-7.46031, 39.60761], [-7.4603, 39.60779]]], [[[-7.47683, 39.60819], [-7.47707, 39.60801], [-7.47707, 39.60819], [-7.47683, 39.60819]]], [[[-7.47334, 39.60797], [-7.47287, 39.60832], [-7.47288, 39.60796], [-7.47334, 39.60797]]], [[[-7.4724, 39.60867], [-7.47263, 39.6085], [-7.47263, 39.60868], [-7.4724, 39.60867]]], [[[-7.45888, 39.60886], [-7.45982, 39.60869], [-7.4598, 39.60941], [-7.45864, 39.60939], [-7.45888, 39.60886]]], [[[-7.45885, 39.6103], [-7.45909, 39.61012], [-7.45908, 39.6103], [-7.45885, 39.6103]]], [[[-7.47981, 39.61075], [-7.48004, 39.61058], [-7.48004, 39.61076], [-7.47981, 39.61075]]], [[[-7.47443, 39.61158], [-7.47395, 39.61212], [-7.47399, 39.6105], [-7.47422, 39.6105], [-7.47443, 39.61158]]], [[[-7.47253, 39.613], [-7.47184, 39.61299], [-7.47185, 39.61245], [-7.47254, 39.61264], [-7.47253, 39.613]]], [[[-7.46147, 39.61826], [-7.46171, 39.61808], [-7.4617, 39.61826], [-7.46147, 39.61826]]], [[[-7.47194, 39.61894], [-7.47217, 39.61876], [-7.47217, 39.61894], [-7.47194, 39.61894]]], [[[-7.45908, 39.62075], [-7.45954, 39.62094], [-7.45929, 39.62202], [-7.45882, 39.62201], [-7.45883, 39.62165], [-7.4579, 39.62164], [-7.45907, 39.62147], [-7.45908, 39.62075]]], [[[-7.45871, 39.60615], [-7.45894, 39.60597], [-7.45894, 39.60615], [-7.45871, 39.60615]]], [[[-7.45566, 39.60701], [-7.45543, 39.60683], [-7.45636, 39.60684], [-7.45636, 39.60702], [-7.45566, 39.60701]]], [[[-7.45659, 39.6072], [-7.45636, 39.60702], [-7.45659, 39.60702], [-7.45659, 39.6072]]], [[[-7.45729, 39.60721], [-7.45752, 39.6074], [-7.45728, 39.60739], [-7.45729, 39.60721]]], [[[-7.45915, 39.60706], [-7.4589, 39.60777], [-7.4582, 39.60795], [-7.45795, 39.60866], [-7.45586, 39.60846], [-7.45607, 39.60936], [-7.45468, 39.60898], [-7.45397, 39.60951], [-7.45304, 39.6095], [-7.45375, 39.60933], [-7.45399, 39.60879], [-7.45539, 39.60881], [-7.45588, 39.60755], [-7.45704, 39.60775], [-7.45728, 39.60739], [-7.45727, 39.60811], [-7.45797, 39.60812], [-7.45798, 39.6074], [-7.45845, 39.60741], [-7.45845, 39.60705], [-7.45915, 39.60706]]], [[[-7.45513, 39.60989], [-7.45537, 39.60953], [-7.45536, 39.60989], [-7.45513, 39.60989]]], [[[-7.45654, 39.60955], [-7.45676, 39.61009], [-7.45746, 39.6101], [-7.45747, 39.60938], [-7.4584, 39.60939], [-7.4584, 39.60975], [-7.45769, 39.60992], [-7.45768, 39.61046], [-7.45652, 39.61045], [-7.45654, 39.60955]]], [[[-7.4549, 39.60988], [-7.45513, 39.60989], [-7.45512, 39.61043], [-7.45489, 39.61042], [-7.4549, 39.60988]]], [[[-7.45768, 39.61064], [-7.45837, 39.61083], [-7.4579, 39.611], [-7.45789, 39.61137], [-7.45696, 39.61135], [-7.45766, 39.61118], [-7.45768, 39.61064]]], [[[-7.45812, 39.61173], [-7.45883, 39.61102], [-7.45928, 39.61192], [-7.45812, 39.61173]]], [[[-7.45438, 39.61204], [-7.45462, 39.61186], [-7.45462, 39.61204], [-7.45438, 39.61204]]], [[[-7.45414, 39.61258], [-7.45438, 39.61222], [-7.45437, 39.61258], [-7.45414, 39.61258]]], [[[-7.45507, 39.61277], [-7.4553, 39.61259], [-7.4553, 39.61277], [-7.45507, 39.61277]]], [[[-7.4546, 39.61294], [-7.45483, 39.61277], [-7.45483, 39.61295], [-7.4546, 39.61294]]], [[[-7.45738, 39.61334], [-7.45716, 39.6128], [-7.45809, 39.61281], [-7.45739, 39.61298], [-7.45738, 39.61334]]], [[[-7.45599, 39.61332], [-7.45623, 39.61296], [-7.45622, 39.61333], [-7.45599, 39.61332]]], [[[-7.45715, 39.61352], [-7.45692, 39.61333], [-7.45715, 39.61334], [-7.45715, 39.61352]]], [[[-7.4534, 39.61419], [-7.45365, 39.61365], [-7.45364, 39.61419], [-7.4534, 39.61419]]], [[[-7.45842, 39.6193], [-7.45908, 39.62075], [-7.45816, 39.62056], [-7.4579, 39.62146], [-7.45744, 39.62109], [-7.45628, 39.62089], [-7.45654, 39.61982], [-7.45467, 39.62015], [-7.45421, 39.61997], [-7.45424, 39.61834], [-7.45472, 39.61799], [-7.45474, 39.61709], [-7.45404, 39.61708], [-7.45378, 39.61816], [-7.45308, 39.61815], [-7.45312, 39.61635], [-7.45358, 39.61671], [-7.45428, 39.61672], [-7.45452, 39.61619], [-7.45474, 39.61691], [-7.45544, 39.61692], [-7.45569, 39.61638], [-7.45589, 39.61783], [-7.45682, 39.61784], [-7.45683, 39.61748], [-7.45729, 39.61748], [-7.45686, 39.61586], [-7.4557, 39.61566], [-7.45548, 39.61494], [-7.45479, 39.61493], [-7.45549, 39.61476], [-7.4555, 39.6144], [-7.45572, 39.61494], [-7.45665, 39.61477], [-7.45734, 39.6155], [-7.4578, 39.61551], [-7.458, 39.61695], [-7.45753, 39.61731], [-7.45748, 39.61929], [-7.45842, 39.6193]], [[-7.45702, 39.61928], [-7.45727, 39.61856], [-7.45634, 39.61855], [-7.45632, 39.61927], [-7.45679, 39.61928], [-7.45677, 39.61982], [-7.45747, 39.61983], [-7.45748, 39.61929], [-7.45702, 39.61928]]], [[[-7.44895, 39.60476], [-7.44919, 39.60458], [-7.44919, 39.60476], [-7.44895, 39.60476]]], [[[-7.4508, 39.60568], [-7.45103, 39.60551], [-7.45103, 39.60569], [-7.4508, 39.60568]]], [[[-7.45102, 39.60605], [-7.45126, 39.60587], [-7.45126, 39.60605], [-7.45102, 39.60605]]], [[[-7.4466, 39.60599], [-7.44612, 39.60652], [-7.4459, 39.60598], [-7.4466, 39.60599]]], [[[-7.44728, 39.60654], [-7.44706, 39.60636], [-7.44729, 39.60636], [-7.44728, 39.60654]]], [[[-7.4503, 39.60694], [-7.45054, 39.60676], [-7.45054, 39.60694], [-7.4503, 39.60694]]], [[[-7.44424, 39.6074], [-7.44447, 39.60722], [-7.44447, 39.6074], [-7.44424, 39.6074]]], [[[-7.44703, 39.60762], [-7.44633, 39.60761], [-7.44634, 39.60707], [-7.44727, 39.60708], [-7.44703, 39.60762]]], [[[-7.45076, 39.60749], [-7.45099, 39.60731], [-7.45099, 39.60749], [-7.45076, 39.60749]]], [[[-7.44492, 39.60795], [-7.44517, 39.60741], [-7.44516, 39.60795], [-7.44492, 39.60795]]], [[[-7.44954, 39.60981], [-7.44936, 39.60747], [-7.45029, 39.60766], [-7.45074, 39.60839], [-7.45167, 39.60822], [-7.45167, 39.60858], [-7.45236, 39.60859], [-7.45236, 39.60895], [-7.45188, 39.6093], [-7.45142, 39.6093], [-7.45142, 39.60894], [-7.45073, 39.60893], [-7.45072, 39.60929], [-7.44979, 39.6091], [-7.45001, 39.60982], [-7.44954, 39.60981]]], [[[-7.4435, 39.60919], [-7.44375, 39.60811], [-7.44329, 39.60811], [-7.4433, 39.60775], [-7.44377, 39.60757], [-7.44399, 39.60794], [-7.44492, 39.60795], [-7.4449, 39.60885], [-7.44607, 39.60887], [-7.44606, 39.60923], [-7.44512, 39.60957], [-7.4435, 39.60919]]], [[[-7.44674, 39.60996], [-7.44721, 39.60978], [-7.44721, 39.60996], [-7.44674, 39.60996]]], [[[-7.44744, 39.61014], [-7.44767, 39.60997], [-7.44767, 39.61015], [-7.44744, 39.61014]]], [[[-7.45185, 39.61074], [-7.45208, 39.61093], [-7.45185, 39.61092], [-7.45185, 39.61074]]], [[[-7.45067, 39.61145], [-7.45042, 39.61199], [-7.45044, 39.61127], [-7.44951, 39.61107], [-7.44976, 39.61054], [-7.45022, 39.61054], [-7.45024, 39.61], [-7.45093, 39.61001], [-7.45115, 39.61092], [-7.45185, 39.61092], [-7.45183, 39.61183], [-7.4516, 39.61128], [-7.45067, 39.61145]]], [[[-7.45277, 39.6113], [-7.45301, 39.61112], [-7.453, 39.6113], [-7.45277, 39.6113]]], [[[-7.45065, 39.61217], [-7.45112, 39.612], [-7.45112, 39.61218], [-7.45065, 39.61217]]]]}, "properties": {"incendio": "IN-20261007-004", "ha": 32.8, "severidad": {"baja": 29.8, "moderada": 3.1, "alta": 0.0}, "imagenes": ["2026-10-07", "2026-10-10"], "definitivo": false, "nublado": false, "una_imagen": 0.77, "fecha_antes": "2026-09-25", "fecha_despues": "2026-10-10"}}, {"type": "Feature", "geometry": {"type": "MultiPolygon", "coordinates": [[[[-7.0086, 39.65679], [-7.00884, 39.65661], [-7.00883, 39.65679], [-7.0086, 39.65679]]], [[[-7.00906, 39.65679], [-7.00929, 39.65698], [-7.00906, 39.65697], [-7.00906, 39.65679]]], [[[-7.00601, 39.65746], [-7.00532, 39.65709], [-7.00602, 39.6571], [-7.00601, 39.65746]]], [[[-7.00834, 39.65768], [-7.00857, 39.65787], [-7.00833, 39.65786], [-7.00834, 39.65768]]], [[[-7.00879, 39.65805], [-7.00902, 39.65823], [-7.00879, 39.65823], [-7.00879, 39.65805]]], [[[-7.00714, 39.65874], [-7.00738, 39.65857], [-7.00807, 39.65876], [-7.00714, 39.65874]]], [[[-7.00196, 39.66064], [-7.00223, 39.65938], [-7.00177, 39.65919], [-7.00317, 39.65903], [-7.00318, 39.65867], [-7.00388, 39.65869], [-7.00408, 39.65977], [-7.00478, 39.65978], [-7.00502, 39.65943], [-7.00501, 39.65979], [-7.0057, 39.66016], [-7.00569, 39.6607], [-7.00522, 39.66087], [-7.00196, 39.66064]]]]}, "properties": {"incendio": "IN-20261007-008", "ha": 5.1, "severidad": {"baja": 4.9, "moderada": 0.2, "alta": 0.0}, "imagenes": ["2026-10-10"], "definitivo": false, "nublado": false, "una_imagen": 1.0, "fecha_antes": "2026-09-25", "fecha_despues": "2026-10-10"}}, {"type": "Feature", "geometry": {"type": "Polygon", "coordinates": [[[-1.60974, 38.67276], [-1.60998, 38.6724], [-1.60975, 38.6724], [-1.60974, 38.67276]]]}, "properties": {"incendio": "IN-20261008-005", "ha": 0.1, "severidad": {"baja": 0.1, "moderada": 0.0, "alta": 0.0}, "imagenes": ["2026-10-08", "2026-10-09"], "definitivo": false, "nublado": false, "una_imagen": 0.0, "fecha_antes": "2026-09-24", "fecha_despues": "2026-10-09"}}, {"type": "Feature", "geometry": {"type": "MultiPolygon", "coordinates": [[[[0.56998, 41.57155], [0.57166, 41.57159], [0.57193, 41.57088], [0.57288, 41.57108], [0.5729, 41.57054], [0.57338, 41.57055], [0.57365, 41.56965], [0.5746, 41.56985], [0.57462, 41.56949], [0.5751, 41.56932], [0.5744, 41.56895], [0.57344, 41.56893], [0.57372, 41.56785], [0.57324, 41.56784], [0.57281, 41.56639], [0.57186, 41.56619], [0.57189, 41.56547], [0.57261, 41.56549], [0.57216, 41.56458], [0.5712, 41.56456], [0.57122, 41.56402], [0.57026, 41.56418], [0.57055, 41.56292], [0.57274, 41.56207], [0.57327, 41.56064], [0.5721, 41.55989], [0.57114, 41.55987], [0.57093, 41.55915], [0.57067, 41.5595], [0.56948, 41.55948], [0.56994, 41.55985], [0.56991, 41.56075], [0.56822, 41.56089], [0.56853, 41.5591], [0.56925, 41.55911], [0.56976, 41.5584], [0.56759, 41.55854], [0.5678, 41.55926], [0.56828, 41.55927], [0.56826, 41.55981], [0.56754, 41.55998], [0.56752, 41.56052], [0.56609, 41.5603], [0.56627, 41.56193], [0.56459, 41.56171], [0.56479, 41.56298], [0.56405, 41.56332], [0.56453, 41.56333], [0.56452, 41.56369], [0.5662, 41.56373], [0.56618, 41.56427], [0.56665, 41.56446], [0.56637, 41.56553], [0.56685, 41.56554], [0.56683, 41.56608], [0.56611, 41.56607], [0.56613, 41.56553], [0.56541, 41.56551], [0.56543, 41.56497], [0.56471, 41.56496], [0.56491, 41.56622], [0.56419, 41.56621], [0.5642, 41.56585], [0.56372, 41.56584], [0.5625, 41.56653], [0.56154, 41.56651], [0.56158, 41.56525], [0.56112, 41.5647], [0.5604, 41.56487], [0.56014, 41.5654], [0.55966, 41.56539], [0.55963, 41.56611], [0.55891, 41.5661], [0.55871, 41.56519], [0.55823, 41.56518], [0.55778, 41.56445], [0.5573, 41.56444], [0.55701, 41.5657], [0.55605, 41.56568], [0.55608, 41.56496], [0.55536, 41.56494], [0.55509, 41.56566], [0.55389, 41.56563], [0.55387, 41.56635], [0.55483, 41.56637], [0.55528, 41.5671], [0.55599, 41.5673], [0.55597, 41.56784], [0.55524, 41.568], [0.55498, 41.56853], [0.55642, 41.56875], [0.55661, 41.57001], [0.55687, 41.5693], [0.55759, 41.56931], [0.55787, 41.56842], [0.55859, 41.56825], [0.55841, 41.56681], [0.55913, 41.56682], [0.55911, 41.56718], [0.55959, 41.56737], [0.55932, 41.56809], [0.5598, 41.5681], [0.55981, 41.56774], [0.56053, 41.56775], [0.561, 41.56812], [0.56098, 41.56866], [0.56194, 41.5685], [0.56217, 41.56887], [0.56218, 41.56851], [0.56267, 41.56834], [0.5615, 41.56759], [0.56152, 41.56705], [0.56247, 41.56707], [0.56389, 41.56764], [0.56415, 41.56729], [0.56462, 41.5673], [0.56466, 41.5664], [0.56538, 41.56641], [0.56676, 41.56788], [0.56772, 41.5679], [0.56769, 41.56862], [0.56721, 41.56861], [0.56719, 41.56915], [0.5667, 41.5695], [0.56767, 41.56934], [0.56793, 41.56863], [0.56842, 41.56846], [0.56984, 41.56885], [0.56957, 41.56974], [0.57029, 41.56976], [0.5705, 41.57049], [0.56953, 41.57082], [0.57, 41.57102], [0.56998, 41.57155]], [[0.56942, 41.5674], [0.56944, 41.56686], [0.57087, 41.56707], [0.57085, 41.56761], [0.56942, 41.5674]], [[0.5667, 41.5632], [0.5665, 41.56211], [0.56698, 41.56212], [0.567, 41.56158], [0.56772, 41.5616], [0.5679, 41.56305], [0.56886, 41.56307], [0.56907, 41.56379], [0.56787, 41.56394], [0.5679, 41.56322], [0.5667, 41.5632]], [[0.57131, 41.56168], [0.57128, 41.5624], [0.57033, 41.56238], [0.57035, 41.56166], [0.57131, 41.56168]]], [[[0.5593, 41.56863], [0.55907, 41.56844], [0.55906, 41.56862], [0.5593, 41.56863]]], [[[0.56956, 41.56992], [0.56909, 41.56973], [0.56908, 41.56991], [0.56956, 41.56992]]], [[[0.54979, 41.57275], [0.55002, 41.57293], [0.55003, 41.57275], [0.54979, 41.57275]]], [[[0.55023, 41.57366], [0.55141, 41.57422], [0.55166, 41.57387], [0.55238, 41.57388], [0.55236, 41.57442], [0.55501, 41.5743], [0.55499, 41.57466], [0.55642, 41.57487], [0.5564, 41.57559], [0.55591, 41.57576], [0.55564, 41.57647], [0.55445, 41.57645], [0.55443, 41.57699], [0.55346, 41.57715], [0.55345, 41.57751], [0.55488, 41.57754], [0.55486, 41.57808], [0.55414, 41.57806], [0.55389, 41.57842], [0.55436, 41.57861], [0.55435, 41.57897], [0.55578, 41.57936], [0.55655, 41.57793], [0.55636, 41.57667], [0.55737, 41.57525], [0.55857, 41.5751], [0.55856, 41.57546], [0.55952, 41.57548], [0.55953, 41.57512], [0.55858, 41.57492], [0.55863, 41.57366], [0.55718, 41.57381], [0.55766, 41.574], [0.55763, 41.57472], [0.55643, 41.57469], [0.55677, 41.57218], [0.55748, 41.57219], [0.55768, 41.57328], [0.55824, 41.57113], [0.559, 41.57006], [0.55759, 41.56931], [0.55757, 41.57003], [0.5568, 41.57128], [0.55584, 41.57126], [0.55537, 41.57106], [0.55538, 41.5707], [0.55466, 41.57087], [0.55464, 41.57141], [0.55535, 41.5716], [0.55556, 41.57233], [0.55527, 41.57376], [0.55455, 41.57375], [0.55457, 41.57321], [0.55409, 41.5732], [0.55439, 41.57158], [0.5527, 41.57173], [0.55289, 41.57317], [0.55241, 41.57316], [0.55239, 41.5737], [0.55167, 41.57369], [0.55169, 41.57333], [0.55098, 41.57295], [0.55002, 41.57293], [0.55023, 41.57366]]]]}, "properties": {"incendio": "IN-20261008-006", "ha": 102.9, "severidad": {"baja": 81.6, "moderada": 19.8, "alta": 1.4}, "imagenes": ["2026-10-08"], "definitivo": false, "nublado": false, "una_imagen": 1.0, "fecha_antes": "2026-09-21", "fecha_despues": "2026-10-08"}}, {"type": "Feature", "geometry": {"type": "Polygon", "coordinates": [[[-4.52837, 37.76408], [-4.52859, 37.76354], [-4.53038, 37.76244], [-4.53037, 37.7619], [-4.53173, 37.7617], [-4.53194, 37.76097], [-4.53079, 37.76009], [-4.53078, 37.75955], [-4.53146, 37.75936], [-4.53145, 37.759], [-4.53212, 37.75845], [-4.53211, 37.75791], [-4.53301, 37.75772], [-4.53344, 37.75663], [-4.5339, 37.75662], [-4.53457, 37.75607], [-4.53522, 37.75462], [-4.53408, 37.75446], [-4.53409, 37.75482], [-4.53363, 37.75482], [-4.53319, 37.75555], [-4.53115, 37.75558], [-4.53094, 37.75648], [-4.52982, 37.75686], [-4.52915, 37.75759], [-4.52847, 37.75759], [-4.52823, 37.75688], [-4.52732, 37.75707], [-4.52731, 37.75635], [-4.52889, 37.75597], [-4.52933, 37.75542], [-4.52865, 37.75543], [-4.52753, 37.75616], [-4.52232, 37.75659], [-4.52119, 37.75715], [-4.52122, 37.75823], [-4.52326, 37.75802], [-4.5237, 37.75766], [-4.52484, 37.75764], [-4.52483, 37.75728], [-4.52574, 37.75727], [-4.52575, 37.75781], [-4.52484, 37.75782], [-4.52485, 37.75818], [-4.52349, 37.75856], [-4.52399, 37.76072], [-4.52493, 37.76197], [-4.52584, 37.76232], [-4.52609, 37.76339], [-4.52745, 37.76338], [-4.52837, 37.76408]]]}, "properties": {"incendio": "IN-20261008-007", "ha": 55.2, "severidad": {"baja": 37.0, "moderada": 18.2, "alta": 0.0}, "imagenes": ["2026-10-09"], "definitivo": false, "nublado": false, "una_imagen": 1.0, "fecha_antes": "2026-10-02", "fecha_despues": "2026-10-09"}}, {"type": "Feature", "geometry": {"type": "MultiPolygon", "coordinates": [[[[-0.21682, 39.71311], [-0.21662, 39.71238], [-0.21685, 39.71239], [-0.21682, 39.71311]]], [[[-0.22681, 39.71407], [-0.22448, 39.71401], [-0.22426, 39.71365], [-0.22474, 39.7133], [-0.22614, 39.71333], [-0.22683, 39.71371], [-0.22681, 39.71407]]], [[[-0.22466, 39.71546], [-0.22491, 39.7151], [-0.22489, 39.71546], [-0.22466, 39.71546]]]]}, "properties": {"incendio": "IN-20261008-014", "ha": 1.5, "severidad": {"baja": 0.5, "moderada": 0.9, "alta": 0.1}, "imagenes": ["2026-10-08"], "definitivo": false, "nublado": false, "una_imagen": 1.0, "fecha_antes": "2026-09-26", "fecha_despues": "2026-10-08"}}, {"type": "Feature", "geometry": {"type": "MultiPolygon", "coordinates": [[[[-3.57418, 40.517], [-3.57394, 40.51718], [-3.57394, 40.517], [-3.57418, 40.517]]], [[[-3.5834, 40.51912], [-3.5834, 40.51875], [-3.58387, 40.51875], [-3.58386, 40.51803], [-3.58316, 40.51804], [-3.58315, 40.51768], [-3.58528, 40.51766], [-3.5867, 40.51838], [-3.58671, 40.51892], [-3.58553, 40.5191], [-3.58553, 40.51965], [-3.58459, 40.51947], [-3.58458, 40.51911], [-3.5834, 40.51912]]], [[[-3.58271, 40.52074], [-3.58247, 40.52038], [-3.5827, 40.52038], [-3.58271, 40.52074]]], [[[-3.58083, 40.52183], [-3.58059, 40.52165], [-3.58083, 40.52165], [-3.58083, 40.52183]]], [[[-3.58673, 40.52216], [-3.5865, 40.52198], [-3.58673, 40.52198], [-3.58673, 40.52216]]], [[[-3.58745, 40.52252], [-3.5872, 40.5218], [-3.58791, 40.52161], [-3.58815, 40.52197], [-3.58862, 40.52197], [-3.58886, 40.52269], [-3.58839, 40.52287], [-3.58839, 40.52233], [-3.58745, 40.52252]]], [[[-3.58162, 40.53138], [-3.58138, 40.53102], [-3.58091, 40.53102], [-3.5809, 40.52994], [-3.58019, 40.52994], [-3.58042, 40.52922], [-3.58089, 40.52922], [-3.58089, 40.52868], [-3.58042, 40.52868], [-3.58018, 40.52832], [-3.58088, 40.52814], [-3.58088, 40.5276], [-3.58017, 40.52742], [-3.58135, 40.52723], [-3.58134, 40.52669], [-3.58087, 40.5267], [-3.58134, 40.52651], [-3.58134, 40.52597], [-3.58086, 40.52597], [-3.58062, 40.52526], [-3.58133, 40.52525], [-3.58133, 40.52471], [-3.58014, 40.52454], [-3.58061, 40.52435], [-3.58061, 40.52381], [-3.5799, 40.52382], [-3.57989, 40.5231], [-3.58084, 40.52309], [-3.5806, 40.52237], [-3.58107, 40.52237], [-3.5813, 40.52183], [-3.58154, 40.52273], [-3.58225, 40.52272], [-3.58226, 40.52345], [-3.58344, 40.52362], [-3.58367, 40.5229], [-3.5832, 40.5229], [-3.5832, 40.52254], [-3.5839, 40.52254], [-3.5839, 40.522], [-3.58319, 40.52182], [-3.5839, 40.52182], [-3.58389, 40.52109], [-3.58318, 40.52092], [-3.58341, 40.52056], [-3.58365, 40.52092], [-3.58436, 40.52091], [-3.58483, 40.52019], [-3.58507, 40.52091], [-3.58672, 40.52072], [-3.58672, 40.52108], [-3.58743, 40.52108], [-3.58555, 40.52127], [-3.58555, 40.52217], [-3.5865, 40.52216], [-3.5865, 40.5227], [-3.58745, 40.5227], [-3.58745, 40.52324], [-3.58792, 40.52324], [-3.58746, 40.52432], [-3.58722, 40.5236], [-3.58627, 40.52361], [-3.58628, 40.52415], [-3.58604, 40.52379], [-3.5851, 40.52379], [-3.5851, 40.52433], [-3.58557, 40.52433], [-3.58582, 40.52577], [-3.58653, 40.52577], [-3.58653, 40.52541], [-3.58747, 40.52522], [-3.58889, 40.52521], [-3.5889, 40.52629], [-3.58748, 40.5263], [-3.58748, 40.52702], [-3.58867, 40.5272], [-3.5889, 40.52684], [-3.58914, 40.52755], [-3.59009, 40.52755], [-3.59009, 40.52809], [-3.59056, 40.52809], [-3.59057, 40.52845], [-3.58915, 40.52882], [-3.58915, 40.52828], [-3.5882, 40.52828], [-3.58821, 40.52864], [-3.58726, 40.52883], [-3.58726, 40.52828], [-3.58655, 40.52829], [-3.58656, 40.52883], [-3.58703, 40.52901], [-3.58609, 40.52919], [-3.58515, 40.52992], [-3.5842, 40.52992], [-3.58421, 40.53028], [-3.58374, 40.53046], [-3.58303, 40.53047], [-3.5828, 40.53155], [-3.58256, 40.53119], [-3.58162, 40.53138]]], [[[-3.59078, 40.52592], [-3.59031, 40.52611], [-3.59031, 40.52593], [-3.59078, 40.52592]]], [[[-3.58984, 40.52629], [-3.5896, 40.52611], [-3.58984, 40.52611], [-3.58984, 40.52629]]], [[[-3.58351, 40.53155], [-3.58421, 40.53082], [-3.58515, 40.53046], [-3.58563, 40.53064], [-3.58516, 40.531], [-3.58516, 40.53154], [-3.58422, 40.53172], [-3.58351, 40.53155]]], [[[-3.57173, 40.53485], [-3.5715, 40.53521], [-3.57126, 40.53521], [-3.57126, 40.53485], [-3.57173, 40.53485]]], [[[-3.57079, 40.53539], [-3.57103, 40.53575], [-3.57104, 40.53665], [-3.57056, 40.5363], [-3.57079, 40.53539]]], [[[-3.56844, 40.53685], [-3.56773, 40.53667], [-3.56844, 40.53667], [-3.56866, 40.53504], [-3.56867, 40.53558], [-3.56985, 40.53558], [-3.56938, 40.53594], [-3.56938, 40.53666], [-3.57009, 40.53684], [-3.5701, 40.53774], [-3.56986, 40.53702], [-3.56844, 40.53721], [-3.56844, 40.53685]]], [[[-3.57082, 40.53846], [-3.56916, 40.53847], [-3.56939, 40.53774], [-3.56987, 40.53774], [-3.56987, 40.53828], [-3.57081, 40.5381], [-3.57082, 40.53846]]], [[[-3.57049, 40.52765], [-3.56978, 40.52747], [-3.5693, 40.52639], [-3.56883, 40.5264], [-3.56882, 40.52603], [-3.56977, 40.52603], [-3.57047, 40.52567], [-3.57047, 40.52495], [-3.56952, 40.52477], [-3.56951, 40.52351], [-3.56998, 40.52351], [-3.56998, 40.52297], [-3.56785, 40.5228], [-3.56786, 40.52334], [-3.56715, 40.52334], [-3.56715, 40.5237], [-3.56644, 40.52406], [-3.56646, 40.52533], [-3.56527, 40.52533], [-3.56598, 40.52497], [-3.56598, 40.52443], [-3.56502, 40.52371], [-3.56502, 40.52299], [-3.56454, 40.52263], [-3.56336, 40.52264], [-3.56336, 40.5221], [-3.56289, 40.5221], [-3.56265, 40.52174], [-3.56264, 40.52138], [-3.56311, 40.5212], [-3.56287, 40.52012], [-3.56308, 40.51741], [-3.56356, 40.51741], [-3.56331, 40.51651], [-3.56426, 40.51651], [-3.56426, 40.51687], [-3.56473, 40.51687], [-3.56474, 40.51795], [-3.56427, 40.51795], [-3.56427, 40.51849], [-3.56616, 40.51848], [-3.56639, 40.51794], [-3.56664, 40.51884], [-3.56545, 40.51866], [-3.56547, 40.51993], [-3.56617, 40.51992], [-3.56664, 40.51902], [-3.56758, 40.51883], [-3.56757, 40.51775], [-3.56662, 40.51704], [-3.56851, 40.51703], [-3.56852, 40.51793], [-3.56805, 40.51847], [-3.56807, 40.52117], [-3.56878, 40.52117], [-3.56877, 40.51955], [-3.56924, 40.51919], [-3.56923, 40.51847], [-3.56971, 40.51918], [-3.57065, 40.51918], [-3.57064, 40.5181], [-3.56947, 40.51828], [-3.56946, 40.51738], [-3.57016, 40.51648], [-3.57134, 40.51683], [-3.57134, 40.51719], [-3.57087, 40.5172], [-3.57088, 40.51774], [-3.57159, 40.51773], [-3.57158, 40.51737], [-3.57205, 40.51737], [-3.57228, 40.51647], [-3.57253, 40.51719], [-3.57394, 40.51718], [-3.57253, 40.51737], [-3.57254, 40.51935], [-3.5723, 40.51899], [-3.57089, 40.51918], [-3.57089, 40.51972], [-3.57184, 40.51953], [-3.57208, 40.51989], [-3.57233, 40.52205], [-3.57186, 40.52242], [-3.57187, 40.5235], [-3.5714, 40.52422], [-3.57165, 40.5253], [-3.57071, 40.5253], [-3.57071, 40.52585], [-3.57165, 40.52584], [-3.57167, 40.52818], [-3.57049, 40.52801], [-3.57049, 40.52765]], [[-3.56689, 40.521], [-3.56595, 40.52082], [-3.56594, 40.52028], [-3.565, 40.52029], [-3.565, 40.52083], [-3.56571, 40.52082], [-3.56572, 40.52173], [-3.5669, 40.52154], [-3.56689, 40.521]], [[-3.5723, 40.51863], [-3.5723, 40.51809], [-3.57088, 40.5181], [-3.57088, 40.51864], [-3.5723, 40.51863]]], [[[-3.56763, 40.5246], [-3.56739, 40.52442], [-3.56763, 40.52442], [-3.56763, 40.5246]]], [[[-3.56882, 40.52585], [-3.56835, 40.52568], [-3.56882, 40.52567], [-3.56882, 40.52585]]], [[[-3.56505, 40.52713], [-3.56481, 40.52659], [-3.56505, 40.52659], [-3.56505, 40.52713]]], [[[-3.56553, 40.52713], [-3.56553, 40.52749], [-3.56506, 40.52749], [-3.56505, 40.52713], [-3.56553, 40.52713]]], [[[-3.56647, 40.52749], [-3.56624, 40.52731], [-3.56647, 40.52731], [-3.56647, 40.52749]]], [[[-3.56742, 40.52784], [-3.56743, 40.52856], [-3.56672, 40.52875], [-3.56671, 40.52803], [-3.56742, 40.52784]]], [[[-3.56391, 40.532], [-3.56297, 40.53219], [-3.56297, 40.53201], [-3.56391, 40.532]]], [[[-3.56415, 40.53236], [-3.56392, 40.53218], [-3.56415, 40.53218], [-3.56415, 40.53236]]], [[[-3.56298, 40.53291], [-3.56274, 40.53273], [-3.56298, 40.53273], [-3.56298, 40.53291]]], [[[-3.5663, 40.53488], [-3.5663, 40.53452], [-3.56677, 40.53451], [-3.56677, 40.53487], [-3.5663, 40.53488]]], [[[-3.56417, 40.53453], [-3.56418, 40.53543], [-3.56371, 40.53543], [-3.5637, 40.53489], [-3.56417, 40.53453]]], [[[-3.56562, 40.5383], [-3.56584, 40.5365], [-3.56584, 40.53686], [-3.56726, 40.53721], [-3.56656, 40.53722], [-3.56656, 40.53776], [-3.56609, 40.53776], [-3.56609, 40.53812], [-3.56562, 40.5383]]], [[[-3.55904, 40.54212], [-3.55855, 40.54032], [-3.5576, 40.53996], [-3.5576, 40.5396], [-3.55665, 40.53889], [-3.55547, 40.53871], [-3.55616, 40.53637], [-3.55379, 40.5362], [-3.55357, 40.5371], [-3.55405, 40.53818], [-3.55357, 40.53818], [-3.55309, 40.5371], [-3.55309, 40.53638], [-3.55356, 40.5362], [-3.55356, 40.53584], [-3.55426, 40.53584], [-3.55497, 40.53529], [-3.55686, 40.53528], [-3.5571, 40.536], [-3.55663, 40.53618], [-3.55663, 40.53672], [-3.55758, 40.5369], [-3.55759, 40.53798], [-3.5583, 40.53798], [-3.55829, 40.53744], [-3.56065, 40.53743], [-3.56065, 40.53689], [-3.56254, 40.53688], [-3.563, 40.53525], [-3.56324, 40.53651], [-3.56395, 40.53651], [-3.56325, 40.53687], [-3.56302, 40.53832], [-3.56373, 40.53831], [-3.56396, 40.53741], [-3.56397, 40.53831], [-3.56491, 40.53849], [-3.56468, 40.53885], [-3.56397, 40.53885], [-3.56398, 40.53939], [-3.56492, 40.53921], [-3.56493, 40.54011], [-3.56588, 40.541], [-3.56588, 40.54154], [-3.56683, 40.5419], [-3.56423, 40.54209], [-3.56423, 40.54137], [-3.56328, 40.54138], [-3.56329, 40.54192], [-3.56305, 40.54156], [-3.56116, 40.54157], [-3.56093, 40.54229], [-3.5614, 40.54247], [-3.55999, 40.54301], [-3.55952, 40.54302], [-3.55951, 40.5423], [-3.5588, 40.5423], [-3.55904, 40.54212]]]]}, "properties": {"incendio": "IN-20261008-021", "ha": 153.3, "severidad": {"baja": 148.3, "moderada": 5.0, "alta": 0.0}, "imagenes": ["2026-10-09"], "definitivo": false, "nublado": false, "una_imagen": 1.0, "fecha_antes": "2026-09-24", "fecha_despues": "2026-10-09"}}, {"type": "Feature", "geometry": {"type": "Polygon", "coordinates": [[[-2.10119, 39.58965], [-2.10143, 39.58947], [-2.10119, 39.58947], [-2.10119, 39.58965]]]}, "properties": {"incendio": "IN-20261008-024", "ha": 0.0, "severidad": {"baja": 0.0, "moderada": 0.0, "alta": 0.0}, "imagenes": ["2026-10-09"], "definitivo": false, "nublado": false, "una_imagen": 1.0, "fecha_antes": "2026-09-26", "fecha_despues": "2026-10-09"}}, {"type": "Feature", "geometry": {"type": "MultiPolygon", "coordinates": [[[[-3.26399, 40.70749], [-3.26375, 40.70713], [-3.26399, 40.70713], [-3.26399, 40.70749]]], [[[-3.26494, 40.70749], [-3.26684, 40.7082], [-3.26684, 40.70856], [-3.26755, 40.70856], [-3.26779, 40.7091], [-3.26921, 40.70928], [-3.2692, 40.70802], [-3.26778, 40.70784], [-3.26541, 40.70695], [-3.26541, 40.70659], [-3.26612, 40.70622], [-3.26611, 40.70532], [-3.26469, 40.70515], [-3.26469, 40.70479], [-3.26634, 40.70316], [-3.26871, 40.70424], [-3.26872, 40.7064], [-3.2692, 40.70694], [-3.27133, 40.70729], [-3.27181, 40.70765], [-3.27275, 40.70765], [-3.27276, 40.70963], [-3.27205, 40.71035], [-3.27206, 40.71089], [-3.27158, 40.71126], [-3.26969, 40.7109], [-3.26969, 40.71144], [-3.27016, 40.71144], [-3.2704, 40.71198], [-3.26922, 40.71198], [-3.26922, 40.71288], [-3.26827, 40.71271], [-3.26827, 40.71234], [-3.26756, 40.71235], [-3.26756, 40.71289], [-3.26709, 40.71307], [-3.26638, 40.71307], [-3.26543, 40.71253], [-3.26449, 40.71253], [-3.26425, 40.71217], [-3.26259, 40.712], [-3.26235, 40.71164], [-3.2614, 40.71164], [-3.26045, 40.71092], [-3.25951, 40.71092], [-3.25975, 40.71164], [-3.25927, 40.71182], [-3.25928, 40.71273], [-3.25975, 40.7129], [-3.25928, 40.71291], [-3.25928, 40.71345], [-3.26023, 40.71362], [-3.26046, 40.71326], [-3.2607, 40.7138], [-3.25976, 40.71453], [-3.25976, 40.71579], [-3.25929, 40.71597], [-3.25882, 40.71723], [-3.25811, 40.71741], [-3.25811, 40.71795], [-3.25787, 40.71723], [-3.25834, 40.71579], [-3.25763, 40.71561], [-3.25739, 40.71507], [-3.25644, 40.71507], [-3.25597, 40.7158], [-3.25408, 40.71562], [-3.25361, 40.71598], [-3.25361, 40.7167], [-3.25408, 40.7167], [-3.25408, 40.71706], [-3.25337, 40.71688], [-3.25313, 40.71562], [-3.25147, 40.71509], [-3.25147, 40.714], [-3.25313, 40.71436], [-3.25502, 40.71436], [-3.25597, 40.71417], [-3.25644, 40.71363], [-3.25715, 40.71453], [-3.2581, 40.71453], [-3.25833, 40.71381], [-3.25739, 40.71363], [-3.25715, 40.71327], [-3.25809, 40.71237], [-3.25856, 40.71057], [-3.25903, 40.71056], [-3.25903, 40.7102], [-3.25974, 40.7102], [-3.25974, 40.70966], [-3.26021, 40.70966], [-3.26021, 40.70876], [-3.26092, 40.70804], [-3.26163, 40.70894], [-3.26352, 40.70911], [-3.26376, 40.70857], [-3.26518, 40.70947], [-3.26637, 40.70947], [-3.26613, 40.71019], [-3.26685, 40.71055], [-3.26756, 40.71054], [-3.26755, 40.71018], [-3.26803, 40.71018], [-3.26827, 40.71054], [-3.26969, 40.71054], [-3.26968, 40.71], [-3.26897, 40.71], [-3.26897, 40.70946], [-3.26637, 40.70929], [-3.26565, 40.70821], [-3.26447, 40.70839], [-3.26399, 40.70749], [-3.26494, 40.70749]], [[-3.26659, 40.70496], [-3.26682, 40.70424], [-3.2654, 40.70442], [-3.26564, 40.70514], [-3.26659, 40.70496]]]]}, "properties": {"incendio": "IN-20261008-025", "ha": 68.8, "severidad": {"baja": 68.7, "moderada": 0.1, "alta": 0.0}, "imagenes": ["2026-10-09"], "definitivo": false, "nublado": false, "una_imagen": 1.0, "fecha_antes": "2026-09-24", "fecha_despues": "2026-10-09"}}, {"type": "Feature", "geometry": {"type": "MultiPolygon", "coordinates": [[[[-4.11018, 39.93146], [-4.11228, 39.93126], [-4.11227, 39.93072], [-4.11156, 39.93019], [-4.11226, 39.93018], [-4.11298, 39.93089], [-4.11251, 39.93108], [-4.11252, 39.9318], [-4.11135, 39.93163], [-4.11088, 39.93181], [-4.11089, 39.93235], [-4.10996, 39.93236], [-4.11018, 39.93146]]], [[[-4.10362, 39.93134], [-4.10292, 39.93135], [-4.10291, 39.93099], [-4.10479, 39.93115], [-4.10456, 39.93169], [-4.10386, 39.9317], [-4.10362, 39.93134]]], [[[-4.10292, 39.93135], [-4.10269, 39.93153], [-4.10268, 39.93135], [-4.10292, 39.93135]]], [[[-4.1062, 39.93186], [-4.10597, 39.93204], [-4.10597, 39.93186], [-4.1062, 39.93186]]], [[[-4.10247, 39.9328], [-4.10224, 39.93298], [-4.10224, 39.9328], [-4.10247, 39.9328]]], [[[-4.10062, 39.93371], [-4.10038, 39.9339], [-4.10038, 39.93372], [-4.10062, 39.93371]]], [[[-4.10134, 39.93497], [-4.10132, 39.93371], [-4.10272, 39.93387], [-4.10298, 39.93549], [-4.10392, 39.93566], [-4.10276, 39.93586], [-4.10274, 39.93514], [-4.10134, 39.93497]]], [[[-4.10276, 39.93604], [-4.10252, 39.93586], [-4.10276, 39.93586], [-4.10276, 39.93604]]], [[[-4.10518, 39.94106], [-4.10516, 39.93962], [-4.10329, 39.93982], [-4.1035, 39.93855], [-4.10584, 39.93835], [-4.10772, 39.93887], [-4.10843, 39.93941], [-4.10844, 39.94013], [-4.10798, 39.94049], [-4.10774, 39.94013], [-4.10657, 39.93996], [-4.10657, 39.94032], [-4.10587, 39.94033], [-4.10588, 39.94087], [-4.10635, 39.94087], [-4.10635, 39.94123], [-4.10425, 39.94143], [-4.10518, 39.94106]], [[-4.10539, 39.93943], [-4.10609, 39.93943], [-4.10608, 39.93871], [-4.10514, 39.93872], [-4.10539, 39.93943]]], [[[-4.09632, 39.92871], [-4.09585, 39.92871], [-4.09584, 39.92763], [-4.0963, 39.92763], [-4.0963, 39.92727], [-4.09723, 39.9269], [-4.09748, 39.92798], [-4.09818, 39.92797], [-4.09843, 39.92869], [-4.09796, 39.92869], [-4.09797, 39.92941], [-4.09728, 39.92996], [-4.09658, 39.92997], [-4.09632, 39.92871]]], [[[-4.09495, 39.9307], [-4.09472, 39.93089], [-4.09472, 39.93071], [-4.09495, 39.9307]]], [[[-4.09942, 39.93246], [-4.09895, 39.93175], [-4.10035, 39.93173], [-4.09989, 39.93246], [-4.09942, 39.93246]]], [[[-4.10013, 39.93282], [-4.0999, 39.933], [-4.0999, 39.93282], [-4.10013, 39.93282]]], [[[-4.09522, 39.93286], [-4.09499, 39.93305], [-4.09498, 39.93287], [-4.09522, 39.93286]]], [[[-4.10038, 39.93354], [-4.10015, 39.93372], [-4.10014, 39.93354], [-4.10038, 39.93354]]], [[[-4.09693, 39.93735], [-4.0967, 39.93754], [-4.09669, 39.93736], [-4.09693, 39.93735]]], [[[-4.09675, 39.94096], [-4.09652, 39.94114], [-4.09652, 39.94096], [-4.09675, 39.94096]]], [[[-4.09675, 39.94096], [-4.09743, 39.93915], [-4.09696, 39.93915], [-4.09671, 39.93826], [-4.10069, 39.9384], [-4.10093, 39.93876], [-4.10257, 39.9391], [-4.10259, 39.94], [-4.10189, 39.94037], [-4.10191, 39.94127], [-4.10285, 39.94144], [-4.10307, 39.94108], [-4.10308, 39.94162], [-4.10425, 39.94143], [-4.10426, 39.94215], [-4.1038, 39.94251], [-4.10263, 39.94234], [-4.10265, 39.94397], [-4.10312, 39.94414], [-4.10361, 39.9454], [-4.10339, 39.9463], [-4.10222, 39.94649], [-4.10223, 39.94703], [-4.10177, 39.94704], [-4.10177, 39.9474], [-4.09966, 39.94688], [-4.09894, 39.94616], [-4.09847, 39.94617], [-4.09822, 39.94509], [-4.09728, 39.94492], [-4.09775, 39.94473], [-4.09772, 39.94275], [-4.10123, 39.94308], [-4.10122, 39.94254], [-4.10028, 39.94219], [-4.10098, 39.94164], [-4.10096, 39.94092], [-4.10026, 39.94093], [-4.0998, 39.94129], [-4.09933, 39.94129], [-4.09955, 39.94057], [-4.09885, 39.94058], [-4.09863, 39.9413], [-4.09815, 39.94058], [-4.09721, 39.94059], [-4.09675, 39.94096]]]]}, "properties": {"incendio": "IN-20261008-027", "ha": 52.6, "severidad": {"baja": 51.2, "moderada": 1.3, "alta": 0.0}, "imagenes": ["2026-10-09"], "definitivo": false, "nublado": false, "una_imagen": 1.0, "fecha_antes": "2026-09-29", "fecha_despues": "2026-10-09"}}, {"type": "Feature", "geometry": {"type": "MultiPolygon", "coordinates": [[[[-1.72166, 38.58446], [-1.72144, 38.5841], [-1.72213, 38.58392], [-1.72235, 38.58447], [-1.72166, 38.58446]]], [[[-1.72047, 38.58715], [-1.71982, 38.58498], [-1.72006, 38.58426], [-1.72052, 38.58427], [-1.72119, 38.58536], [-1.72118, 38.58608], [-1.72302, 38.58574], [-1.72301, 38.58628], [-1.72209, 38.58645], [-1.72162, 38.58698], [-1.72047, 38.58715]]], [[[-1.72299, 38.58736], [-1.72345, 38.58718], [-1.72368, 38.58755], [-1.72298, 38.58772], [-1.72299, 38.58736]]], [[[-1.72207, 38.58753], [-1.72229, 38.58807], [-1.7216, 38.58824], [-1.72161, 38.58752], [-1.72207, 38.58753]]], [[[-1.71976, 38.5884], [-1.71954, 38.5875], [-1.72024, 38.58733], [-1.72067, 38.58841], [-1.71976, 38.5884]]]]}, "properties": {"incendio": "IN-20261009-006", "ha": 5.4, "severidad": {"baja": 1.5, "moderada": 3.9, "alta": 0.0}, "imagenes": ["2026-10-09"], "definitivo": false, "nublado": false, "una_imagen": 1.0, "fecha_antes": "2026-10-08", "fecha_despues": "2026-10-09"}}, {"type": "Feature", "geometry": {"type": "Polygon", "coordinates": [[[-5.09025, 37.5599], [-5.09046, 37.55935], [-5.09091, 37.55935], [-5.09113, 37.55898], [-5.09181, 37.55897], [-5.09225, 37.5586], [-5.09361, 37.55858], [-5.09381, 37.55767], [-5.09335, 37.5575], [-5.09287, 37.55661], [-5.09198, 37.55698], [-5.09039, 37.55683], [-5.09018, 37.55738], [-5.0895, 37.55739], [-5.08995, 37.55756], [-5.09022, 37.55882], [-5.08976, 37.55883], [-5.08934, 37.55991], [-5.09025, 37.5599]]]}, "properties": {"incendio": "IN-20261009-009", "ha": 7.5, "severidad": {"baja": 2.2, "moderada": 2.6, "alta": 2.8}, "imagenes": ["2026-10-09"], "definitivo": false, "nublado": false, "una_imagen": 1.0, "fecha_antes": "2026-10-01", "fecha_despues": "2026-10-09"}}, {"type": "Feature", "geometry": {"type": "Polygon", "coordinates": [[[-5.41288, 42.04311], [-5.41523, 42.04144], [-5.41595, 42.04125], [-5.41593, 42.04089], [-5.41519, 42.04036], [-5.41376, 42.04093], [-5.41206, 42.04079], [-5.4121, 42.04169], [-5.41115, 42.04225], [-5.41189, 42.04259], [-5.41215, 42.04313], [-5.41288, 42.04311]]]}, "properties": {"incendio": "IN-20261009-032", "ha": 5.9, "severidad": {"baja": 4.0, "moderada": 1.9, "alta": 0.0}, "imagenes": ["2026-10-10"], "definitivo": false, "nublado": false, "una_imagen": 1.0, "fecha_antes": "2026-10-07", "fecha_despues": "2026-10-10"}}]}